#The top of this file shows the distribution of 100 topics to each essay as assigned by the LDA algorithm.  Note that the topics shown are prompt-dependent (so for example, the first values in two lines are comparable only if the lines are associated with essays written in response to the same prompt), and you need access to the ICLE dataset to see which essays respond to which topics.
#The bottom of this file illustrates each topic LDA identified for each prompt with a few important words from each.  Additionally, on the left of each line it gives a number from 0 to 5 (when no number is present, 0 is assumed) indicating how closely related we believe the topic is to the prompt.
#The orders of topics in each section of the file are significant, as the first column of values in the first half corresponds to the first lines of topic words shown in the bottom section, the second column results correspond to the second lines of topic words, etc.

RUMO5043	0.325	0.090	0.014	0.060	0.010	0.010	0.001	0.000	0.151	0.013	0.059	0.000	0.038	0.000	0.000	0.000	0.000	0.000	0.000	0.000	0.000	0.000	0.000	0.000	0.004	0.155	0.000	0.000	0.000	0.000	0.000	0.000	0.000	0.000	0.000	0.000	0.000	0.000	0.000	0.017	0.000	0.000	0.000	0.000	0.000	0.000	0.000	0.000	0.000	0.000	0.000	0.000	0.000	0.000	0.013	0.000	0.000	0.000	0.000	0.000	0.000	0.000	0.000	0.000	0.000	0.000	0.000	0.000	0.000	0.000	0.000	0.000	0.000	0.000	0.000	0.000	0.013	0.000	0.000	0.000	0.000	0.000	0.000	0.000	0.000	0.000	0.000	0.000	0.000	0.000	0.000	0.000	0.000	0.000	0.000	0.000	0.000	0.021	0.000	0.000
FIJY1002	0.219	0.389	0.002	0.045	0.020	0.014	0.032	0.001	0.001	0.007	0.013	0.001	0.001	0.000	0.000	0.000	0.000	0.000	0.037	0.000	0.123	0.000	0.000	0.000	0.000	0.000	0.000	0.000	0.000	0.000	0.000	0.019	0.000	0.000	0.000	0.000	0.049	0.000	0.000	0.000	0.000	0.000	0.000	0.000	0.000	0.000	0.000	0.000	0.000	0.000	0.000	0.000	0.000	0.000	0.000	0.000	0.000	0.000	0.000	0.000	0.000	0.000	0.000	0.000	0.000	0.000	0.012	0.000	0.000	0.000	0.000	0.000	0.000	0.000	0.000	0.000	0.000	0.000	0.000	0.000	0.000	0.000	0.000	0.000	0.000	0.000	0.006	0.000	0.000	0.000	0.000	0.000	0.000	0.000	0.000	0.000	0.000	0.000	0.000	0.000
FIJY1071	0.361	0.237	0.002	0.007	0.032	0.052	0.062	0.000	0.001	0.001	0.001	0.001	0.000	0.000	0.000	0.000	0.000	0.000	0.005	0.011	0.000	0.000	0.000	0.000	0.000	0.031	0.000	0.000	0.000	0.000	0.000	0.000	0.000	0.097	0.000	0.000	0.092	0.000	0.000	0.000	0.000	0.000	0.000	0.000	0.000	0.000	0.000	0.000	0.000	0.000	0.000	0.000	0.000	0.000	0.000	0.000	0.000	0.000	0.000	0.000	0.000	0.000	0.000	0.000	0.000	0.000	0.000	0.000	0.000	0.000	0.000	0.000	0.000	0.000	0.000	0.000	0.000	0.000	0.000	0.000	0.000	0.000	0.000	0.000	0.000	0.000	0.000	0.000	0.000	0.000	0.000	0.000	0.000	0.000	0.000	0.000	0.000	0.000	0.000	0.000
FRUC3095	0.284	0.026	0.104	0.007	0.137	0.001	0.005	0.000	0.005	0.164	0.001	0.001	0.000	0.000	0.000	0.000	0.000	0.005	0.000	0.000	0.000	0.000	0.000	0.000	0.000	0.000	0.000	0.000	0.000	0.000	0.000	0.000	0.000	0.000	0.000	0.000	0.000	0.000	0.000	0.000	0.000	0.005	0.000	0.000	0.000	0.000	0.000	0.000	0.000	0.000	0.005	0.000	0.000	0.000	0.000	0.000	0.000	0.000	0.000	0.000	0.000	0.000	0.000	0.000	0.000	0.000	0.000	0.005	0.000	0.000	0.000	0.000	0.112	0.000	0.000	0.000	0.000	0.000	0.000	0.126	0.000	0.000	0.000	0.000	0.000	0.000	0.000	0.000	0.000	0.000	0.000	0.000	0.000	0.000	0.000	0.000	0.000	0.000	0.000	0.000
RUMO5032	0.542	0.063	0.027	0.056	0.001	0.110	0.011	0.000	0.000	0.000	0.000	0.000	0.000	0.011	0.000	0.076	0.000	0.000	0.000	0.000	0.000	0.000	0.000	0.007	0.000	0.000	0.000	0.000	0.051	0.000	0.000	0.000	0.000	0.000	0.000	0.000	0.018	0.000	0.000	0.000	0.000	0.000	0.000	0.000	0.000	0.000	0.000	0.000	0.000	0.000	0.000	0.000	0.000	0.000	0.000	0.000	0.000	0.000	0.000	0.000	0.000	0.000	0.000	0.000	0.000	0.000	0.000	0.000	0.000	0.000	0.000	0.000	0.015	0.000	0.000	0.000	0.004	0.000	0.000	0.000	0.000	0.000	0.000	0.000	0.000	0.000	0.000	0.000	0.000	0.000	0.000	0.000	0.000	0.000	0.000	0.000	0.000	0.000	0.000	0.000
NOHO1038	0.307	0.086	0.002	0.121	0.015	0.001	0.005	0.000	0.001	0.000	0.001	0.036	0.000	0.159	0.009	0.000	0.000	0.000	0.000	0.000	0.000	0.000	0.000	0.018	0.000	0.000	0.000	0.000	0.000	0.005	0.000	0.000	0.000	0.000	0.000	0.000	0.048	0.031	0.000	0.000	0.000	0.000	0.000	0.000	0.000	0.000	0.004	0.000	0.000	0.000	0.000	0.000	0.000	0.000	0.000	0.000	0.000	0.000	0.000	0.128	0.000	0.000	0.000	0.013	0.000	0.000	0.004	0.000	0.000	0.000	0.000	0.000	0.000	0.000	0.000	0.000	0.000	0.000	0.000	0.000	0.000	0.000	0.000	0.000	0.000	0.000	0.000	0.000	0.000	0.000	0.000	0.000	0.000	0.000	0.000	0.000	0.000	0.000	0.000	0.000
FIJY1017	0.264	0.216	0.021	0.007	0.030	0.063	0.001	0.000	0.010	0.005	0.001	0.029	0.015	0.000	0.000	0.000	0.000	0.000	0.000	0.000	0.000	0.000	0.000	0.000	0.000	0.000	0.014	0.000	0.000	0.000	0.000	0.000	0.000	0.038	0.000	0.000	0.000	0.000	0.000	0.000	0.000	0.000	0.000	0.256	0.000	0.000	0.000	0.000	0.000	0.000	0.000	0.000	0.000	0.000	0.000	0.000	0.000	0.000	0.000	0.000	0.000	0.000	0.000	0.000	0.000	0.000	0.024	0.000	0.000	0.000	0.000	0.000	0.000	0.000	0.000	0.000	0.000	0.000	0.000	0.000	0.000	0.000	0.000	0.000	0.000	0.000	0.000	0.000	0.000	0.000	0.000	0.000	0.000	0.000	0.000	0.000	0.000	0.000	0.000	0.000
NOUO1086	0.531	0.101	0.072	0.016	0.011	0.034	0.005	0.000	0.001	0.001	0.005	0.005	0.000	0.042	0.000	0.159	0.000	0.000	0.000	0.000	0.000	0.000	0.000	0.000	0.000	0.000	0.000	0.000	0.000	0.000	0.000	0.000	0.000	0.000	0.000	0.000	0.000	0.000	0.000	0.000	0.000	0.000	0.000	0.000	0.000	0.000	0.000	0.000	0.000	0.000	0.000	0.000	0.000	0.000	0.000	0.000	0.000	0.000	0.000	0.000	0.000	0.000	0.000	0.000	0.000	0.000	0.000	0.000	0.000	0.000	0.000	0.000	0.000	0.000	0.000	0.000	0.000	0.000	0.000	0.000	0.000	0.000	0.000	0.000	0.000	0.000	0.000	0.000	0.000	0.000	0.000	0.000	0.000	0.000	0.000	0.000	0.000	0.009	0.000	0.000
RUMO5004	0.533	0.054	0.001	0.028	0.001	0.027	0.001	0.000	0.013	0.000	0.048	0.031	0.000	0.000	0.017	0.000	0.000	0.000	0.000	0.000	0.000	0.000	0.060	0.000	0.000	0.000	0.000	0.000	0.000	0.004	0.000	0.000	0.000	0.000	0.000	0.000	0.000	0.000	0.000	0.017	0.000	0.000	0.000	0.000	0.000	0.000	0.009	0.000	0.000	0.000	0.000	0.000	0.000	0.000	0.000	0.000	0.000	0.000	0.000	0.000	0.000	0.000	0.000	0.000	0.112	0.000	0.000	0.017	0.000	0.000	0.000	0.000	0.000	0.000	0.000	0.000	0.000	0.000	0.000	0.000	0.000	0.004	0.000	0.000	0.000	0.000	0.000	0.009	0.000	0.000	0.000	0.000	0.000	0.000	0.000	0.004	0.000	0.000	0.000	0.000
RUMO3006	0.525	0.024	0.002	0.002	0.071	0.023	0.001	0.016	0.001	0.001	0.001	0.001	0.000	0.000	0.011	0.000	0.000	0.006	0.000	0.000	0.000	0.000	0.000	0.000	0.000	0.000	0.000	0.000	0.000	0.000	0.000	0.000	0.000	0.000	0.000	0.000	0.000	0.000	0.000	0.000	0.000	0.000	0.000	0.000	0.000	0.297	0.000	0.000	0.011	0.000	0.000	0.000	0.000	0.000	0.000	0.000	0.000	0.000	0.000	0.000	0.000	0.000	0.000	0.000	0.000	0.000	0.000	0.000	0.000	0.000	0.000	0.000	0.000	0.000	0.000	0.000	0.000	0.000	0.000	0.000	0.000	0.000	0.000	0.000	0.000	0.000	0.000	0.000	0.000	0.000	0.000	0.000	0.000	0.000	0.000	0.000	0.000	0.000	0.000	0.000
CZKR1003	0.402	0.026	0.128	0.002	0.002	0.001	0.001	0.000	0.001	0.010	0.001	0.001	0.000	0.000	0.000	0.000	0.075	0.000	0.000	0.000	0.014	0.000	0.000	0.000	0.000	0.000	0.000	0.000	0.000	0.000	0.272	0.000	0.000	0.000	0.000	0.033	0.000	0.000	0.000	0.000	0.000	0.000	0.000	0.000	0.000	0.000	0.019	0.000	0.000	0.000	0.000	0.000	0.000	0.000	0.000	0.000	0.000	0.000	0.000	0.000	0.000	0.000	0.000	0.000	0.000	0.000	0.000	0.000	0.000	0.000	0.000	0.000	0.000	0.000	0.000	0.000	0.000	0.000	0.000	0.000	0.000	0.000	0.000	0.000	0.000	0.000	0.000	0.000	0.000	0.005	0.000	0.000	0.000	0.000	0.000	0.000	0.000	0.000	0.000	0.000
RUMO2022	0.298	0.003	0.176	0.051	0.105	0.061	0.001	0.000	0.001	0.001	0.001	0.001	0.001	0.000	0.000	0.000	0.027	0.000	0.000	0.000	0.000	0.000	0.033	0.000	0.000	0.163	0.000	0.000	0.000	0.006	0.038	0.000	0.000	0.000	0.000	0.000	0.000	0.000	0.022	0.000	0.000	0.000	0.000	0.000	0.000	0.000	0.000	0.000	0.000	0.000	0.000	0.000	0.000	0.000	0.000	0.000	0.000	0.000	0.000	0.000	0.000	0.000	0.000	0.000	0.000	0.000	0.000	0.000	0.000	0.000	0.000	0.000	0.000	0.006	0.000	0.000	0.000	0.000	0.000	0.000	0.000	0.000	0.000	0.000	0.000	0.000	0.000	0.000	0.000	0.000	0.000	0.000	0.000	0.000	0.000	0.000	0.000	0.000	0.000	0.000
NOUO1078	0.328	0.066	0.091	0.053	0.040	0.057	0.001	0.000	0.001	0.000	0.035	0.000	0.000	0.013	0.000	0.000	0.000	0.000	0.000	0.000	0.000	0.000	0.000	0.000	0.000	0.000	0.000	0.064	0.000	0.000	0.000	0.000	0.243	0.000	0.000	0.000	0.000	0.000	0.000	0.000	0.000	0.000	0.000	0.000	0.000	0.000	0.000	0.000	0.000	0.000	0.000	0.000	0.000	0.000	0.000	0.000	0.000	0.000	0.000	0.000	0.000	0.000	0.000	0.000	0.000	0.000	0.000	0.000	0.000	0.000	0.000	0.000	0.000	0.000	0.000	0.000	0.000	0.000	0.000	0.000	0.000	0.000	0.000	0.000	0.000	0.000	0.000	0.000	0.000	0.000	0.000	0.000	0.000	0.000	0.000	0.000	0.000	0.000	0.000	0.000
DBAN1014	0.328	0.029	0.357	0.065	0.007	0.002	0.001	0.037	0.006	0.001	0.001	0.069	0.042	0.000	0.000	0.000	0.000	0.000	0.000	0.000	0.011	0.000	0.000	0.005	0.000	0.000	0.026	0.000	0.000	0.000	0.000	0.000	0.000	0.000	0.000	0.000	0.000	0.000	0.000	0.000	0.000	0.000	0.000	0.000	0.000	0.000	0.000	0.000	0.000	0.000	0.000	0.000	0.000	0.000	0.000	0.000	0.000	0.000	0.000	0.000	0.000	0.000	0.000	0.000	0.000	0.000	0.000	0.000	0.000	0.000	0.000	0.000	0.000	0.000	0.000	0.000	0.005	0.000	0.000	0.000	0.000	0.000	0.000	0.000	0.000	0.000	0.000	0.000	0.000	0.000	0.000	0.000	0.000	0.000	0.000	0.000	0.000	0.000	0.000	0.000
NOUO2022	0.541	0.117	0.001	0.002	0.006	0.044	0.001	0.013	0.001	0.000	0.001	0.017	0.000	0.208	0.000	0.000	0.000	0.000	0.000	0.038	0.000	0.000	0.000	0.000	0.000	0.000	0.000	0.000	0.000	0.000	0.000	0.000	0.004	0.000	0.000	0.000	0.000	0.000	0.000	0.000	0.000	0.000	0.000	0.000	0.000	0.000	0.000	0.000	0.000	0.000	0.000	0.000	0.000	0.000	0.000	0.000	0.000	0.000	0.000	0.000	0.000	0.000	0.000	0.000	0.000	0.000	0.000	0.000	0.000	0.000	0.000	0.000	0.000	0.000	0.000	0.000	0.000	0.000	0.000	0.000	0.000	0.000	0.000	0.000	0.000	0.000	0.000	0.000	0.000	0.000	0.000	0.000	0.000	0.000	0.000	0.000	0.000	0.000	0.000	0.000
FRUC3070	0.383	0.002	0.019	0.002	0.147	0.091	0.124	0.000	0.001	0.000	0.052	0.000	0.000	0.000	0.000	0.000	0.000	0.000	0.000	0.000	0.000	0.000	0.000	0.000	0.000	0.000	0.000	0.000	0.000	0.000	0.051	0.000	0.000	0.000	0.000	0.000	0.000	0.000	0.000	0.000	0.000	0.000	0.000	0.000	0.000	0.000	0.000	0.000	0.000	0.000	0.000	0.000	0.000	0.000	0.000	0.000	0.000	0.000	0.000	0.000	0.000	0.000	0.000	0.000	0.000	0.000	0.000	0.004	0.000	0.030	0.000	0.000	0.000	0.000	0.000	0.000	0.000	0.000	0.000	0.000	0.000	0.000	0.000	0.000	0.000	0.000	0.000	0.060	0.000	0.000	0.000	0.000	0.026	0.000	0.000	0.000	0.000	0.000	0.000	0.000
FIHE1012	0.458	0.105	0.001	0.022	0.034	0.087	0.013	0.000	0.050	0.017	0.001	0.000	0.033	0.000	0.000	0.000	0.000	0.000	0.000	0.000	0.000	0.000	0.000	0.000	0.000	0.029	0.000	0.000	0.000	0.025	0.000	0.000	0.000	0.111	0.000	0.000	0.000	0.000	0.000	0.000	0.000	0.004	0.000	0.000	0.000	0.000	0.000	0.004	0.000	0.000	0.000	0.000	0.000	0.000	0.000	0.000	0.000	0.000	0.000	0.000	0.000	0.000	0.000	0.000	0.000	0.000	0.000	0.000	0.000	0.000	0.000	0.000	0.000	0.000	0.000	0.000	0.000	0.000	0.000	0.000	0.000	0.000	0.000	0.000	0.000	0.000	0.000	0.000	0.000	0.000	0.000	0.000	0.000	0.000	0.000	0.000	0.000	0.000	0.000	0.000
RUMO2007	0.454	0.091	0.002	0.095	0.024	0.046	0.001	0.000	0.001	0.001	0.110	0.001	0.001	0.000	0.000	0.000	0.000	0.006	0.000	0.000	0.000	0.000	0.000	0.011	0.000	0.000	0.000	0.000	0.000	0.000	0.000	0.000	0.000	0.000	0.000	0.000	0.000	0.000	0.000	0.006	0.000	0.000	0.000	0.000	0.000	0.000	0.000	0.000	0.000	0.000	0.000	0.000	0.011	0.000	0.000	0.000	0.000	0.000	0.000	0.000	0.000	0.000	0.000	0.000	0.011	0.000	0.000	0.000	0.000	0.000	0.000	0.000	0.000	0.000	0.000	0.000	0.000	0.000	0.000	0.000	0.000	0.000	0.000	0.099	0.000	0.000	0.000	0.000	0.000	0.000	0.000	0.000	0.000	0.022	0.000	0.000	0.000	0.000	0.000	0.000
SPM07006	0.598	0.012	0.002	0.039	0.029	0.011	0.001	0.196	0.005	0.005	0.001	0.000	0.000	0.000	0.000	0.028	0.000	0.000	0.000	0.000	0.000	0.000	0.000	0.000	0.000	0.000	0.000	0.009	0.000	0.000	0.000	0.000	0.000	0.000	0.000	0.000	0.000	0.000	0.000	0.000	0.000	0.000	0.005	0.000	0.000	0.000	0.000	0.000	0.000	0.000	0.000	0.014	0.000	0.000	0.000	0.000	0.000	0.000	0.000	0.000	0.000	0.000	0.028	0.000	0.000	0.000	0.000	0.000	0.000	0.000	0.005	0.000	0.000	0.000	0.000	0.000	0.000	0.000	0.000	0.000	0.000	0.000	0.000	0.000	0.000	0.000	0.000	0.005	0.000	0.000	0.000	0.000	0.000	0.000	0.000	0.000	0.000	0.000	0.000	0.000
RUMO5039	0.456	0.007	0.037	0.002	0.001	0.051	0.090	0.000	0.001	0.000	0.001	0.000	0.000	0.000	0.032	0.000	0.009	0.009	0.000	0.027	0.023	0.000	0.000	0.000	0.000	0.000	0.000	0.000	0.000	0.108	0.000	0.000	0.000	0.000	0.000	0.000	0.000	0.000	0.000	0.000	0.000	0.000	0.000	0.009	0.000	0.000	0.000	0.072	0.000	0.000	0.000	0.000	0.000	0.000	0.000	0.000	0.000	0.000	0.000	0.000	0.000	0.000	0.000	0.000	0.036	0.000	0.000	0.000	0.000	0.000	0.000	0.009	0.000	0.000	0.000	0.009	0.000	0.000	0.000	0.000	0.000	0.005	0.000	0.000	0.000	0.000	0.000	0.000	0.000	0.000	0.000	0.000	0.000	0.000	0.000	0.000	0.000	0.000	0.000	0.000
RUMO5006	0.349	0.003	0.012	0.028	0.033	0.002	0.124	0.011	0.001	0.001	0.001	0.001	0.000	0.005	0.005	0.000	0.011	0.000	0.108	0.000	0.000	0.000	0.000	0.000	0.000	0.000	0.000	0.005	0.000	0.036	0.000	0.000	0.088	0.000	0.000	0.149	0.000	0.000	0.000	0.000	0.000	0.000	0.021	0.000	0.000	0.000	0.000	0.000	0.000	0.000	0.000	0.000	0.000	0.000	0.000	0.000	0.000	0.000	0.000	0.000	0.000	0.000	0.000	0.000	0.000	0.000	0.000	0.000	0.000	0.000	0.000	0.000	0.000	0.000	0.000	0.000	0.000	0.000	0.000	0.000	0.000	0.000	0.000	0.000	0.000	0.000	0.000	0.000	0.000	0.000	0.000	0.000	0.000	0.000	0.000	0.000	0.000	0.000	0.000	0.000
CZKR1004	0.413	0.027	0.071	0.043	0.026	0.034	0.234	0.000	0.001	0.000	0.074	0.005	0.004	0.000	0.000	0.000	0.013	0.000	0.000	0.000	0.000	0.000	0.000	0.004	0.000	0.000	0.000	0.000	0.000	0.000	0.000	0.000	0.000	0.000	0.000	0.004	0.000	0.000	0.000	0.000	0.000	0.000	0.000	0.000	0.000	0.000	0.000	0.000	0.000	0.000	0.000	0.000	0.000	0.000	0.000	0.000	0.000	0.000	0.000	0.000	0.000	0.000	0.000	0.000	0.000	0.000	0.000	0.000	0.000	0.000	0.000	0.000	0.000	0.000	0.000	0.041	0.000	0.000	0.000	0.000	0.000	0.000	0.000	0.000	0.000	0.000	0.000	0.000	0.000	0.000	0.000	0.000	0.000	0.000	0.000	0.000	0.000	0.000	0.000	0.000
NOUO1043	0.216	0.179	0.022	0.019	0.188	0.096	0.000	0.000	0.039	0.000	0.000	0.012	0.000	0.169	0.000	0.000	0.000	0.000	0.000	0.000	0.000	0.000	0.000	0.000	0.000	0.000	0.000	0.000	0.000	0.000	0.000	0.000	0.000	0.000	0.000	0.000	0.000	0.000	0.000	0.003	0.000	0.048	0.000	0.000	0.000	0.000	0.000	0.000	0.003	0.000	0.000	0.000	0.000	0.000	0.000	0.000	0.000	0.000	0.000	0.000	0.000	0.000	0.000	0.000	0.000	0.000	0.000	0.000	0.000	0.000	0.000	0.000	0.000	0.000	0.000	0.000	0.000	0.000	0.000	0.000	0.000	0.000	0.000	0.000	0.000	0.000	0.000	0.000	0.000	0.000	0.000	0.000	0.000	0.000	0.000	0.000	0.000	0.000	0.000	0.000
SPM04026	0.304	0.011	0.014	0.131	0.033	0.004	0.010	0.086	0.099	0.004	0.000	0.000	0.045	0.000	0.000	0.000	0.000	0.000	0.000	0.016	0.000	0.003	0.000	0.000	0.000	0.000	0.000	0.000	0.000	0.000	0.000	0.000	0.000	0.000	0.035	0.000	0.000	0.035	0.000	0.000	0.000	0.000	0.000	0.000	0.000	0.000	0.000	0.000	0.000	0.000	0.000	0.000	0.000	0.000	0.003	0.000	0.000	0.000	0.000	0.000	0.000	0.019	0.000	0.000	0.000	0.000	0.000	0.000	0.000	0.000	0.000	0.000	0.000	0.000	0.000	0.000	0.105	0.000	0.000	0.000	0.000	0.000	0.000	0.010	0.000	0.000	0.000	0.000	0.000	0.000	0.000	0.000	0.000	0.000	0.000	0.000	0.029	0.000	0.000	0.000
FIJY1074	0.376	0.223	0.001	0.018	0.022	0.071	0.009	0.000	0.001	0.000	0.001	0.000	0.000	0.008	0.004	0.000	0.000	0.021	0.000	0.000	0.000	0.000	0.000	0.000	0.000	0.000	0.000	0.037	0.000	0.012	0.000	0.000	0.000	0.000	0.000	0.000	0.000	0.000	0.000	0.000	0.000	0.008	0.000	0.041	0.000	0.000	0.000	0.000	0.000	0.000	0.000	0.000	0.000	0.000	0.000	0.000	0.000	0.000	0.000	0.000	0.000	0.008	0.000	0.016	0.000	0.000	0.000	0.115	0.000	0.000	0.000	0.000	0.000	0.000	0.000	0.000	0.000	0.000	0.000	0.000	0.000	0.000	0.000	0.000	0.000	0.000	0.000	0.000	0.000	0.000	0.000	0.000	0.000	0.000	0.000	0.000	0.000	0.000	0.000	0.000
RUMO5036	0.413	0.012	0.050	0.007	0.006	0.001	0.171	0.000	0.001	0.010	0.040	0.001	0.074	0.112	0.000	0.000	0.000	0.000	0.000	0.000	0.000	0.000	0.000	0.005	0.000	0.000	0.000	0.000	0.000	0.000	0.000	0.000	0.000	0.000	0.000	0.000	0.000	0.000	0.000	0.000	0.000	0.000	0.000	0.000	0.000	0.000	0.000	0.000	0.000	0.000	0.000	0.000	0.000	0.000	0.000	0.000	0.000	0.000	0.010	0.000	0.000	0.000	0.000	0.000	0.000	0.000	0.000	0.000	0.000	0.000	0.000	0.000	0.000	0.000	0.000	0.000	0.000	0.000	0.000	0.000	0.000	0.000	0.000	0.000	0.000	0.000	0.000	0.000	0.000	0.000	0.000	0.078	0.000	0.000	0.000	0.000	0.000	0.000	0.000	0.000
DBAN1003	0.384	0.002	0.006	0.002	0.041	0.041	0.005	0.036	0.001	0.000	0.001	0.000	0.288	0.000	0.000	0.000	0.000	0.000	0.000	0.000	0.097	0.000	0.000	0.000	0.000	0.000	0.000	0.036	0.000	0.000	0.000	0.013	0.000	0.000	0.000	0.000	0.000	0.000	0.000	0.000	0.000	0.000	0.000	0.000	0.000	0.000	0.000	0.000	0.000	0.000	0.000	0.000	0.000	0.000	0.000	0.000	0.000	0.000	0.000	0.027	0.000	0.000	0.000	0.000	0.000	0.000	0.000	0.000	0.000	0.000	0.000	0.000	0.000	0.000	0.000	0.000	0.013	0.000	0.000	0.000	0.000	0.000	0.000	0.000	0.000	0.000	0.000	0.000	0.000	0.000	0.000	0.000	0.000	0.000	0.000	0.000	0.000	0.000	0.000	0.000
FRUC3060	0.298	0.008	0.181	0.018	0.235	0.007	0.012	0.000	0.006	0.120	0.001	0.001	0.001	0.000	0.000	0.000	0.000	0.000	0.022	0.000	0.000	0.000	0.000	0.000	0.000	0.000	0.000	0.000	0.000	0.000	0.000	0.006	0.000	0.000	0.000	0.000	0.000	0.049	0.000	0.000	0.000	0.000	0.000	0.000	0.000	0.000	0.000	0.000	0.000	0.027	0.000	0.000	0.000	0.000	0.000	0.000	0.000	0.000	0.000	0.000	0.000	0.000	0.000	0.000	0.000	0.000	0.000	0.000	0.000	0.000	0.000	0.000	0.000	0.000	0.000	0.000	0.000	0.000	0.000	0.000	0.000	0.000	0.000	0.000	0.000	0.000	0.000	0.000	0.000	0.000	0.000	0.000	0.000	0.000	0.000	0.000	0.000	0.000	0.000	0.000
RUMO9001	0.464	0.002	0.029	0.038	0.001	0.016	0.000	0.003	0.059	0.105	0.007	0.000	0.000	0.000	0.206	0.000	0.000	0.016	0.000	0.000	0.000	0.000	0.000	0.000	0.000	0.000	0.000	0.000	0.000	0.000	0.000	0.043	0.000	0.000	0.000	0.000	0.000	0.000	0.000	0.000	0.000	0.003	0.000	0.000	0.000	0.000	0.000	0.000	0.000	0.000	0.000	0.000	0.000	0.000	0.000	0.000	0.000	0.000	0.000	0.000	0.000	0.000	0.000	0.000	0.000	0.000	0.000	0.000	0.000	0.000	0.000	0.000	0.000	0.000	0.000	0.003	0.000	0.000	0.000	0.000	0.000	0.000	0.000	0.000	0.000	0.000	0.000	0.000	0.000	0.000	0.000	0.000	0.000	0.000	0.000	0.000	0.000	0.000	0.000	0.000
FIJY1053	0.351	0.093	0.092	0.013	0.001	0.001	0.052	0.000	0.020	0.095	0.008	0.000	0.000	0.000	0.000	0.000	0.000	0.000	0.012	0.000	0.000	0.000	0.123	0.000	0.000	0.000	0.000	0.000	0.000	0.000	0.000	0.000	0.000	0.000	0.000	0.000	0.130	0.000	0.000	0.000	0.000	0.000	0.000	0.000	0.000	0.000	0.000	0.000	0.000	0.000	0.000	0.000	0.000	0.000	0.000	0.000	0.000	0.000	0.000	0.000	0.000	0.000	0.000	0.000	0.000	0.000	0.000	0.000	0.000	0.000	0.000	0.000	0.000	0.000	0.000	0.000	0.000	0.000	0.000	0.000	0.000	0.000	0.000	0.000	0.000	0.000	0.000	0.000	0.000	0.000	0.000	0.000	0.000	0.000	0.000	0.000	0.000	0.000	0.000	0.000
FIJY1069	0.308	0.259	0.001	0.038	0.001	0.001	0.005	0.000	0.000	0.069	0.001	0.000	0.012	0.000	0.000	0.000	0.000	0.000	0.004	0.000	0.052	0.000	0.000	0.000	0.132	0.000	0.000	0.084	0.000	0.000	0.000	0.000	0.000	0.000	0.000	0.000	0.000	0.000	0.000	0.000	0.000	0.000	0.000	0.000	0.000	0.000	0.000	0.000	0.000	0.000	0.000	0.000	0.000	0.000	0.024	0.000	0.000	0.000	0.000	0.000	0.000	0.000	0.000	0.000	0.000	0.000	0.000	0.000	0.000	0.000	0.000	0.000	0.000	0.000	0.000	0.000	0.000	0.000	0.000	0.000	0.000	0.000	0.000	0.000	0.000	0.000	0.000	0.000	0.000	0.000	0.000	0.000	0.000	0.000	0.000	0.000	0.000	0.000	0.000	0.000
NOUO1033	0.512	0.310	0.019	0.002	0.046	0.007	0.001	0.001	0.006	0.001	0.001	0.001	0.001	0.078	0.006	0.000	0.000	0.000	0.000	0.000	0.000	0.000	0.000	0.000	0.000	0.000	0.000	0.000	0.000	0.000	0.000	0.000	0.000	0.000	0.000	0.000	0.000	0.000	0.000	0.000	0.000	0.000	0.000	0.000	0.000	0.000	0.000	0.000	0.000	0.000	0.000	0.000	0.000	0.000	0.000	0.000	0.000	0.000	0.000	0.000	0.000	0.000	0.000	0.000	0.000	0.000	0.000	0.000	0.000	0.000	0.000	0.000	0.000	0.000	0.000	0.000	0.000	0.000	0.000	0.000	0.000	0.000	0.000	0.000	0.000	0.000	0.000	0.000	0.000	0.000	0.000	0.000	0.000	0.000	0.000	0.000	0.000	0.000	0.000	0.000
CZPR2044	0.646	0.010	0.070	0.003	0.009	0.002	0.001	0.001	0.001	0.007	0.008	0.001	0.001	0.000	0.000	0.000	0.000	0.001	0.000	0.014	0.000	0.007	0.000	0.000	0.000	0.000	0.000	0.000	0.000	0.000	0.000	0.000	0.000	0.000	0.000	0.000	0.000	0.000	0.000	0.000	0.000	0.000	0.000	0.000	0.000	0.000	0.000	0.209	0.000	0.000	0.000	0.000	0.000	0.000	0.000	0.000	0.000	0.000	0.000	0.000	0.000	0.000	0.000	0.000	0.000	0.000	0.000	0.000	0.000	0.000	0.000	0.000	0.000	0.000	0.000	0.000	0.000	0.000	0.000	0.000	0.000	0.000	0.000	0.000	0.000	0.000	0.000	0.000	0.000	0.000	0.000	0.000	0.000	0.000	0.000	0.000	0.000	0.000	0.000	0.000
SPM04004	0.451	0.002	0.002	0.067	0.006	0.006	0.001	0.278	0.001	0.000	0.001	0.000	0.000	0.000	0.000	0.000	0.000	0.005	0.000	0.000	0.000	0.000	0.000	0.000	0.000	0.000	0.000	0.000	0.000	0.000	0.000	0.000	0.000	0.000	0.000	0.000	0.000	0.000	0.000	0.000	0.000	0.000	0.000	0.000	0.000	0.000	0.000	0.000	0.000	0.000	0.000	0.000	0.000	0.000	0.000	0.000	0.000	0.000	0.000	0.000	0.000	0.000	0.000	0.000	0.000	0.000	0.000	0.000	0.000	0.000	0.000	0.000	0.000	0.000	0.169	0.000	0.000	0.000	0.000	0.000	0.000	0.000	0.000	0.004	0.000	0.000	0.000	0.000	0.000	0.000	0.000	0.000	0.000	0.000	0.000	0.000	0.000	0.000	0.000	0.000
NOUO2023	0.480	0.093	0.002	0.016	0.030	0.001	0.001	0.000	0.001	0.039	0.005	0.010	0.091	0.057	0.000	0.000	0.000	0.000	0.048	0.000	0.034	0.000	0.000	0.000	0.000	0.000	0.000	0.000	0.000	0.033	0.000	0.000	0.000	0.000	0.000	0.000	0.000	0.000	0.000	0.000	0.000	0.000	0.000	0.000	0.000	0.000	0.000	0.000	0.000	0.000	0.000	0.000	0.000	0.000	0.000	0.000	0.000	0.000	0.000	0.000	0.000	0.000	0.000	0.000	0.000	0.000	0.000	0.000	0.000	0.000	0.033	0.000	0.000	0.000	0.000	0.000	0.000	0.000	0.000	0.000	0.000	0.000	0.000	0.000	0.000	0.000	0.000	0.000	0.000	0.000	0.000	0.000	0.000	0.000	0.000	0.019	0.000	0.000	0.000	0.000
SPM04010	0.461	0.054	0.034	0.002	0.006	0.001	0.001	0.098	0.001	0.001	0.108	0.001	0.000	0.000	0.000	0.000	0.000	0.000	0.000	0.000	0.000	0.000	0.005	0.000	0.000	0.000	0.000	0.000	0.000	0.000	0.000	0.000	0.000	0.000	0.000	0.000	0.000	0.000	0.000	0.000	0.000	0.000	0.000	0.000	0.000	0.000	0.000	0.000	0.000	0.000	0.000	0.005	0.000	0.205	0.000	0.000	0.000	0.000	0.000	0.000	0.000	0.000	0.000	0.000	0.000	0.000	0.000	0.000	0.000	0.000	0.000	0.000	0.000	0.000	0.000	0.009	0.000	0.000	0.000	0.000	0.000	0.000	0.000	0.000	0.000	0.000	0.000	0.000	0.000	0.000	0.000	0.000	0.000	0.000	0.000	0.000	0.000	0.000	0.000	0.000
FIJY1001	0.406	0.055	0.059	0.048	0.002	0.019	0.007	0.001	0.041	0.001	0.001	0.001	0.001	0.000	0.000	0.000	0.000	0.000	0.018	0.000	0.000	0.000	0.000	0.000	0.000	0.000	0.046	0.000	0.000	0.000	0.000	0.000	0.000	0.000	0.000	0.000	0.000	0.000	0.000	0.000	0.000	0.000	0.000	0.000	0.000	0.000	0.000	0.000	0.000	0.000	0.000	0.000	0.218	0.000	0.000	0.052	0.000	0.000	0.000	0.000	0.000	0.000	0.000	0.000	0.000	0.000	0.000	0.000	0.000	0.000	0.000	0.000	0.000	0.000	0.000	0.000	0.000	0.000	0.000	0.000	0.000	0.000	0.000	0.006	0.000	0.000	0.012	0.000	0.000	0.000	0.000	0.000	0.000	0.000	0.000	0.000	0.000	0.000	0.000	0.000
FIJY1015	0.377	0.153	0.002	0.002	0.068	0.086	0.005	0.000	0.001	0.000	0.072	0.009	0.000	0.000	0.000	0.000	0.000	0.000	0.000	0.000	0.000	0.000	0.000	0.000	0.000	0.000	0.000	0.000	0.000	0.000	0.000	0.000	0.000	0.000	0.000	0.000	0.000	0.000	0.000	0.036	0.000	0.000	0.000	0.000	0.000	0.000	0.000	0.000	0.000	0.000	0.000	0.000	0.000	0.000	0.000	0.000	0.000	0.000	0.000	0.000	0.000	0.000	0.182	0.000	0.000	0.000	0.000	0.000	0.000	0.000	0.000	0.000	0.000	0.000	0.000	0.000	0.000	0.000	0.000	0.000	0.000	0.000	0.000	0.000	0.000	0.000	0.000	0.000	0.000	0.000	0.000	0.000	0.000	0.000	0.000	0.000	0.000	0.000	0.000	0.000
FIHE1025	0.496	0.129	0.016	0.002	0.011	0.001	0.001	0.000	0.001	0.001	0.001	0.001	0.000	0.000	0.000	0.015	0.000	0.000	0.000	0.005	0.000	0.000	0.307	0.000	0.000	0.000	0.000	0.000	0.000	0.000	0.000	0.000	0.000	0.000	0.000	0.000	0.000	0.000	0.000	0.000	0.000	0.000	0.000	0.000	0.000	0.000	0.000	0.005	0.000	0.000	0.000	0.000	0.000	0.000	0.000	0.000	0.000	0.000	0.000	0.000	0.000	0.000	0.000	0.000	0.000	0.000	0.000	0.000	0.000	0.000	0.000	0.000	0.000	0.000	0.000	0.000	0.000	0.000	0.000	0.000	0.000	0.000	0.000	0.000	0.000	0.000	0.000	0.000	0.000	0.000	0.000	0.000	0.000	0.000	0.000	0.000	0.000	0.000	0.000	0.000
FIJY1057	0.403	0.373	0.002	0.002	0.040	0.078	0.001	0.019	0.001	0.001	0.001	0.015	0.000	0.000	0.000	0.000	0.000	0.000	0.000	0.000	0.000	0.000	0.000	0.000	0.000	0.000	0.000	0.000	0.000	0.000	0.000	0.000	0.000	0.000	0.000	0.000	0.000	0.000	0.000	0.000	0.000	0.000	0.000	0.000	0.000	0.000	0.000	0.000	0.000	0.000	0.000	0.000	0.000	0.000	0.000	0.000	0.000	0.048	0.000	0.000	0.000	0.000	0.010	0.000	0.000	0.000	0.000	0.000	0.000	0.000	0.000	0.000	0.000	0.000	0.000	0.000	0.000	0.000	0.000	0.000	0.000	0.000	0.000	0.000	0.000	0.000	0.000	0.000	0.000	0.000	0.000	0.000	0.000	0.000	0.000	0.000	0.000	0.000	0.000	0.000
SPM03013	0.361	0.092	0.034	0.003	0.034	0.002	0.001	0.001	0.052	0.001	0.001	0.001	0.007	0.000	0.000	0.000	0.013	0.007	0.000	0.109	0.000	0.274	0.000	0.000	0.000	0.000	0.000	0.000	0.000	0.000	0.000	0.000	0.000	0.000	0.000	0.000	0.000	0.000	0.000	0.000	0.000	0.000	0.000	0.000	0.000	0.000	0.000	0.000	0.000	0.000	0.000	0.000	0.000	0.000	0.000	0.000	0.000	0.000	0.000	0.000	0.000	0.000	0.000	0.000	0.000	0.000	0.000	0.000	0.000	0.000	0.000	0.000	0.000	0.000	0.000	0.000	0.000	0.000	0.000	0.000	0.000	0.000	0.000	0.000	0.000	0.000	0.000	0.000	0.000	0.000	0.000	0.000	0.000	0.000	0.000	0.000	0.000	0.000	0.000	0.000
CZUN1006	0.472	0.026	0.134	0.002	0.002	0.011	0.076	0.000	0.001	0.001	0.001	0.001	0.000	0.005	0.000	0.000	0.038	0.000	0.000	0.000	0.010	0.000	0.000	0.024	0.000	0.000	0.000	0.000	0.000	0.000	0.000	0.000	0.000	0.000	0.000	0.000	0.000	0.000	0.000	0.000	0.000	0.000	0.000	0.000	0.000	0.000	0.000	0.000	0.000	0.000	0.185	0.000	0.000	0.000	0.000	0.000	0.000	0.000	0.000	0.000	0.000	0.000	0.000	0.000	0.000	0.000	0.000	0.000	0.000	0.000	0.000	0.000	0.005	0.000	0.000	0.000	0.000	0.000	0.000	0.000	0.000	0.000	0.000	0.000	0.000	0.000	0.000	0.000	0.000	0.000	0.000	0.000	0.000	0.000	0.000	0.000	0.000	0.000	0.000	0.000
RUMO4019	0.371	0.038	0.009	0.093	0.070	0.012	0.001	0.019	0.000	0.000	0.000	0.000	0.000	0.040	0.051	0.000	0.000	0.000	0.000	0.000	0.091	0.000	0.000	0.000	0.000	0.000	0.000	0.000	0.000	0.000	0.000	0.000	0.040	0.000	0.000	0.000	0.000	0.000	0.000	0.000	0.000	0.000	0.000	0.000	0.000	0.000	0.000	0.000	0.000	0.000	0.000	0.153	0.000	0.000	0.000	0.000	0.000	0.000	0.000	0.000	0.000	0.000	0.000	0.000	0.000	0.000	0.000	0.000	0.000	0.000	0.000	0.000	0.000	0.000	0.000	0.000	0.000	0.000	0.000	0.000	0.000	0.000	0.000	0.000	0.000	0.000	0.000	0.000	0.000	0.000	0.000	0.000	0.000	0.000	0.000	0.000	0.000	0.000	0.000	0.004
CNUK2002	0.180	0.091	0.029	0.125	0.057	0.008	0.014	0.002	0.050	0.001	0.001	0.001	0.001	0.001	0.001	0.001	0.007	0.000	0.000	0.000	0.000	0.019	0.000	0.000	0.000	0.000	0.000	0.000	0.000	0.000	0.000	0.000	0.000	0.049	0.000	0.000	0.000	0.031	0.305	0.000	0.000	0.000	0.006	0.000	0.000	0.000	0.000	0.000	0.000	0.000	0.000	0.000	0.000	0.006	0.000	0.000	0.000	0.000	0.000	0.000	0.000	0.000	0.000	0.000	0.000	0.000	0.000	0.000	0.000	0.000	0.000	0.000	0.000	0.000	0.000	0.000	0.000	0.006	0.000	0.000	0.000	0.000	0.000	0.000	0.000	0.000	0.000	0.000	0.000	0.000	0.000	0.000	0.000	0.000	0.000	0.000	0.000	0.000	0.000	0.000
FIJY1008	0.377	0.019	0.174	0.042	0.012	0.001	0.082	0.001	0.001	0.021	0.006	0.001	0.006	0.000	0.000	0.001	0.001	0.000	0.000	0.000	0.000	0.020	0.010	0.000	0.000	0.000	0.015	0.000	0.000	0.000	0.000	0.000	0.000	0.000	0.000	0.000	0.000	0.000	0.000	0.000	0.000	0.000	0.000	0.000	0.000	0.000	0.000	0.000	0.075	0.000	0.000	0.000	0.000	0.000	0.000	0.000	0.000	0.000	0.000	0.000	0.000	0.000	0.000	0.000	0.000	0.000	0.000	0.000	0.095	0.000	0.000	0.000	0.000	0.000	0.000	0.000	0.000	0.000	0.000	0.005	0.000	0.000	0.025	0.000	0.000	0.000	0.000	0.000	0.000	0.000	0.000	0.000	0.000	0.000	0.000	0.000	0.000	0.000	0.000	0.000
FIJY1026	0.311	0.039	0.033	0.060	0.071	0.087	0.059	0.087	0.024	0.012	0.035	0.035	0.001	0.001	0.001	0.012	0.001	0.000	0.006	0.000	0.000	0.006	0.000	0.000	0.000	0.000	0.000	0.000	0.000	0.000	0.000	0.000	0.017	0.000	0.000	0.000	0.092	0.000	0.000	0.000	0.000	0.000	0.000	0.000	0.000	0.000	0.000	0.000	0.000	0.000	0.000	0.000	0.000	0.000	0.000	0.000	0.000	0.000	0.000	0.000	0.000	0.000	0.000	0.000	0.000	0.000	0.000	0.000	0.000	0.000	0.000	0.000	0.000	0.000	0.000	0.000	0.000	0.000	0.000	0.000	0.000	0.000	0.000	0.000	0.000	0.000	0.000	0.000	0.000	0.000	0.000	0.000	0.000	0.000	0.000	0.000	0.000	0.000	0.000	0.000
TSKC1345	0.009	0.012	0.017	0.028	0.002	0.157	0.145	0.002	0.002	0.014	0.007	0.001	0.019	0.032	0.007	0.001	0.001	0.000	0.001	0.000	0.069	0.001	0.000	0.379	0.000	0.006	0.000	0.000	0.000	0.000	0.000	0.000	0.019	0.000	0.000	0.000	0.000	0.000	0.000	0.000	0.000	0.000	0.000	0.000	0.000	0.000	0.000	0.000	0.000	0.000	0.000	0.000	0.000	0.000	0.000	0.000	0.000	0.000	0.000	0.000	0.000	0.000	0.000	0.000	0.000	0.000	0.000	0.000	0.000	0.000	0.000	0.000	0.000	0.000	0.000	0.000	0.044	0.006	0.000	0.000	0.000	0.000	0.000	0.000	0.000	0.000	0.000	0.000	0.012	0.000	0.000	0.000	0.000	0.000	0.000	0.000	0.000	0.000	0.000	0.000
NOAC1005	0.181	0.086	0.047	0.157	0.002	0.016	0.001	0.001	0.040	0.054	0.044	0.064	0.005	0.000	0.000	0.063	0.001	0.000	0.000	0.015	0.000	0.000	0.020	0.000	0.000	0.000	0.005	0.020	0.020	0.000	0.000	0.000	0.000	0.000	0.000	0.005	0.000	0.000	0.000	0.000	0.000	0.000	0.000	0.145	0.000	0.000	0.000	0.000	0.000	0.000	0.000	0.000	0.000	0.000	0.000	0.000	0.000	0.000	0.000	0.000	0.000	0.000	0.000	0.000	0.000	0.000	0.000	0.000	0.000	0.000	0.000	0.000	0.000	0.000	0.000	0.000	0.000	0.000	0.000	0.000	0.000	0.000	0.000	0.000	0.000	0.000	0.000	0.000	0.000	0.000	0.000	0.000	0.000	0.000	0.000	0.000	0.000	0.000	0.000	0.000
NOAG1004	0.260	0.012	0.102	0.062	0.023	0.001	0.001	0.001	0.035	0.044	0.001	0.001	0.001	0.009	0.035	0.000	0.009	0.000	0.000	0.000	0.000	0.000	0.000	0.000	0.039	0.000	0.000	0.035	0.000	0.000	0.000	0.000	0.000	0.133	0.000	0.000	0.000	0.009	0.000	0.000	0.000	0.000	0.000	0.000	0.000	0.000	0.000	0.000	0.000	0.000	0.000	0.000	0.000	0.000	0.000	0.000	0.000	0.000	0.000	0.000	0.000	0.000	0.000	0.000	0.000	0.000	0.000	0.004	0.000	0.000	0.000	0.000	0.125	0.000	0.000	0.000	0.000	0.000	0.000	0.000	0.047	0.000	0.000	0.000	0.000	0.000	0.004	0.000	0.000	0.000	0.000	0.000	0.000	0.000	0.000	0.000	0.000	0.000	0.000	0.000
NOBE1018	0.389	0.031	0.021	0.015	0.006	0.001	0.024	0.001	0.050	0.027	0.001	0.001	0.121	0.000	0.000	0.027	0.000	0.000	0.005	0.000	0.000	0.000	0.000	0.000	0.000	0.009	0.000	0.049	0.000	0.000	0.000	0.000	0.000	0.000	0.000	0.000	0.000	0.089	0.000	0.000	0.000	0.000	0.085	0.000	0.000	0.000	0.000	0.000	0.000	0.000	0.000	0.000	0.000	0.000	0.000	0.000	0.000	0.000	0.000	0.000	0.000	0.000	0.000	0.000	0.000	0.000	0.000	0.000	0.000	0.000	0.000	0.000	0.000	0.040	0.000	0.000	0.000	0.000	0.000	0.000	0.000	0.000	0.000	0.000	0.000	0.000	0.000	0.000	0.000	0.000	0.000	0.000	0.000	0.000	0.000	0.000	0.000	0.000	0.000	0.000
NOBE1020	0.313	0.073	0.013	0.032	0.046	0.120	0.001	0.001	0.001	0.040	0.001	0.001	0.001	0.000	0.010	0.158	0.001	0.000	0.000	0.025	0.000	0.000	0.000	0.000	0.005	0.000	0.010	0.000	0.000	0.000	0.000	0.000	0.000	0.000	0.000	0.000	0.020	0.000	0.000	0.000	0.000	0.000	0.000	0.000	0.000	0.000	0.000	0.000	0.000	0.000	0.000	0.000	0.000	0.104	0.000	0.000	0.000	0.000	0.015	0.000	0.000	0.000	0.000	0.000	0.000	0.000	0.000	0.000	0.000	0.000	0.000	0.000	0.000	0.000	0.000	0.000	0.000	0.000	0.000	0.000	0.000	0.000	0.000	0.000	0.000	0.000	0.000	0.000	0.000	0.000	0.000	0.000	0.000	0.000	0.000	0.000	0.000	0.000	0.000	0.000
NOHO1037	0.219	0.221	0.038	0.002	0.013	0.001	0.001	0.020	0.241	0.008	0.004	0.001	0.001	0.000	0.000	0.000	0.000	0.000	0.000	0.000	0.004	0.000	0.000	0.000	0.000	0.004	0.000	0.000	0.000	0.000	0.008	0.000	0.000	0.000	0.000	0.000	0.000	0.000	0.000	0.000	0.000	0.000	0.000	0.000	0.000	0.000	0.000	0.000	0.000	0.000	0.000	0.000	0.000	0.000	0.000	0.000	0.000	0.171	0.000	0.000	0.000	0.000	0.000	0.000	0.000	0.019	0.000	0.000	0.000	0.000	0.000	0.000	0.000	0.000	0.000	0.016	0.000	0.000	0.000	0.000	0.000	0.000	0.000	0.000	0.000	0.000	0.000	0.000	0.000	0.000	0.000	0.000	0.000	0.000	0.000	0.000	0.000	0.000	0.000	0.000
FIHE2001	0.311	0.093	0.072	0.043	0.006	0.013	0.001	0.001	0.074	0.001	0.049	0.001	0.001	0.000	0.017	0.005	0.000	0.000	0.000	0.000	0.000	0.070	0.000	0.000	0.000	0.000	0.000	0.000	0.012	0.000	0.000	0.000	0.065	0.000	0.000	0.000	0.000	0.000	0.004	0.000	0.000	0.000	0.000	0.033	0.033	0.000	0.000	0.000	0.000	0.000	0.000	0.000	0.000	0.000	0.000	0.000	0.000	0.000	0.000	0.000	0.000	0.090	0.000	0.000	0.000	0.000	0.000	0.000	0.000	0.000	0.000	0.000	0.000	0.000	0.000	0.000	0.000	0.000	0.000	0.000	0.000	0.000	0.000	0.000	0.000	0.000	0.000	0.000	0.000	0.000	0.000	0.000	0.000	0.000	0.000	0.000	0.000	0.000	0.000	0.000
NOUO1009	0.042	0.086	0.033	0.001	0.017	0.001	0.001	0.035	0.001	0.001	0.000	0.254	0.000	0.000	0.000	0.000	0.000	0.000	0.000	0.000	0.000	0.000	0.513	0.000	0.000	0.000	0.000	0.000	0.000	0.000	0.000	0.000	0.000	0.000	0.000	0.000	0.000	0.000	0.003	0.000	0.000	0.000	0.000	0.000	0.000	0.000	0.000	0.000	0.000	0.003	0.000	0.000	0.000	0.000	0.000	0.000	0.000	0.000	0.003	0.000	0.000	0.000	0.000	0.000	0.000	0.000	0.000	0.000	0.000	0.000	0.000	0.000	0.000	0.000	0.000	0.000	0.000	0.000	0.000	0.000	0.000	0.000	0.000	0.000	0.000	0.000	0.000	0.000	0.000	0.000	0.000	0.000	0.000	0.000	0.000	0.000	0.000	0.000	0.000	0.000
NOUO2013	0.006	0.004	0.056	0.002	0.037	0.076	0.283	0.001	0.001	0.111	0.005	0.014	0.018	0.000	0.000	0.005	0.000	0.000	0.000	0.018	0.000	0.000	0.000	0.000	0.000	0.000	0.000	0.000	0.000	0.000	0.000	0.000	0.000	0.000	0.353	0.000	0.000	0.000	0.000	0.000	0.000	0.000	0.000	0.000	0.000	0.000	0.000	0.000	0.000	0.000	0.000	0.000	0.000	0.000	0.000	0.000	0.000	0.000	0.000	0.000	0.000	0.000	0.000	0.000	0.000	0.000	0.000	0.000	0.000	0.000	0.000	0.000	0.000	0.000	0.000	0.000	0.000	0.000	0.000	0.000	0.000	0.000	0.000	0.000	0.000	0.000	0.000	0.000	0.000	0.000	0.000	0.000	0.000	0.000	0.000	0.000	0.000	0.000	0.000	0.000
FIJY1044	0.279	0.082	0.031	0.052	0.068	0.051	0.002	0.024	0.046	0.018	0.073	0.001	0.012	0.000	0.012	0.017	0.095	0.006	0.034	0.000	0.000	0.006	0.000	0.000	0.000	0.000	0.000	0.000	0.000	0.044	0.000	0.000	0.000	0.000	0.000	0.000	0.000	0.000	0.000	0.000	0.000	0.000	0.000	0.000	0.000	0.000	0.000	0.000	0.000	0.000	0.000	0.000	0.000	0.000	0.000	0.000	0.000	0.000	0.000	0.000	0.033	0.000	0.000	0.000	0.000	0.000	0.000	0.006	0.000	0.000	0.000	0.000	0.000	0.000	0.000	0.000	0.000	0.000	0.000	0.000	0.000	0.000	0.000	0.000	0.000	0.000	0.000	0.000	0.000	0.000	0.000	0.000	0.000	0.000	0.000	0.000	0.000	0.000	0.000	0.000
NOAG1015	0.361	0.077	0.041	0.088	0.008	0.004	0.007	0.001	0.135	0.001	0.065	0.010	0.000	0.000	0.007	0.000	0.010	0.000	0.000	0.000	0.000	0.013	0.000	0.000	0.000	0.010	0.010	0.138	0.000	0.000	0.000	0.000	0.000	0.000	0.000	0.000	0.000	0.000	0.000	0.000	0.000	0.000	0.000	0.000	0.000	0.000	0.000	0.000	0.000	0.000	0.000	0.000	0.000	0.000	0.000	0.000	0.000	0.000	0.000	0.000	0.000	0.000	0.000	0.000	0.000	0.000	0.000	0.000	0.010	0.000	0.000	0.000	0.000	0.000	0.000	0.000	0.000	0.000	0.000	0.000	0.000	0.000	0.000	0.000	0.000	0.000	0.000	0.000	0.000	0.000	0.000	0.000	0.000	0.000	0.000	0.000	0.000	0.000	0.000	0.000
FRUC3054	0.200	0.171	0.003	0.024	0.147	0.032	0.006	0.094	0.058	0.001	0.009	0.071	0.001	0.005	0.009	0.000	0.000	0.000	0.000	0.000	0.000	0.000	0.000	0.000	0.000	0.000	0.005	0.000	0.000	0.088	0.000	0.000	0.000	0.000	0.000	0.000	0.009	0.000	0.000	0.000	0.000	0.000	0.000	0.018	0.035	0.000	0.000	0.000	0.000	0.000	0.000	0.000	0.000	0.000	0.000	0.000	0.004	0.000	0.000	0.000	0.000	0.000	0.000	0.000	0.000	0.000	0.000	0.000	0.000	0.000	0.000	0.000	0.000	0.000	0.000	0.000	0.000	0.000	0.000	0.000	0.000	0.000	0.000	0.000	0.000	0.000	0.000	0.000	0.000	0.000	0.000	0.000	0.000	0.000	0.000	0.000	0.000	0.000	0.000	0.000
RUMO4011	0.076	0.036	0.025	0.024	0.033	0.196	0.149	0.017	0.007	0.017	0.001	0.001	0.001	0.011	0.000	0.001	0.001	0.000	0.000	0.000	0.000	0.001	0.000	0.000	0.000	0.005	0.000	0.000	0.000	0.000	0.000	0.005	0.053	0.000	0.000	0.000	0.000	0.000	0.000	0.027	0.000	0.000	0.016	0.000	0.027	0.000	0.000	0.000	0.000	0.000	0.000	0.000	0.195	0.000	0.000	0.000	0.000	0.005	0.000	0.000	0.000	0.000	0.000	0.000	0.000	0.000	0.032	0.000	0.016	0.000	0.000	0.000	0.000	0.000	0.011	0.000	0.000	0.000	0.000	0.000	0.000	0.000	0.000	0.000	0.000	0.000	0.000	0.000	0.000	0.000	0.005	0.000	0.000	0.000	0.000	0.000	0.000	0.000	0.000	0.000
NOAC1004	0.249	0.024	0.102	0.052	0.002	0.031	0.075	0.006	0.006	0.006	0.001	0.035	0.001	0.000	0.000	0.001	0.010	0.000	0.060	0.000	0.000	0.015	0.000	0.000	0.000	0.010	0.000	0.074	0.000	0.000	0.000	0.000	0.000	0.000	0.000	0.000	0.000	0.000	0.020	0.000	0.000	0.000	0.000	0.000	0.000	0.000	0.187	0.015	0.000	0.000	0.000	0.000	0.000	0.000	0.000	0.000	0.000	0.000	0.000	0.000	0.000	0.000	0.000	0.000	0.000	0.000	0.000	0.010	0.000	0.000	0.000	0.000	0.000	0.000	0.000	0.000	0.000	0.000	0.000	0.000	0.000	0.000	0.000	0.000	0.000	0.000	0.000	0.000	0.000	0.000	0.000	0.000	0.000	0.000	0.000	0.000	0.000	0.000	0.000	0.000
NOHO1030	0.122	0.104	0.129	0.037	0.087	0.056	0.122	0.001	0.016	0.001	0.001	0.001	0.011	0.000	0.000	0.171	0.011	0.000	0.000	0.000	0.000	0.005	0.000	0.025	0.000	0.000	0.020	0.000	0.000	0.000	0.000	0.000	0.000	0.000	0.000	0.070	0.000	0.000	0.000	0.000	0.000	0.000	0.000	0.000	0.000	0.000	0.000	0.000	0.000	0.000	0.000	0.000	0.000	0.000	0.000	0.000	0.000	0.000	0.000	0.000	0.000	0.000	0.000	0.000	0.000	0.000	0.000	0.000	0.000	0.000	0.000	0.000	0.000	0.000	0.000	0.000	0.000	0.000	0.000	0.000	0.000	0.000	0.000	0.000	0.000	0.000	0.000	0.000	0.000	0.000	0.000	0.000	0.000	0.000	0.000	0.000	0.000	0.000	0.000	0.000
NOUO1075	0.431	0.201	0.011	0.028	0.046	0.008	0.027	0.052	0.002	0.001	0.001	0.001	0.001	0.001	0.013	0.001	0.001	0.000	0.001	0.000	0.000	0.019	0.013	0.007	0.000	0.000	0.000	0.120	0.000	0.000	0.000	0.000	0.000	0.000	0.000	0.000	0.000	0.000	0.000	0.000	0.000	0.000	0.007	0.000	0.000	0.000	0.000	0.000	0.000	0.000	0.000	0.000	0.000	0.000	0.000	0.000	0.000	0.000	0.000	0.000	0.000	0.000	0.000	0.000	0.000	0.000	0.000	0.000	0.000	0.000	0.000	0.000	0.000	0.000	0.000	0.000	0.000	0.000	0.000	0.000	0.000	0.000	0.000	0.000	0.000	0.000	0.000	0.000	0.000	0.000	0.000	0.000	0.000	0.000	0.000	0.000	0.000	0.000	0.000	0.000
TSKC1349	0.201	0.026	0.039	0.010	0.016	0.145	0.002	0.131	0.022	0.001	0.042	0.001	0.001	0.007	0.001	0.001	0.001	0.000	0.001	0.000	0.000	0.001	0.000	0.014	0.000	0.000	0.000	0.000	0.000	0.000	0.000	0.000	0.000	0.000	0.000	0.000	0.000	0.116	0.007	0.000	0.000	0.000	0.007	0.136	0.000	0.000	0.000	0.000	0.000	0.000	0.000	0.000	0.000	0.000	0.000	0.000	0.000	0.000	0.000	0.000	0.000	0.000	0.055	0.000	0.000	0.000	0.000	0.000	0.000	0.000	0.000	0.000	0.000	0.000	0.000	0.000	0.000	0.000	0.000	0.000	0.000	0.000	0.000	0.000	0.000	0.000	0.000	0.000	0.000	0.007	0.000	0.000	0.000	0.000	0.000	0.000	0.000	0.000	0.000	0.000
NOHO1027	0.217	0.086	0.078	0.037	0.002	0.142	0.095	0.008	0.108	0.001	0.008	0.008	0.008	0.001	0.001	0.081	0.001	0.000	0.001	0.000	0.000	0.001	0.000	0.000	0.000	0.000	0.000	0.000	0.074	0.000	0.000	0.000	0.000	0.000	0.034	0.000	0.000	0.000	0.000	0.000	0.000	0.000	0.000	0.000	0.000	0.000	0.000	0.000	0.000	0.000	0.000	0.000	0.000	0.000	0.000	0.000	0.000	0.000	0.000	0.000	0.000	0.000	0.000	0.000	0.000	0.000	0.000	0.000	0.000	0.000	0.000	0.000	0.000	0.000	0.000	0.000	0.000	0.000	0.000	0.000	0.000	0.000	0.000	0.000	0.000	0.000	0.000	0.000	0.000	0.000	0.000	0.000	0.000	0.000	0.000	0.000	0.000	0.000	0.000	0.000
FIJY1077	0.219	0.140	0.022	0.009	0.002	0.031	0.113	0.083	0.001	0.001	0.001	0.001	0.001	0.082	0.001	0.001	0.047	0.000	0.000	0.000	0.000	0.001	0.000	0.000	0.000	0.000	0.024	0.000	0.000	0.000	0.000	0.000	0.000	0.012	0.000	0.000	0.000	0.000	0.000	0.000	0.035	0.000	0.000	0.000	0.000	0.000	0.000	0.000	0.000	0.000	0.000	0.000	0.000	0.000	0.000	0.000	0.000	0.000	0.000	0.000	0.000	0.000	0.000	0.000	0.000	0.000	0.000	0.000	0.000	0.000	0.164	0.000	0.000	0.000	0.000	0.000	0.000	0.000	0.000	0.000	0.000	0.000	0.000	0.000	0.000	0.000	0.000	0.000	0.000	0.000	0.000	0.000	0.000	0.000	0.000	0.000	0.000	0.000	0.000	0.000
NOHO1022	0.336	0.199	0.015	0.008	0.091	0.024	0.007	0.013	0.001	0.112	0.001	0.001	0.006	0.017	0.001	0.001	0.001	0.000	0.000	0.000	0.028	0.001	0.000	0.000	0.000	0.000	0.000	0.000	0.000	0.000	0.000	0.000	0.000	0.000	0.000	0.023	0.000	0.000	0.000	0.000	0.000	0.000	0.095	0.000	0.000	0.000	0.000	0.000	0.000	0.000	0.000	0.000	0.000	0.006	0.000	0.000	0.000	0.000	0.000	0.000	0.000	0.000	0.000	0.000	0.000	0.000	0.000	0.000	0.000	0.000	0.000	0.000	0.000	0.000	0.000	0.000	0.000	0.000	0.000	0.000	0.000	0.000	0.000	0.000	0.000	0.000	0.000	0.000	0.000	0.006	0.000	0.000	0.000	0.000	0.000	0.000	0.000	0.000	0.000	0.000
NOAC1023	0.416	0.177	0.058	0.012	0.002	0.021	0.011	0.001	0.001	0.030	0.001	0.001	0.001	0.000	0.000	0.001	0.001	0.000	0.000	0.000	0.128	0.000	0.000	0.000	0.000	0.000	0.000	0.099	0.000	0.000	0.000	0.000	0.010	0.000	0.000	0.000	0.000	0.000	0.000	0.000	0.000	0.000	0.000	0.000	0.000	0.000	0.000	0.000	0.000	0.000	0.000	0.000	0.000	0.005	0.000	0.000	0.000	0.000	0.000	0.000	0.000	0.000	0.000	0.000	0.000	0.000	0.000	0.000	0.000	0.000	0.000	0.000	0.000	0.000	0.000	0.000	0.000	0.000	0.005	0.000	0.000	0.000	0.000	0.000	0.000	0.000	0.000	0.010	0.000	0.000	0.000	0.000	0.000	0.000	0.000	0.000	0.000	0.000	0.000	0.000
FIJY1028	0.193	0.059	0.009	0.232	0.130	0.039	0.036	0.067	0.001	0.011	0.000	0.001	0.109	0.000	0.000	0.000	0.000	0.000	0.000	0.000	0.000	0.000	0.021	0.000	0.028	0.000	0.004	0.000	0.000	0.000	0.000	0.000	0.000	0.000	0.000	0.000	0.000	0.000	0.007	0.000	0.000	0.000	0.000	0.000	0.000	0.000	0.000	0.000	0.000	0.000	0.000	0.000	0.000	0.000	0.000	0.000	0.000	0.000	0.000	0.000	0.000	0.000	0.000	0.000	0.000	0.000	0.000	0.000	0.000	0.000	0.000	0.000	0.000	0.000	0.000	0.021	0.000	0.000	0.004	0.000	0.000	0.021	0.000	0.000	0.000	0.000	0.000	0.000	0.000	0.000	0.000	0.000	0.000	0.000	0.000	0.000	0.000	0.000	0.000	0.000
FIJY1042	0.242	0.058	0.014	0.082	0.087	0.028	0.002	0.001	0.001	0.145	0.001	0.001	0.001	0.000	0.000	0.001	0.022	0.000	0.016	0.000	0.000	0.001	0.000	0.000	0.000	0.000	0.016	0.006	0.064	0.000	0.000	0.011	0.000	0.000	0.000	0.006	0.000	0.000	0.006	0.000	0.000	0.000	0.000	0.000	0.037	0.000	0.000	0.005	0.000	0.000	0.000	0.000	0.000	0.006	0.000	0.000	0.000	0.000	0.000	0.000	0.000	0.000	0.000	0.000	0.000	0.000	0.000	0.000	0.000	0.000	0.000	0.000	0.000	0.000	0.128	0.000	0.000	0.000	0.000	0.000	0.000	0.000	0.000	0.000	0.000	0.000	0.000	0.000	0.000	0.000	0.000	0.000	0.000	0.000	0.000	0.000	0.000	0.000	0.005	0.000
NOUO2021	0.402	0.021	0.139	0.028	0.002	0.005	0.010	0.001	0.035	0.001	0.001	0.014	0.001	0.000	0.000	0.000	0.000	0.000	0.000	0.000	0.004	0.000	0.000	0.000	0.000	0.000	0.307	0.013	0.004	0.000	0.000	0.000	0.000	0.000	0.000	0.000	0.000	0.000	0.004	0.000	0.000	0.000	0.000	0.000	0.000	0.000	0.000	0.000	0.000	0.000	0.000	0.000	0.000	0.000	0.000	0.000	0.000	0.000	0.000	0.000	0.000	0.000	0.000	0.000	0.000	0.000	0.000	0.000	0.000	0.000	0.000	0.000	0.000	0.000	0.000	0.000	0.000	0.000	0.000	0.000	0.000	0.000	0.000	0.000	0.000	0.000	0.000	0.000	0.000	0.000	0.000	0.000	0.000	0.000	0.000	0.000	0.000	0.000	0.000	0.000
NOUO1048	0.099	0.062	0.028	0.006	0.039	0.291	0.005	0.052	0.005	0.043	0.009	0.001	0.001	0.000	0.000	0.017	0.042	0.000	0.000	0.000	0.000	0.000	0.000	0.042	0.000	0.000	0.000	0.000	0.000	0.000	0.000	0.000	0.000	0.034	0.000	0.009	0.000	0.000	0.000	0.000	0.000	0.000	0.000	0.000	0.000	0.000	0.000	0.000	0.202	0.000	0.000	0.000	0.000	0.000	0.000	0.000	0.000	0.000	0.000	0.000	0.000	0.000	0.000	0.000	0.000	0.000	0.000	0.000	0.000	0.000	0.000	0.000	0.004	0.000	0.000	0.000	0.000	0.000	0.000	0.000	0.000	0.000	0.000	0.000	0.000	0.000	0.000	0.000	0.000	0.000	0.000	0.000	0.000	0.000	0.000	0.000	0.000	0.000	0.000	0.000
FRUB1009	0.138	0.121	0.063	0.105	0.035	0.168	0.007	0.034	0.012	0.002	0.034	0.002	0.012	0.012	0.017	0.001	0.001	0.001	0.001	0.033	0.006	0.011	0.001	0.049	0.001	0.000	0.000	0.000	0.000	0.000	0.000	0.016	0.000	0.000	0.006	0.000	0.000	0.000	0.006	0.000	0.000	0.000	0.000	0.000	0.000	0.000	0.000	0.000	0.000	0.097	0.000	0.000	0.000	0.000	0.000	0.000	0.000	0.000	0.000	0.000	0.000	0.000	0.000	0.000	0.000	0.000	0.000	0.000	0.000	0.000	0.000	0.000	0.000	0.000	0.000	0.000	0.000	0.000	0.000	0.000	0.000	0.000	0.000	0.000	0.000	0.000	0.000	0.000	0.000	0.000	0.000	0.000	0.000	0.000	0.000	0.000	0.000	0.000	0.000	0.000
NOOS1022	0.181	0.184	0.002	0.094	0.025	0.025	0.019	0.019	0.067	0.028	0.090	0.001	0.001	0.001	0.001	0.001	0.004	0.001	0.001	0.158	0.000	0.000	0.000	0.030	0.000	0.000	0.000	0.000	0.000	0.000	0.018	0.045	0.000	0.000	0.000	0.000	0.000	0.000	0.000	0.000	0.000	0.000	0.000	0.000	0.000	0.000	0.000	0.000	0.000	0.000	0.000	0.000	0.000	0.000	0.000	0.000	0.000	0.000	0.000	0.000	0.000	0.000	0.000	0.000	0.000	0.000	0.000	0.000	0.000	0.000	0.000	0.000	0.000	0.000	0.000	0.000	0.000	0.000	0.000	0.000	0.000	0.000	0.000	0.000	0.000	0.000	0.000	0.000	0.000	0.000	0.000	0.000	0.000	0.000	0.000	0.000	0.000	0.000	0.000	0.000
NOUO2047	0.239	0.061	0.008	0.017	0.034	0.001	0.043	0.001	0.143	0.001	0.048	0.016	0.034	0.039	0.030	0.054	0.075	0.001	0.001	0.030	0.000	0.000	0.045	0.042	0.000	0.009	0.000	0.000	0.000	0.000	0.000	0.000	0.000	0.003	0.000	0.000	0.000	0.000	0.000	0.000	0.000	0.000	0.000	0.000	0.000	0.000	0.000	0.000	0.000	0.000	0.000	0.000	0.000	0.000	0.000	0.000	0.000	0.000	0.000	0.000	0.000	0.000	0.000	0.000	0.000	0.000	0.000	0.000	0.000	0.000	0.000	0.012	0.000	0.000	0.000	0.000	0.000	0.000	0.000	0.000	0.000	0.009	0.000	0.000	0.000	0.000	0.000	0.000	0.000	0.000	0.000	0.000	0.000	0.000	0.000	0.000	0.000	0.000	0.000	0.000
RUMO4017	0.185	0.223	0.032	0.038	0.003	0.029	0.016	0.082	0.062	0.022	0.002	0.002	0.082	0.001	0.001	0.001	0.001	0.001	0.048	0.001	0.001	0.001	0.001	0.001	0.027	0.001	0.000	0.001	0.000	0.001	0.007	0.000	0.000	0.000	0.000	0.000	0.000	0.000	0.000	0.000	0.000	0.000	0.000	0.000	0.000	0.000	0.020	0.000	0.000	0.000	0.000	0.000	0.000	0.000	0.000	0.053	0.000	0.007	0.000	0.000	0.000	0.000	0.000	0.000	0.000	0.000	0.000	0.040	0.000	0.000	0.000	0.000	0.000	0.000	0.000	0.000	0.000	0.000	0.000	0.000	0.000	0.000	0.000	0.000	0.000	0.000	0.000	0.000	0.000	0.000	0.000	0.000	0.000	0.000	0.000	0.000	0.000	0.000	0.000	0.000
NOUO2031	0.148	0.228	0.008	0.056	0.022	0.011	0.050	0.002	0.040	0.002	0.107	0.011	0.002	0.001	0.001	0.082	0.006	0.001	0.001	0.053	0.001	0.001	0.001	0.001	0.001	0.000	0.000	0.000	0.000	0.005	0.120	0.000	0.000	0.000	0.000	0.000	0.000	0.000	0.000	0.000	0.000	0.000	0.000	0.000	0.000	0.005	0.000	0.000	0.000	0.000	0.000	0.000	0.000	0.000	0.000	0.000	0.000	0.000	0.000	0.000	0.000	0.029	0.000	0.000	0.000	0.000	0.000	0.000	0.000	0.000	0.000	0.000	0.000	0.000	0.000	0.000	0.000	0.000	0.000	0.000	0.000	0.000	0.000	0.000	0.000	0.000	0.000	0.000	0.000	0.000	0.000	0.000	0.000	0.000	0.000	0.000	0.000	0.000	0.000	0.000
TSNO1438	0.301	0.105	0.016	0.004	0.003	0.014	0.067	0.038	0.002	0.061	0.002	0.002	0.002	0.001	0.001	0.037	0.001	0.001	0.001	0.001	0.001	0.018	0.001	0.001	0.001	0.000	0.243	0.066	0.000	0.000	0.000	0.000	0.000	0.000	0.000	0.000	0.000	0.000	0.000	0.000	0.000	0.000	0.000	0.000	0.000	0.000	0.000	0.000	0.000	0.000	0.000	0.000	0.000	0.000	0.000	0.000	0.000	0.000	0.000	0.000	0.000	0.000	0.000	0.000	0.000	0.000	0.000	0.000	0.000	0.000	0.000	0.000	0.000	0.000	0.000	0.000	0.000	0.000	0.000	0.000	0.000	0.000	0.000	0.000	0.000	0.000	0.000	0.000	0.000	0.000	0.000	0.000	0.000	0.000	0.000	0.000	0.000	0.000	0.000	0.000
ITTO6005	0.156	0.087	0.087	0.127	0.002	0.046	0.030	0.062	0.037	0.009	0.001	0.017	0.001	0.001	0.117	0.001	0.001	0.001	0.001	0.049	0.000	0.000	0.000	0.000	0.000	0.000	0.000	0.000	0.000	0.004	0.000	0.000	0.000	0.000	0.000	0.152	0.000	0.000	0.000	0.000	0.000	0.000	0.000	0.000	0.000	0.000	0.000	0.000	0.000	0.004	0.000	0.000	0.000	0.000	0.000	0.000	0.000	0.000	0.000	0.000	0.000	0.000	0.000	0.000	0.000	0.000	0.000	0.000	0.000	0.000	0.000	0.000	0.000	0.000	0.000	0.000	0.000	0.000	0.000	0.000	0.000	0.000	0.000	0.000	0.000	0.000	0.000	0.000	0.000	0.000	0.000	0.000	0.000	0.000	0.000	0.000	0.000	0.000	0.000	0.000
FRUC3065	0.213	0.268	0.089	0.015	0.025	0.002	0.013	0.058	0.013	0.030	0.002	0.002	0.007	0.001	0.001	0.007	0.001	0.001	0.052	0.001	0.029	0.001	0.001	0.001	0.029	0.000	0.000	0.001	0.000	0.000	0.000	0.000	0.000	0.000	0.000	0.012	0.000	0.000	0.000	0.006	0.000	0.000	0.000	0.000	0.000	0.000	0.000	0.000	0.000	0.000	0.113	0.000	0.000	0.000	0.000	0.000	0.000	0.000	0.000	0.000	0.000	0.000	0.000	0.000	0.000	0.000	0.000	0.000	0.000	0.000	0.000	0.000	0.000	0.000	0.000	0.000	0.000	0.000	0.000	0.000	0.000	0.000	0.000	0.000	0.000	0.000	0.000	0.000	0.000	0.000	0.000	0.000	0.000	0.000	0.000	0.000	0.000	0.000	0.000	0.000
DBAN3017	0.158	0.106	0.055	0.037	0.079	0.079	0.002	0.010	0.083	0.001	0.023	0.001	0.006	0.061	0.001	0.001	0.009	0.009	0.009	0.074	0.000	0.000	0.001	0.001	0.000	0.013	0.000	0.000	0.000	0.035	0.000	0.000	0.060	0.000	0.000	0.000	0.000	0.000	0.000	0.022	0.000	0.000	0.000	0.000	0.000	0.000	0.000	0.047	0.000	0.000	0.000	0.000	0.000	0.000	0.000	0.000	0.000	0.000	0.000	0.000	0.000	0.000	0.000	0.000	0.000	0.000	0.000	0.000	0.004	0.000	0.000	0.000	0.000	0.000	0.000	0.000	0.000	0.000	0.004	0.000	0.000	0.000	0.000	0.000	0.000	0.000	0.000	0.000	0.000	0.000	0.000	0.000	0.000	0.000	0.000	0.000	0.000	0.000	0.000	0.000
SPM01016	0.163	0.184	0.142	0.078	0.040	0.071	0.002	0.044	0.007	0.002	0.018	0.002	0.044	0.001	0.028	0.001	0.001	0.001	0.001	0.027	0.054	0.001	0.006	0.001	0.006	0.000	0.000	0.000	0.000	0.000	0.000	0.000	0.000	0.000	0.000	0.000	0.000	0.032	0.000	0.000	0.000	0.000	0.000	0.000	0.000	0.000	0.000	0.037	0.000	0.000	0.000	0.000	0.000	0.000	0.000	0.000	0.000	0.000	0.000	0.000	0.000	0.000	0.000	0.000	0.000	0.000	0.000	0.000	0.000	0.000	0.000	0.000	0.000	0.000	0.000	0.000	0.000	0.000	0.000	0.000	0.000	0.000	0.000	0.000	0.000	0.000	0.000	0.000	0.000	0.000	0.000	0.000	0.000	0.000	0.000	0.000	0.000	0.000	0.000	0.000
NOAG1013	0.254	0.024	0.151	0.002	0.012	0.009	0.009	0.031	0.004	0.001	0.026	0.048	0.095	0.001	0.001	0.037	0.009	0.020	0.003	0.000	0.009	0.000	0.003	0.009	0.000	0.000	0.000	0.000	0.000	0.000	0.000	0.000	0.000	0.000	0.003	0.000	0.000	0.000	0.019	0.000	0.000	0.000	0.000	0.000	0.000	0.000	0.000	0.000	0.000	0.000	0.000	0.000	0.000	0.000	0.000	0.000	0.000	0.000	0.000	0.000	0.000	0.000	0.000	0.000	0.000	0.000	0.000	0.000	0.000	0.000	0.216	0.000	0.000	0.000	0.000	0.000	0.000	0.000	0.000	0.000	0.000	0.000	0.000	0.000	0.000	0.000	0.000	0.000	0.000	0.000	0.000	0.000	0.000	0.000	0.000	0.000	0.000	0.000	0.000	0.000
FRUL1034	0.159	0.070	0.190	0.030	0.069	0.144	0.002	0.002	0.099	0.001	0.019	0.001	0.001	0.005	0.001	0.001	0.005	0.001	0.001	0.001	0.005	0.000	0.001	0.001	0.001	0.000	0.000	0.005	0.000	0.000	0.000	0.000	0.000	0.000	0.000	0.000	0.000	0.018	0.000	0.000	0.000	0.000	0.000	0.000	0.062	0.000	0.000	0.000	0.000	0.000	0.000	0.000	0.013	0.000	0.000	0.000	0.000	0.005	0.000	0.000	0.000	0.000	0.000	0.000	0.000	0.000	0.000	0.000	0.000	0.000	0.000	0.000	0.000	0.000	0.000	0.000	0.000	0.000	0.000	0.000	0.000	0.000	0.000	0.000	0.000	0.000	0.000	0.000	0.000	0.000	0.000	0.000	0.080	0.000	0.000	0.000	0.000	0.000	0.000	0.000
RUMO8004	0.192	0.058	0.055	0.061	0.116	0.014	0.018	0.001	0.057	0.017	0.037	0.047	0.047	0.004	0.001	0.007	0.014	0.001	0.004	0.017	0.000	0.000	0.000	0.049	0.000	0.000	0.000	0.000	0.000	0.000	0.000	0.000	0.046	0.000	0.000	0.007	0.000	0.000	0.000	0.000	0.000	0.000	0.000	0.000	0.000	0.000	0.000	0.000	0.000	0.000	0.000	0.000	0.121	0.000	0.000	0.000	0.000	0.000	0.000	0.000	0.000	0.000	0.000	0.000	0.000	0.000	0.000	0.000	0.000	0.000	0.000	0.000	0.000	0.000	0.000	0.000	0.000	0.000	0.000	0.000	0.000	0.000	0.000	0.000	0.000	0.003	0.000	0.000	0.000	0.000	0.000	0.000	0.000	0.000	0.000	0.000	0.000	0.000	0.000	0.000
DBAN2042	0.244	0.045	0.007	0.020	0.023	0.078	0.018	0.006	0.183	0.001	0.035	0.001	0.010	0.001	0.005	0.039	0.077	0.001	0.001	0.000	0.000	0.000	0.001	0.000	0.000	0.051	0.000	0.000	0.000	0.000	0.000	0.000	0.110	0.000	0.000	0.000	0.000	0.000	0.034	0.000	0.000	0.000	0.000	0.000	0.000	0.000	0.000	0.000	0.000	0.000	0.000	0.000	0.000	0.000	0.000	0.000	0.000	0.000	0.000	0.000	0.000	0.000	0.000	0.000	0.000	0.000	0.000	0.000	0.000	0.000	0.000	0.000	0.000	0.000	0.000	0.000	0.000	0.000	0.000	0.000	0.000	0.000	0.000	0.000	0.000	0.000	0.000	0.000	0.000	0.000	0.000	0.000	0.000	0.000	0.000	0.000	0.000	0.000	0.000	0.000
CZPR2001	0.036	0.075	0.003	0.017	0.005	0.016	0.001	0.048	0.005	0.135	0.012	0.005	0.001	0.001	0.015	0.073	0.001	0.077	0.001	0.000	0.000	0.000	0.000	0.065	0.000	0.029	0.000	0.000	0.018	0.000	0.000	0.000	0.000	0.000	0.000	0.000	0.000	0.000	0.000	0.000	0.000	0.347	0.000	0.000	0.007	0.000	0.000	0.000	0.000	0.000	0.000	0.000	0.000	0.000	0.000	0.000	0.000	0.000	0.000	0.000	0.000	0.000	0.000	0.000	0.000	0.000	0.000	0.000	0.000	0.000	0.000	0.000	0.000	0.000	0.000	0.000	0.000	0.000	0.000	0.000	0.000	0.000	0.000	0.000	0.000	0.000	0.000	0.000	0.000	0.000	0.000	0.000	0.000	0.000	0.000	0.000	0.000	0.000	0.000	0.000
FRUL1027	0.045	0.295	0.020	0.028	0.123	0.002	0.010	0.077	0.018	0.064	0.005	0.001	0.068	0.001	0.072	0.001	0.001	0.005	0.005	0.000	0.000	0.000	0.000	0.000	0.000	0.000	0.000	0.000	0.000	0.088	0.000	0.025	0.000	0.000	0.000	0.000	0.004	0.000	0.000	0.000	0.000	0.000	0.000	0.000	0.000	0.000	0.000	0.000	0.021	0.000	0.000	0.000	0.000	0.000	0.000	0.000	0.000	0.000	0.000	0.000	0.000	0.000	0.000	0.000	0.000	0.000	0.000	0.000	0.000	0.004	0.000	0.000	0.000	0.000	0.000	0.000	0.000	0.000	0.000	0.000	0.000	0.000	0.000	0.000	0.000	0.000	0.000	0.000	0.000	0.000	0.000	0.000	0.008	0.000	0.000	0.000	0.000	0.000	0.000	0.000
RUMO4029	0.284	0.114	0.007	0.003	0.013	0.032	0.013	0.001	0.036	0.001	0.028	0.090	0.013	0.005	0.001	0.001	0.001	0.001	0.001	0.000	0.000	0.085	0.004	0.000	0.058	0.008	0.000	0.000	0.181	0.000	0.000	0.000	0.000	0.000	0.004	0.000	0.000	0.000	0.000	0.000	0.000	0.000	0.000	0.000	0.000	0.000	0.000	0.008	0.000	0.000	0.000	0.000	0.000	0.000	0.000	0.000	0.000	0.000	0.000	0.000	0.000	0.000	0.000	0.000	0.000	0.000	0.000	0.000	0.000	0.000	0.000	0.000	0.000	0.000	0.000	0.000	0.000	0.000	0.000	0.000	0.000	0.000	0.000	0.000	0.000	0.000	0.000	0.000	0.000	0.000	0.000	0.000	0.000	0.000	0.000	0.000	0.000	0.000	0.000	0.000
NOHO1024	0.166	0.087	0.063	0.052	0.012	0.002	0.041	0.002	0.002	0.002	0.026	0.001	0.046	0.001	0.016	0.001	0.001	0.079	0.124	0.001	0.001	0.001	0.001	0.020	0.005	0.000	0.000	0.000	0.000	0.000	0.000	0.020	0.000	0.000	0.040	0.000	0.000	0.000	0.000	0.000	0.000	0.000	0.000	0.000	0.000	0.000	0.000	0.000	0.000	0.000	0.000	0.000	0.000	0.000	0.000	0.000	0.000	0.000	0.000	0.000	0.000	0.000	0.000	0.000	0.000	0.000	0.000	0.000	0.000	0.000	0.000	0.039	0.000	0.000	0.000	0.000	0.000	0.142	0.000	0.000	0.000	0.000	0.000	0.000	0.000	0.000	0.000	0.000	0.000	0.000	0.000	0.000	0.000	0.000	0.000	0.000	0.000	0.000	0.000	0.000
NOUO1042	0.194	0.197	0.011	0.015	0.006	0.188	0.006	0.072	0.026	0.001	0.001	0.009	0.043	0.001	0.009	0.017	0.063	0.005	0.005	0.000	0.000	0.000	0.000	0.009	0.000	0.000	0.025	0.000	0.000	0.000	0.000	0.000	0.004	0.000	0.000	0.000	0.000	0.000	0.000	0.004	0.004	0.000	0.000	0.000	0.000	0.000	0.000	0.000	0.000	0.000	0.000	0.000	0.000	0.000	0.004	0.000	0.000	0.000	0.000	0.000	0.000	0.000	0.000	0.000	0.000	0.000	0.000	0.000	0.000	0.000	0.000	0.000	0.000	0.000	0.000	0.000	0.000	0.000	0.000	0.000	0.000	0.000	0.000	0.000	0.000	0.000	0.000	0.070	0.000	0.000	0.000	0.000	0.000	0.000	0.000	0.000	0.000	0.000	0.000	0.000
FRUB2028	0.105	0.196	0.091	0.118	0.108	0.066	0.066	0.039	0.015	0.001	0.052	0.033	0.002	0.001	0.001	0.006	0.019	0.005	0.001	0.001	0.033	0.014	0.001	0.001	0.001	0.000	0.000	0.000	0.000	0.000	0.000	0.000	0.000	0.000	0.000	0.000	0.000	0.000	0.000	0.000	0.000	0.000	0.000	0.000	0.000	0.000	0.000	0.000	0.000	0.000	0.000	0.000	0.000	0.000	0.000	0.000	0.000	0.000	0.000	0.000	0.000	0.000	0.000	0.000	0.000	0.000	0.000	0.000	0.000	0.000	0.000	0.000	0.000	0.000	0.000	0.000	0.000	0.000	0.000	0.000	0.000	0.000	0.000	0.000	0.000	0.000	0.000	0.000	0.000	0.000	0.000	0.000	0.018	0.000	0.000	0.000	0.000	0.000	0.000	0.000
SPM05017	0.070	0.146	0.029	0.149	0.050	0.064	0.042	0.001	0.034	0.001	0.004	0.061	0.001	0.077	0.028	0.025	0.001	0.017	0.001	0.000	0.000	0.003	0.000	0.006	0.000	0.068	0.000	0.000	0.000	0.000	0.000	0.000	0.003	0.000	0.000	0.000	0.000	0.033	0.000	0.000	0.000	0.000	0.000	0.000	0.000	0.000	0.000	0.000	0.000	0.000	0.000	0.000	0.000	0.000	0.000	0.000	0.000	0.000	0.000	0.008	0.000	0.000	0.000	0.000	0.000	0.000	0.000	0.000	0.000	0.000	0.000	0.000	0.000	0.003	0.000	0.041	0.000	0.000	0.000	0.000	0.000	0.000	0.000	0.000	0.000	0.033	0.000	0.000	0.000	0.000	0.000	0.000	0.000	0.000	0.000	0.000	0.000	0.000	0.000	0.000
FRUC3068	0.278	0.127	0.036	0.030	0.046	0.040	0.013	0.007	0.002	0.023	0.109	0.002	0.045	0.001	0.001	0.103	0.001	0.001	0.001	0.001	0.001	0.076	0.001	0.001	0.001	0.022	0.000	0.000	0.000	0.016	0.000	0.000	0.006	0.000	0.006	0.000	0.000	0.000	0.000	0.000	0.000	0.000	0.000	0.000	0.000	0.000	0.000	0.000	0.000	0.000	0.000	0.000	0.000	0.000	0.000	0.000	0.000	0.000	0.000	0.000	0.000	0.000	0.000	0.000	0.000	0.000	0.000	0.000	0.000	0.000	0.000	0.000	0.000	0.000	0.000	0.000	0.000	0.000	0.000	0.000	0.000	0.000	0.000	0.000	0.000	0.000	0.000	0.000	0.000	0.000	0.000	0.000	0.000	0.000	0.000	0.000	0.000	0.000	0.000	0.000
FRUB2009	0.094	0.221	0.016	0.154	0.049	0.065	0.025	0.059	0.001	0.001	0.004	0.001	0.008	0.001	0.024	0.001	0.001	0.007	0.031	0.000	0.000	0.000	0.021	0.064	0.000	0.007	0.000	0.000	0.000	0.000	0.000	0.004	0.004	0.000	0.000	0.000	0.000	0.000	0.000	0.000	0.000	0.003	0.030	0.000	0.000	0.000	0.000	0.000	0.000	0.000	0.000	0.000	0.000	0.000	0.000	0.000	0.000	0.000	0.000	0.000	0.017	0.000	0.000	0.007	0.000	0.000	0.000	0.000	0.000	0.000	0.000	0.000	0.000	0.000	0.000	0.000	0.000	0.000	0.000	0.000	0.000	0.000	0.000	0.000	0.000	0.000	0.000	0.000	0.000	0.040	0.000	0.034	0.000	0.000	0.000	0.000	0.000	0.000	0.000	0.000
TSNO1428	0.061	0.084	0.438	0.041	0.009	0.002	0.033	0.002	0.002	0.188	0.002	0.002	0.002	0.001	0.001	0.001	0.001	0.082	0.001	0.001	0.001	0.001	0.001	0.007	0.001	0.000	0.000	0.025	0.000	0.000	0.000	0.000	0.000	0.000	0.000	0.000	0.000	0.000	0.000	0.000	0.000	0.000	0.000	0.000	0.000	0.000	0.000	0.000	0.000	0.000	0.000	0.000	0.000	0.000	0.000	0.000	0.000	0.000	0.000	0.000	0.000	0.000	0.000	0.000	0.000	0.000	0.000	0.000	0.000	0.000	0.000	0.000	0.000	0.000	0.000	0.000	0.000	0.000	0.000	0.000	0.000	0.000	0.000	0.000	0.000	0.000	0.000	0.000	0.000	0.000	0.000	0.000	0.000	0.000	0.000	0.000	0.000	0.000	0.000	0.000
CNUK4011	0.110	0.126	0.143	0.105	0.104	0.002	0.006	0.006	0.001	0.001	0.001	0.001	0.001	0.060	0.043	0.001	0.001	0.001	0.001	0.000	0.000	0.000	0.013	0.013	0.000	0.000	0.000	0.000	0.000	0.005	0.000	0.000	0.000	0.000	0.000	0.000	0.000	0.000	0.000	0.000	0.000	0.000	0.246	0.000	0.000	0.000	0.000	0.000	0.000	0.000	0.000	0.000	0.000	0.000	0.000	0.000	0.000	0.000	0.000	0.000	0.000	0.000	0.000	0.000	0.000	0.000	0.000	0.000	0.000	0.000	0.000	0.000	0.000	0.000	0.000	0.000	0.000	0.000	0.000	0.000	0.000	0.000	0.000	0.000	0.000	0.000	0.000	0.000	0.000	0.000	0.000	0.000	0.000	0.000	0.000	0.000	0.000	0.000	0.000	0.000
SWUV3004	0.148	0.225	0.088	0.010	0.033	0.008	0.116	0.026	0.002	0.044	0.014	0.008	0.032	0.001	0.001	0.019	0.001	0.013	0.067	0.001	0.078	0.001	0.001	0.001	0.001	0.000	0.000	0.054	0.000	0.000	0.000	0.000	0.000	0.000	0.000	0.000	0.000	0.000	0.000	0.000	0.000	0.000	0.000	0.000	0.000	0.000	0.000	0.000	0.000	0.000	0.000	0.000	0.000	0.000	0.000	0.000	0.000	0.000	0.000	0.000	0.000	0.000	0.000	0.000	0.000	0.000	0.000	0.000	0.000	0.000	0.000	0.000	0.000	0.000	0.000	0.000	0.000	0.000	0.000	0.000	0.000	0.000	0.000	0.000	0.000	0.000	0.000	0.000	0.000	0.000	0.000	0.000	0.000	0.000	0.000	0.000	0.000	0.000	0.000	0.000
FRUL2014	0.078	0.182	0.020	0.019	0.018	0.044	0.123	0.054	0.033	0.080	0.122	0.007	0.002	0.001	0.001	0.069	0.001	0.001	0.001	0.001	0.001	0.001	0.001	0.006	0.001	0.000	0.000	0.000	0.068	0.000	0.000	0.000	0.005	0.000	0.000	0.000	0.000	0.026	0.000	0.000	0.000	0.000	0.000	0.000	0.000	0.000	0.000	0.000	0.000	0.000	0.000	0.000	0.000	0.000	0.000	0.005	0.000	0.000	0.000	0.000	0.000	0.000	0.000	0.000	0.000	0.000	0.000	0.000	0.000	0.000	0.000	0.000	0.000	0.021	0.000	0.000	0.000	0.000	0.000	0.000	0.000	0.000	0.000	0.000	0.000	0.000	0.000	0.000	0.000	0.000	0.000	0.000	0.000	0.000	0.000	0.000	0.000	0.000	0.000	0.000
TSNO1425	0.106	0.137	0.090	0.007	0.002	0.005	0.001	0.057	0.001	0.009	0.045	0.005	0.017	0.021	0.013	0.001	0.001	0.001	0.001	0.000	0.048	0.000	0.012	0.000	0.000	0.000	0.000	0.028	0.000	0.063	0.000	0.000	0.000	0.000	0.000	0.000	0.000	0.000	0.000	0.000	0.000	0.004	0.000	0.000	0.000	0.000	0.000	0.000	0.099	0.000	0.000	0.000	0.000	0.000	0.000	0.000	0.217	0.000	0.000	0.000	0.000	0.000	0.000	0.000	0.000	0.000	0.000	0.000	0.000	0.000	0.000	0.000	0.000	0.000	0.000	0.000	0.000	0.000	0.000	0.000	0.000	0.000	0.004	0.000	0.000	0.000	0.000	0.000	0.000	0.000	0.000	0.000	0.000	0.000	0.000	0.000	0.000	0.000	0.000	0.000
NOUO2006	0.160	0.155	0.004	0.052	0.110	0.002	0.036	0.070	0.050	0.016	0.080	0.031	0.021	0.055	0.021	0.001	0.001	0.030	0.016	0.001	0.001	0.001	0.005	0.001	0.005	0.000	0.000	0.010	0.000	0.000	0.044	0.000	0.000	0.000	0.000	0.000	0.005	0.000	0.000	0.000	0.000	0.000	0.000	0.000	0.000	0.000	0.000	0.000	0.000	0.000	0.000	0.000	0.000	0.000	0.000	0.000	0.000	0.000	0.000	0.000	0.000	0.000	0.000	0.000	0.000	0.000	0.000	0.000	0.000	0.000	0.000	0.000	0.000	0.000	0.000	0.005	0.000	0.000	0.000	0.000	0.000	0.000	0.000	0.000	0.000	0.000	0.000	0.000	0.000	0.000	0.000	0.000	0.005	0.000	0.000	0.000	0.000	0.000	0.000	0.000
RUMO9012	0.218	0.045	0.078	0.015	0.015	0.011	0.021	0.001	0.067	0.001	0.001	0.060	0.001	0.001	0.001	0.001	0.007	0.070	0.001	0.000	0.043	0.080	0.000	0.000	0.000	0.000	0.000	0.000	0.000	0.013	0.000	0.000	0.000	0.000	0.000	0.000	0.000	0.000	0.020	0.000	0.000	0.000	0.000	0.000	0.000	0.000	0.000	0.000	0.000	0.000	0.000	0.000	0.000	0.000	0.007	0.036	0.026	0.000	0.000	0.000	0.000	0.010	0.000	0.000	0.000	0.000	0.000	0.000	0.000	0.000	0.000	0.000	0.000	0.000	0.000	0.000	0.000	0.000	0.000	0.060	0.000	0.000	0.020	0.000	0.000	0.000	0.000	0.000	0.000	0.000	0.000	0.000	0.000	0.000	0.053	0.000	0.007	0.000	0.000	0.003
NOHO1044	0.127	0.405	0.091	0.035	0.006	0.002	0.001	0.010	0.033	0.001	0.065	0.001	0.033	0.021	0.045	0.001	0.009	0.001	0.009	0.008	0.000	0.000	0.080	0.000	0.000	0.000	0.000	0.000	0.000	0.000	0.000	0.000	0.000	0.000	0.000	0.000	0.000	0.000	0.000	0.000	0.000	0.000	0.000	0.000	0.000	0.008	0.000	0.000	0.000	0.000	0.000	0.000	0.000	0.000	0.000	0.000	0.000	0.000	0.000	0.000	0.000	0.000	0.000	0.000	0.000	0.000	0.000	0.000	0.000	0.000	0.000	0.000	0.000	0.000	0.000	0.000	0.000	0.000	0.000	0.000	0.000	0.000	0.000	0.000	0.000	0.000	0.000	0.000	0.000	0.000	0.000	0.000	0.000	0.000	0.000	0.000	0.000	0.000	0.000	0.000
FRUB1008	0.314	0.073	0.050	0.029	0.022	0.011	0.005	0.015	0.038	0.001	0.001	0.001	0.011	0.001	0.041	0.014	0.004	0.001	0.001	0.000	0.000	0.014	0.000	0.000	0.000	0.000	0.000	0.000	0.000	0.105	0.000	0.000	0.000	0.240	0.000	0.000	0.000	0.000	0.000	0.000	0.000	0.000	0.000	0.000	0.000	0.000	0.000	0.000	0.000	0.000	0.000	0.000	0.000	0.000	0.000	0.000	0.000	0.000	0.000	0.000	0.000	0.000	0.000	0.000	0.000	0.000	0.000	0.000	0.000	0.000	0.000	0.000	0.000	0.000	0.000	0.000	0.000	0.000	0.000	0.000	0.000	0.000	0.000	0.000	0.000	0.000	0.000	0.000	0.000	0.000	0.000	0.000	0.000	0.000	0.000	0.000	0.000	0.000	0.000	0.000
CZKR1007	0.056	0.354	0.003	0.173	0.002	0.066	0.005	0.005	0.035	0.009	0.001	0.001	0.001	0.001	0.001	0.001	0.046	0.001	0.001	0.000	0.000	0.004	0.000	0.008	0.000	0.000	0.000	0.000	0.008	0.000	0.000	0.000	0.000	0.000	0.012	0.000	0.000	0.000	0.000	0.000	0.000	0.000	0.000	0.000	0.000	0.000	0.000	0.000	0.000	0.000	0.000	0.000	0.000	0.200	0.000	0.000	0.000	0.000	0.000	0.000	0.000	0.000	0.000	0.000	0.000	0.000	0.000	0.000	0.000	0.000	0.000	0.000	0.000	0.000	0.000	0.000	0.000	0.000	0.000	0.000	0.000	0.000	0.000	0.000	0.000	0.000	0.000	0.000	0.000	0.000	0.000	0.000	0.000	0.000	0.000	0.000	0.000	0.000	0.000	0.000
DBAN1034	0.163	0.044	0.122	0.090	0.180	0.002	0.002	0.006	0.001	0.001	0.020	0.038	0.015	0.033	0.060	0.006	0.015	0.005	0.001	0.001	0.000	0.010	0.001	0.096	0.001	0.000	0.000	0.000	0.000	0.000	0.000	0.000	0.000	0.000	0.000	0.000	0.000	0.000	0.000	0.000	0.000	0.000	0.000	0.000	0.000	0.000	0.000	0.000	0.000	0.000	0.041	0.000	0.000	0.000	0.027	0.000	0.000	0.000	0.000	0.000	0.000	0.000	0.000	0.000	0.000	0.000	0.000	0.000	0.000	0.000	0.000	0.000	0.014	0.000	0.000	0.000	0.000	0.000	0.000	0.000	0.000	0.000	0.000	0.000	0.000	0.000	0.000	0.000	0.000	0.000	0.000	0.000	0.000	0.000	0.000	0.000	0.000	0.000	0.000	0.000
CZPU1011	0.172	0.071	0.018	0.012	0.014	0.001	0.064	0.001	0.007	0.042	0.026	0.023	0.054	0.001	0.001	0.067	0.001	0.001	0.001	0.000	0.000	0.007	0.016	0.010	0.000	0.000	0.000	0.044	0.000	0.000	0.138	0.000	0.000	0.000	0.003	0.000	0.000	0.000	0.041	0.000	0.000	0.016	0.000	0.000	0.000	0.000	0.000	0.000	0.000	0.000	0.006	0.000	0.113	0.000	0.000	0.000	0.000	0.000	0.000	0.000	0.000	0.000	0.025	0.000	0.000	0.000	0.000	0.000	0.000	0.000	0.000	0.000	0.000	0.000	0.000	0.000	0.000	0.000	0.000	0.000	0.000	0.000	0.000	0.000	0.000	0.000	0.000	0.000	0.000	0.000	0.000	0.000	0.000	0.000	0.000	0.000	0.000	0.000	0.000	0.000
NOUO1025	0.139	0.154	0.186	0.045	0.018	0.002	0.033	0.002	0.012	0.002	0.028	0.048	0.012	0.012	0.006	0.058	0.089	0.017	0.001	0.001	0.001	0.001	0.027	0.001	0.001	0.000	0.000	0.000	0.000	0.000	0.000	0.000	0.000	0.000	0.000	0.000	0.000	0.000	0.000	0.000	0.000	0.000	0.000	0.000	0.000	0.000	0.000	0.000	0.000	0.000	0.000	0.000	0.000	0.000	0.000	0.000	0.000	0.000	0.000	0.000	0.000	0.000	0.094	0.000	0.000	0.000	0.000	0.000	0.000	0.000	0.000	0.000	0.000	0.000	0.000	0.000	0.000	0.000	0.000	0.000	0.000	0.005	0.000	0.000	0.000	0.000	0.000	0.000	0.000	0.000	0.000	0.000	0.000	0.000	0.000	0.000	0.000	0.000	0.000	0.000
RUMO5002	0.285	0.224	0.051	0.031	0.006	0.002	0.046	0.014	0.001	0.025	0.122	0.009	0.001	0.001	0.001	0.009	0.001	0.021	0.001	0.000	0.000	0.000	0.021	0.000	0.000	0.028	0.000	0.000	0.000	0.000	0.000	0.000	0.004	0.000	0.000	0.000	0.000	0.000	0.000	0.004	0.000	0.000	0.000	0.000	0.000	0.000	0.000	0.000	0.000	0.000	0.000	0.000	0.000	0.000	0.000	0.000	0.000	0.000	0.000	0.000	0.000	0.000	0.000	0.000	0.000	0.000	0.000	0.077	0.000	0.000	0.000	0.000	0.000	0.000	0.000	0.000	0.000	0.000	0.000	0.000	0.000	0.000	0.000	0.000	0.000	0.000	0.000	0.000	0.000	0.000	0.008	0.000	0.000	0.000	0.000	0.000	0.000	0.000	0.000	0.000
NOUO1094	0.101	0.198	0.003	0.131	0.002	0.058	0.001	0.017	0.001	0.009	0.069	0.001	0.001	0.057	0.001	0.076	0.001	0.001	0.001	0.000	0.000	0.000	0.000	0.000	0.000	0.061	0.000	0.000	0.000	0.000	0.000	0.000	0.000	0.000	0.068	0.023	0.000	0.000	0.008	0.000	0.000	0.000	0.000	0.000	0.000	0.000	0.000	0.000	0.000	0.000	0.000	0.000	0.000	0.000	0.026	0.000	0.000	0.000	0.000	0.000	0.000	0.000	0.000	0.000	0.000	0.000	0.000	0.000	0.000	0.000	0.000	0.000	0.000	0.000	0.000	0.008	0.000	0.000	0.000	0.000	0.000	0.000	0.000	0.000	0.000	0.072	0.000	0.000	0.000	0.000	0.000	0.000	0.000	0.000	0.000	0.000	0.000	0.000	0.000	0.000
FIJY1075	0.103	0.191	0.053	0.063	0.032	0.027	0.002	0.046	0.026	0.002	0.006	0.016	0.002	0.006	0.001	0.060	0.070	0.001	0.065	0.001	0.030	0.050	0.001	0.001	0.001	0.005	0.000	0.010	0.000	0.000	0.000	0.000	0.000	0.000	0.000	0.010	0.000	0.079	0.000	0.000	0.000	0.000	0.000	0.000	0.000	0.000	0.000	0.010	0.000	0.000	0.000	0.000	0.000	0.000	0.000	0.000	0.000	0.000	0.000	0.000	0.000	0.000	0.000	0.000	0.000	0.000	0.000	0.000	0.000	0.000	0.000	0.000	0.000	0.000	0.000	0.000	0.000	0.000	0.000	0.000	0.000	0.000	0.010	0.000	0.000	0.000	0.000	0.000	0.000	0.000	0.000	0.000	0.000	0.000	0.000	0.000	0.015	0.000	0.000	0.000
ITTO6002	0.219	0.026	0.139	0.038	0.093	0.008	0.013	0.053	0.036	0.002	0.019	0.002	0.092	0.001	0.001	0.001	0.024	0.001	0.007	0.091	0.029	0.017	0.001	0.046	0.001	0.000	0.000	0.001	0.000	0.000	0.000	0.000	0.006	0.006	0.000	0.006	0.000	0.000	0.000	0.000	0.000	0.000	0.000	0.000	0.000	0.000	0.000	0.000	0.000	0.000	0.000	0.000	0.000	0.000	0.000	0.000	0.000	0.017	0.000	0.000	0.000	0.000	0.000	0.000	0.000	0.000	0.000	0.000	0.000	0.000	0.000	0.000	0.000	0.000	0.000	0.000	0.000	0.000	0.000	0.000	0.000	0.000	0.000	0.000	0.000	0.000	0.000	0.000	0.000	0.000	0.000	0.000	0.000	0.000	0.000	0.000	0.000	0.000	0.000	0.000
FIJY1043	0.055	0.393	0.124	0.014	0.046	0.046	0.020	0.001	0.023	0.001	0.005	0.001	0.001	0.016	0.001	0.008	0.159	0.026	0.012	0.000	0.000	0.000	0.023	0.000	0.000	0.000	0.000	0.000	0.000	0.000	0.000	0.000	0.000	0.000	0.000	0.000	0.000	0.004	0.000	0.000	0.000	0.000	0.000	0.000	0.000	0.000	0.000	0.000	0.000	0.000	0.000	0.000	0.000	0.000	0.000	0.000	0.000	0.004	0.000	0.000	0.000	0.000	0.000	0.000	0.000	0.000	0.000	0.000	0.000	0.000	0.000	0.000	0.011	0.000	0.000	0.000	0.000	0.000	0.000	0.000	0.000	0.000	0.000	0.000	0.000	0.000	0.000	0.000	0.000	0.000	0.000	0.000	0.000	0.000	0.000	0.000	0.000	0.000	0.000	0.000
RUMO7023	0.147	0.069	0.167	0.034	0.123	0.017	0.001	0.009	0.005	0.052	0.009	0.001	0.036	0.028	0.055	0.001	0.001	0.012	0.036	0.000	0.008	0.000	0.074	0.000	0.000	0.004	0.000	0.000	0.000	0.000	0.000	0.000	0.000	0.000	0.004	0.000	0.000	0.000	0.000	0.000	0.098	0.000	0.000	0.000	0.000	0.000	0.000	0.000	0.000	0.000	0.000	0.000	0.000	0.000	0.000	0.000	0.000	0.000	0.000	0.000	0.000	0.000	0.000	0.000	0.000	0.000	0.000	0.000	0.000	0.000	0.000	0.000	0.000	0.000	0.000	0.000	0.000	0.000	0.000	0.000	0.000	0.000	0.000	0.000	0.000	0.000	0.000	0.000	0.000	0.000	0.000	0.000	0.000	0.000	0.000	0.000	0.000	0.000	0.000	0.000
DBAN3034	0.223	0.232	0.052	0.003	0.007	0.031	0.050	0.002	0.006	0.040	0.002	0.094	0.002	0.001	0.137	0.035	0.006	0.025	0.001	0.001	0.001	0.001	0.001	0.010	0.001	0.015	0.000	0.000	0.000	0.000	0.000	0.000	0.000	0.000	0.000	0.000	0.000	0.000	0.000	0.000	0.000	0.000	0.000	0.000	0.000	0.000	0.000	0.000	0.000	0.000	0.000	0.000	0.000	0.000	0.010	0.000	0.000	0.000	0.005	0.000	0.000	0.000	0.000	0.000	0.000	0.000	0.000	0.000	0.000	0.000	0.000	0.000	0.000	0.000	0.000	0.000	0.000	0.000	0.000	0.000	0.000	0.000	0.000	0.000	0.000	0.000	0.000	0.000	0.000	0.000	0.000	0.000	0.000	0.000	0.000	0.000	0.000	0.000	0.000	0.000
TSNO1488	0.140	0.019	0.313	0.091	0.094	0.030	0.001	0.002	0.001	0.001	0.001	0.037	0.025	0.005	0.001	0.013	0.001	0.005	0.001	0.000	0.000	0.017	0.005	0.000	0.000	0.000	0.064	0.000	0.000	0.008	0.000	0.000	0.000	0.000	0.000	0.044	0.000	0.000	0.000	0.000	0.000	0.004	0.000	0.000	0.000	0.000	0.000	0.000	0.000	0.012	0.000	0.000	0.000	0.000	0.000	0.000	0.000	0.000	0.000	0.000	0.000	0.000	0.000	0.000	0.000	0.000	0.000	0.000	0.000	0.000	0.000	0.000	0.000	0.000	0.056	0.000	0.000	0.000	0.000	0.000	0.000	0.000	0.000	0.000	0.000	0.000	0.000	0.000	0.000	0.000	0.000	0.000	0.000	0.000	0.000	0.000	0.000	0.000	0.000	0.000
CZPR3009	0.132	0.237	0.003	0.042	0.014	0.076	0.060	0.002	0.005	0.005	0.005	0.079	0.001	0.048	0.001	0.001	0.009	0.001	0.001	0.004	0.098	0.000	0.000	0.000	0.000	0.000	0.000	0.004	0.000	0.000	0.000	0.086	0.000	0.000	0.000	0.000	0.024	0.000	0.000	0.000	0.000	0.004	0.000	0.000	0.004	0.000	0.000	0.027	0.000	0.000	0.000	0.000	0.000	0.000	0.000	0.000	0.000	0.000	0.000	0.000	0.000	0.012	0.000	0.000	0.000	0.000	0.000	0.000	0.000	0.000	0.000	0.000	0.000	0.000	0.000	0.000	0.000	0.000	0.000	0.008	0.000	0.000	0.000	0.000	0.000	0.000	0.000	0.000	0.000	0.000	0.000	0.000	0.000	0.000	0.000	0.000	0.000	0.000	0.000	0.000
TSNO1448	0.091	0.211	0.085	0.004	0.014	0.002	0.002	0.008	0.002	0.019	0.002	0.002	0.083	0.042	0.013	0.001	0.001	0.157	0.001	0.001	0.001	0.001	0.001	0.001	0.001	0.000	0.000	0.058	0.000	0.000	0.000	0.000	0.000	0.000	0.000	0.000	0.000	0.000	0.000	0.000	0.000	0.000	0.000	0.000	0.006	0.000	0.000	0.000	0.006	0.000	0.000	0.000	0.000	0.000	0.000	0.000	0.000	0.000	0.000	0.167	0.000	0.006	0.000	0.000	0.000	0.000	0.000	0.000	0.000	0.000	0.000	0.000	0.000	0.000	0.000	0.000	0.000	0.000	0.000	0.000	0.000	0.000	0.000	0.006	0.000	0.000	0.000	0.000	0.000	0.000	0.000	0.000	0.000	0.000	0.000	0.000	0.000	0.000	0.000	0.000
NOBU1004	0.163	0.053	0.101	0.035	0.005	0.005	0.111	0.001	0.078	0.038	0.016	0.001	0.034	0.001	0.001	0.154	0.001	0.001	0.001	0.011	0.000	0.008	0.037	0.000	0.073	0.048	0.000	0.000	0.000	0.000	0.000	0.000	0.000	0.004	0.015	0.000	0.000	0.000	0.000	0.000	0.000	0.000	0.000	0.000	0.000	0.000	0.000	0.000	0.000	0.000	0.000	0.000	0.000	0.000	0.000	0.000	0.000	0.000	0.000	0.000	0.000	0.000	0.000	0.000	0.000	0.000	0.000	0.000	0.000	0.000	0.000	0.000	0.000	0.000	0.000	0.000	0.000	0.000	0.000	0.000	0.000	0.000	0.000	0.000	0.000	0.000	0.000	0.000	0.000	0.000	0.000	0.000	0.000	0.000	0.000	0.000	0.000	0.000	0.000	0.000
ITRS2032	0.124	0.286	0.065	0.018	0.037	0.110	0.036	0.079	0.001	0.001	0.001	0.001	0.059	0.001	0.001	0.020	0.005	0.008	0.001	0.000	0.000	0.000	0.000	0.000	0.000	0.000	0.000	0.000	0.000	0.000	0.000	0.000	0.000	0.000	0.000	0.020	0.000	0.000	0.089	0.000	0.000	0.000	0.000	0.000	0.000	0.000	0.000	0.000	0.000	0.000	0.000	0.000	0.000	0.000	0.000	0.000	0.012	0.000	0.000	0.000	0.004	0.000	0.004	0.000	0.000	0.000	0.004	0.000	0.000	0.000	0.000	0.000	0.000	0.000	0.000	0.000	0.004	0.000	0.000	0.000	0.000	0.000	0.000	0.000	0.000	0.000	0.000	0.000	0.000	0.000	0.000	0.000	0.000	0.000	0.000	0.000	0.000	0.000	0.000	0.000
FRUL2028	0.096	0.084	0.018	0.088	0.134	0.002	0.001	0.056	0.114	0.040	0.013	0.001	0.036	0.044	0.032	0.005	0.001	0.001	0.001	0.000	0.008	0.000	0.000	0.039	0.000	0.035	0.000	0.000	0.000	0.000	0.082	0.000	0.000	0.000	0.000	0.000	0.000	0.000	0.000	0.000	0.000	0.000	0.000	0.000	0.000	0.000	0.000	0.000	0.000	0.000	0.000	0.000	0.000	0.000	0.000	0.000	0.000	0.000	0.000	0.000	0.000	0.000	0.000	0.000	0.000	0.008	0.000	0.000	0.000	0.000	0.000	0.000	0.000	0.000	0.008	0.000	0.000	0.000	0.000	0.000	0.000	0.000	0.000	0.000	0.000	0.000	0.000	0.000	0.000	0.000	0.000	0.000	0.000	0.047	0.000	0.000	0.000	0.000	0.000	0.000
FRUL1015	0.227	0.069	0.143	0.009	0.032	0.019	0.014	0.031	0.042	0.071	0.002	0.001	0.001	0.001	0.007	0.087	0.001	0.000	0.001	0.001	0.001	0.001	0.006	0.001	0.000	0.000	0.000	0.000	0.000	0.000	0.017	0.000	0.012	0.000	0.035	0.000	0.000	0.006	0.000	0.126	0.000	0.000	0.000	0.000	0.000	0.000	0.000	0.000	0.000	0.000	0.000	0.000	0.006	0.000	0.000	0.000	0.000	0.000	0.000	0.000	0.000	0.000	0.000	0.000	0.000	0.000	0.000	0.000	0.000	0.011	0.000	0.000	0.000	0.000	0.000	0.000	0.000	0.000	0.000	0.000	0.000	0.000	0.000	0.000	0.000	0.000	0.000	0.000	0.000	0.000	0.000	0.000	0.000	0.000	0.000	0.000	0.011	0.000	0.000	0.000
BGSU1174	0.222	0.273	0.119	0.147	0.018	0.022	0.002	0.002	0.007	0.002	0.001	0.085	0.011	0.001	0.001	0.001	0.001	0.000	0.001	0.001	0.000	0.000	0.020	0.001	0.000	0.000	0.000	0.000	0.000	0.000	0.000	0.030	0.000	0.000	0.000	0.000	0.000	0.000	0.000	0.000	0.000	0.000	0.000	0.000	0.000	0.000	0.000	0.010	0.005	0.000	0.000	0.000	0.000	0.000	0.000	0.000	0.000	0.000	0.000	0.000	0.000	0.000	0.000	0.000	0.010	0.000	0.000	0.000	0.000	0.000	0.000	0.000	0.000	0.000	0.000	0.000	0.000	0.000	0.000	0.000	0.000	0.000	0.000	0.000	0.000	0.000	0.000	0.000	0.000	0.000	0.000	0.000	0.000	0.000	0.000	0.000	0.000	0.000	0.000	0.000
BGSU1276	0.205	0.074	0.073	0.186	0.040	0.027	0.057	0.002	0.002	0.081	0.002	0.002	0.038	0.001	0.001	0.031	0.001	0.000	0.001	0.001	0.073	0.001	0.001	0.001	0.000	0.000	0.000	0.000	0.000	0.000	0.000	0.000	0.000	0.024	0.000	0.000	0.000	0.000	0.000	0.000	0.000	0.000	0.000	0.000	0.000	0.006	0.000	0.000	0.000	0.000	0.000	0.000	0.000	0.000	0.000	0.000	0.024	0.000	0.000	0.000	0.000	0.000	0.000	0.000	0.000	0.000	0.000	0.000	0.000	0.000	0.000	0.000	0.000	0.000	0.000	0.000	0.000	0.000	0.000	0.030	0.000	0.000	0.000	0.000	0.000	0.000	0.000	0.000	0.000	0.000	0.000	0.000	0.000	0.000	0.000	0.006	0.000	0.000	0.000	0.000
BGSU1251	0.159	0.157	0.157	0.147	0.010	0.009	0.002	0.009	0.001	0.057	0.001	0.001	0.031	0.001	0.005	0.001	0.008	0.000	0.000	0.015	0.000	0.000	0.000	0.034	0.000	0.179	0.000	0.000	0.000	0.000	0.000	0.000	0.000	0.000	0.000	0.000	0.000	0.000	0.011	0.000	0.000	0.000	0.000	0.000	0.000	0.000	0.000	0.000	0.000	0.000	0.000	0.000	0.000	0.000	0.000	0.000	0.000	0.000	0.000	0.000	0.000	0.000	0.000	0.000	0.000	0.000	0.000	0.000	0.000	0.000	0.000	0.000	0.000	0.000	0.000	0.000	0.000	0.000	0.000	0.000	0.000	0.000	0.000	0.000	0.000	0.000	0.000	0.000	0.000	0.000	0.000	0.000	0.000	0.000	0.000	0.000	0.000	0.000	0.000	0.000
ITRS1005	0.144	0.027	0.185	0.078	0.064	0.218	0.002	0.010	0.006	0.019	0.001	0.028	0.001	0.001	0.032	0.005	0.001	0.000	0.005	0.001	0.005	0.000	0.000	0.001	0.000	0.000	0.000	0.071	0.000	0.000	0.000	0.009	0.000	0.049	0.000	0.000	0.005	0.000	0.000	0.027	0.000	0.000	0.000	0.000	0.000	0.000	0.000	0.000	0.000	0.000	0.000	0.000	0.000	0.000	0.000	0.000	0.000	0.000	0.000	0.000	0.000	0.000	0.000	0.000	0.000	0.000	0.000	0.000	0.000	0.000	0.000	0.000	0.000	0.000	0.000	0.000	0.000	0.000	0.000	0.000	0.000	0.000	0.000	0.000	0.000	0.000	0.000	0.000	0.000	0.000	0.000	0.000	0.000	0.000	0.000	0.000	0.000	0.000	0.000	0.000
FIJY1031	0.097	0.074	0.151	0.051	0.084	0.002	0.022	0.222	0.001	0.001	0.001	0.005	0.001	0.066	0.079	0.001	0.000	0.000	0.009	0.017	0.009	0.000	0.000	0.001	0.000	0.000	0.000	0.000	0.000	0.000	0.000	0.000	0.000	0.057	0.000	0.000	0.000	0.000	0.000	0.000	0.000	0.000	0.004	0.000	0.000	0.000	0.000	0.000	0.000	0.000	0.000	0.000	0.000	0.000	0.000	0.000	0.000	0.000	0.000	0.000	0.000	0.000	0.000	0.000	0.000	0.000	0.000	0.000	0.000	0.000	0.000	0.000	0.000	0.000	0.000	0.000	0.000	0.000	0.000	0.000	0.000	0.000	0.000	0.000	0.037	0.000	0.000	0.000	0.000	0.000	0.000	0.000	0.000	0.000	0.000	0.000	0.000	0.000	0.000	0.000
BGSU1281	0.178	0.066	0.044	0.016	0.011	0.010	0.098	0.002	0.001	0.054	0.006	0.001	0.001	0.005	0.001	0.001	0.027	0.000	0.014	0.001	0.000	0.000	0.000	0.001	0.044	0.000	0.000	0.000	0.000	0.022	0.000	0.000	0.022	0.000	0.000	0.000	0.000	0.000	0.000	0.000	0.358	0.000	0.000	0.000	0.000	0.000	0.000	0.000	0.000	0.000	0.000	0.000	0.000	0.000	0.000	0.000	0.000	0.000	0.000	0.000	0.000	0.000	0.000	0.000	0.000	0.000	0.000	0.000	0.000	0.000	0.004	0.000	0.000	0.000	0.000	0.000	0.000	0.000	0.000	0.000	0.000	0.000	0.000	0.000	0.000	0.000	0.000	0.000	0.000	0.000	0.000	0.000	0.004	0.000	0.000	0.000	0.000	0.000	0.000	0.000
POPZ1008	0.057	0.175	0.123	0.012	0.029	0.012	0.005	0.008	0.117	0.005	0.049	0.001	0.001	0.008	0.001	0.007	0.048	0.000	0.000	0.000	0.000	0.000	0.028	0.000	0.024	0.010	0.000	0.099	0.000	0.000	0.000	0.000	0.000	0.000	0.000	0.000	0.000	0.000	0.000	0.000	0.000	0.000	0.065	0.000	0.000	0.000	0.000	0.000	0.000	0.000	0.000	0.000	0.000	0.034	0.000	0.000	0.000	0.000	0.000	0.000	0.000	0.000	0.000	0.000	0.000	0.000	0.000	0.000	0.000	0.000	0.000	0.000	0.000	0.000	0.000	0.000	0.000	0.000	0.000	0.000	0.000	0.000	0.000	0.000	0.000	0.000	0.000	0.000	0.000	0.041	0.000	0.024	0.000	0.000	0.000	0.010	0.000	0.000	0.000	0.000
BGSU1299	0.067	0.475	0.137	0.040	0.008	0.007	0.013	0.002	0.002	0.002	0.001	0.038	0.001	0.006	0.001	0.001	0.001	0.000	0.001	0.001	0.000	0.000	0.001	0.001	0.032	0.000	0.000	0.000	0.048	0.000	0.000	0.037	0.000	0.000	0.000	0.000	0.069	0.000	0.000	0.000	0.000	0.000	0.000	0.000	0.000	0.000	0.000	0.000	0.000	0.000	0.000	0.000	0.000	0.000	0.000	0.000	0.000	0.000	0.000	0.000	0.000	0.000	0.000	0.000	0.000	0.000	0.000	0.000	0.000	0.000	0.000	0.000	0.000	0.000	0.000	0.000	0.000	0.000	0.000	0.000	0.000	0.000	0.000	0.000	0.000	0.000	0.000	0.000	0.000	0.000	0.000	0.000	0.000	0.000	0.000	0.000	0.000	0.000	0.000	0.000
DBAN1026	0.131	0.080	0.053	0.003	0.091	0.041	0.068	0.081	0.001	0.116	0.058	0.001	0.098	0.001	0.005	0.001	0.001	0.000	0.000	0.009	0.000	0.000	0.005	0.001	0.027	0.000	0.000	0.000	0.005	0.000	0.000	0.000	0.027	0.000	0.000	0.000	0.000	0.000	0.000	0.000	0.000	0.000	0.000	0.013	0.000	0.000	0.000	0.000	0.000	0.000	0.000	0.000	0.000	0.000	0.000	0.000	0.000	0.000	0.000	0.000	0.066	0.000	0.000	0.000	0.000	0.000	0.000	0.000	0.000	0.000	0.000	0.000	0.000	0.000	0.000	0.000	0.000	0.000	0.000	0.000	0.000	0.009	0.000	0.000	0.000	0.000	0.000	0.000	0.000	0.000	0.000	0.000	0.000	0.000	0.000	0.000	0.000	0.000	0.000	0.000
CZUN1009	0.109	0.026	0.203	0.019	0.116	0.078	0.154	0.002	0.082	0.001	0.001	0.031	0.001	0.005	0.022	0.001	0.001	0.000	0.005	0.001	0.000	0.000	0.000	0.001	0.000	0.000	0.004	0.000	0.000	0.000	0.000	0.000	0.000	0.030	0.000	0.000	0.004	0.000	0.093	0.000	0.000	0.000	0.000	0.000	0.004	0.000	0.000	0.000	0.000	0.000	0.000	0.000	0.000	0.000	0.000	0.000	0.000	0.000	0.000	0.000	0.000	0.000	0.000	0.000	0.000	0.000	0.000	0.000	0.000	0.000	0.000	0.000	0.000	0.000	0.000	0.000	0.000	0.000	0.000	0.000	0.000	0.000	0.000	0.000	0.000	0.000	0.000	0.000	0.000	0.000	0.000	0.000	0.000	0.000	0.000	0.000	0.000	0.000	0.000	0.000
FRUL1005	0.181	0.161	0.155	0.009	0.097	0.002	0.019	0.008	0.007	0.013	0.001	0.007	0.045	0.001	0.001	0.001	0.006	0.000	0.001	0.001	0.001	0.006	0.056	0.001	0.006	0.006	0.000	0.000	0.083	0.000	0.011	0.000	0.000	0.000	0.000	0.000	0.000	0.000	0.105	0.000	0.000	0.000	0.000	0.000	0.000	0.000	0.000	0.000	0.000	0.000	0.000	0.000	0.000	0.000	0.000	0.000	0.000	0.000	0.000	0.000	0.000	0.000	0.000	0.000	0.000	0.000	0.000	0.000	0.000	0.000	0.000	0.000	0.000	0.000	0.000	0.000	0.000	0.000	0.000	0.000	0.000	0.000	0.000	0.000	0.000	0.000	0.000	0.000	0.000	0.000	0.000	0.000	0.000	0.000	0.000	0.000	0.000	0.000	0.000	0.000
BGSU1194	0.076	0.260	0.098	0.007	0.045	0.031	0.027	0.048	0.001	0.044	0.159	0.022	0.001	0.005	0.001	0.069	0.001	0.000	0.000	0.013	0.000	0.000	0.000	0.001	0.000	0.017	0.000	0.000	0.000	0.000	0.000	0.022	0.000	0.000	0.000	0.000	0.000	0.004	0.000	0.000	0.000	0.000	0.009	0.000	0.000	0.000	0.000	0.004	0.000	0.000	0.000	0.000	0.000	0.000	0.000	0.000	0.004	0.000	0.000	0.000	0.000	0.000	0.000	0.000	0.000	0.000	0.000	0.000	0.000	0.000	0.000	0.000	0.000	0.000	0.000	0.000	0.000	0.000	0.000	0.000	0.000	0.000	0.000	0.000	0.000	0.000	0.000	0.000	0.000	0.000	0.000	0.000	0.000	0.000	0.000	0.000	0.000	0.021	0.000	0.000
BGSU1053	0.274	0.089	0.006	0.278	0.086	0.002	0.002	0.019	0.024	0.013	0.001	0.084	0.023	0.001	0.001	0.001	0.006	0.000	0.001	0.001	0.006	0.000	0.006	0.001	0.006	0.000	0.006	0.000	0.000	0.000	0.000	0.000	0.000	0.000	0.000	0.039	0.000	0.000	0.000	0.000	0.000	0.000	0.000	0.000	0.000	0.000	0.000	0.000	0.000	0.000	0.000	0.017	0.000	0.000	0.000	0.000	0.000	0.000	0.000	0.000	0.000	0.000	0.000	0.000	0.000	0.000	0.000	0.000	0.000	0.000	0.000	0.000	0.000	0.000	0.000	0.000	0.000	0.000	0.000	0.000	0.000	0.000	0.000	0.000	0.000	0.000	0.000	0.000	0.000	0.000	0.000	0.000	0.000	0.000	0.000	0.000	0.000	0.000	0.000	0.000
NOBE1011	0.067	0.112	0.124	0.014	0.066	0.045	0.058	0.017	0.109	0.009	0.109	0.001	0.025	0.005	0.009	0.001	0.000	0.000	0.044	0.001	0.000	0.000	0.000	0.001	0.000	0.000	0.000	0.000	0.000	0.000	0.000	0.008	0.000	0.000	0.004	0.000	0.024	0.000	0.000	0.000	0.000	0.000	0.000	0.072	0.060	0.000	0.000	0.008	0.000	0.000	0.000	0.000	0.000	0.000	0.000	0.000	0.000	0.000	0.000	0.000	0.000	0.000	0.000	0.000	0.000	0.000	0.000	0.000	0.000	0.000	0.000	0.000	0.000	0.000	0.000	0.000	0.000	0.000	0.000	0.000	0.000	0.000	0.000	0.000	0.000	0.000	0.000	0.000	0.000	0.000	0.000	0.000	0.000	0.000	0.000	0.000	0.000	0.000	0.000	0.000
BGSU1184	0.219	0.056	0.071	0.003	0.173	0.007	0.007	0.047	0.002	0.002	0.001	0.001	0.001	0.031	0.046	0.001	0.001	0.000	0.001	0.001	0.260	0.000	0.000	0.006	0.000	0.000	0.000	0.000	0.005	0.000	0.000	0.000	0.000	0.000	0.000	0.000	0.000	0.000	0.000	0.000	0.010	0.000	0.000	0.000	0.000	0.000	0.015	0.000	0.000	0.005	0.000	0.000	0.000	0.000	0.000	0.000	0.000	0.000	0.000	0.000	0.000	0.000	0.000	0.000	0.000	0.000	0.000	0.000	0.000	0.000	0.000	0.000	0.000	0.000	0.000	0.000	0.000	0.000	0.000	0.000	0.000	0.000	0.000	0.000	0.000	0.005	0.000	0.000	0.000	0.000	0.000	0.000	0.000	0.010	0.000	0.005	0.000	0.000	0.000	0.000
FIJY1013	0.038	0.114	0.015	0.165	0.096	0.002	0.022	0.124	0.060	0.016	0.006	0.006	0.001	0.070	0.040	0.001	0.001	0.000	0.103	0.001	0.005	0.000	0.000	0.001	0.000	0.000	0.000	0.000	0.015	0.000	0.000	0.000	0.000	0.000	0.000	0.000	0.000	0.000	0.005	0.000	0.000	0.044	0.000	0.000	0.000	0.000	0.000	0.000	0.000	0.000	0.000	0.000	0.000	0.000	0.000	0.000	0.000	0.000	0.000	0.000	0.000	0.000	0.000	0.000	0.000	0.000	0.000	0.000	0.000	0.000	0.000	0.000	0.000	0.000	0.000	0.000	0.000	0.000	0.000	0.000	0.000	0.000	0.000	0.000	0.039	0.000	0.000	0.000	0.000	0.000	0.000	0.000	0.000	0.000	0.000	0.000	0.000	0.000	0.000	0.000
DBAN3047	0.113	0.146	0.114	0.026	0.006	0.021	0.002	0.001	0.001	0.001	0.115	0.013	0.028	0.001	0.001	0.005	0.000	0.000	0.000	0.052	0.000	0.000	0.000	0.000	0.000	0.000	0.000	0.020	0.004	0.000	0.000	0.000	0.000	0.196	0.000	0.000	0.000	0.000	0.000	0.000	0.000	0.000	0.000	0.000	0.000	0.000	0.000	0.000	0.000	0.000	0.000	0.000	0.000	0.000	0.000	0.000	0.000	0.000	0.000	0.000	0.000	0.000	0.000	0.000	0.000	0.000	0.000	0.000	0.000	0.000	0.000	0.000	0.000	0.000	0.000	0.000	0.000	0.000	0.000	0.000	0.126	0.000	0.000	0.000	0.000	0.000	0.000	0.000	0.000	0.000	0.000	0.000	0.000	0.000	0.000	0.000	0.000	0.000	0.000	0.000
RUMO2003	0.219	0.250	0.071	0.007	0.007	0.047	0.010	0.002	0.072	0.010	0.030	0.001	0.013	0.001	0.001	0.026	0.001	0.004	0.000	0.001	0.034	0.005	0.000	0.001	0.000	0.029	0.004	0.017	0.000	0.000	0.004	0.042	0.000	0.000	0.000	0.000	0.000	0.000	0.000	0.000	0.000	0.000	0.000	0.000	0.000	0.000	0.000	0.000	0.000	0.000	0.008	0.004	0.000	0.050	0.000	0.000	0.000	0.000	0.000	0.000	0.021	0.000	0.000	0.000	0.000	0.000	0.000	0.000	0.000	0.000	0.000	0.000	0.000	0.000	0.000	0.000	0.000	0.000	0.004	0.000	0.000	0.000	0.000	0.000	0.000	0.000	0.000	0.000	0.000	0.000	0.000	0.000	0.000	0.000	0.000	0.000	0.000	0.000	0.000	0.000
FRUL1019	0.125	0.131	0.105	0.003	0.011	0.002	0.023	0.002	0.001	0.098	0.001	0.030	0.009	0.005	0.001	0.022	0.038	0.000	0.009	0.001	0.005	0.000	0.034	0.068	0.000	0.000	0.000	0.000	0.000	0.042	0.000	0.009	0.000	0.000	0.004	0.000	0.000	0.000	0.000	0.126	0.000	0.042	0.000	0.000	0.000	0.000	0.000	0.000	0.000	0.000	0.000	0.000	0.000	0.000	0.000	0.000	0.025	0.000	0.000	0.000	0.000	0.000	0.000	0.000	0.000	0.000	0.000	0.000	0.000	0.000	0.000	0.000	0.000	0.000	0.000	0.000	0.000	0.000	0.000	0.000	0.000	0.000	0.000	0.017	0.000	0.000	0.000	0.000	0.000	0.000	0.004	0.000	0.000	0.000	0.000	0.000	0.000	0.000	0.000	0.000
NOUO1055	0.139	0.032	0.039	0.069	0.079	0.047	0.009	0.001	0.127	0.012	0.001	0.001	0.011	0.001	0.078	0.001	0.000	0.000	0.000	0.000	0.000	0.000	0.000	0.004	0.000	0.000	0.000	0.000	0.018	0.000	0.014	0.000	0.000	0.000	0.297	0.000	0.011	0.000	0.000	0.000	0.000	0.000	0.000	0.000	0.004	0.000	0.000	0.000	0.000	0.000	0.000	0.000	0.000	0.000	0.000	0.000	0.000	0.000	0.000	0.000	0.000	0.000	0.000	0.000	0.000	0.000	0.000	0.000	0.000	0.000	0.000	0.000	0.000	0.000	0.000	0.000	0.000	0.000	0.000	0.000	0.000	0.000	0.000	0.000	0.000	0.000	0.000	0.000	0.000	0.000	0.000	0.000	0.000	0.000	0.000	0.000	0.000	0.000	0.000	0.000
NOOS1007	0.060	0.066	0.070	0.059	0.050	0.076	0.037	0.076	0.049	0.002	0.006	0.045	0.001	0.057	0.001	0.005	0.027	0.000	0.014	0.001	0.000	0.000	0.000	0.001	0.000	0.000	0.000	0.018	0.000	0.092	0.000	0.000	0.000	0.000	0.000	0.074	0.000	0.000	0.013	0.000	0.000	0.000	0.000	0.000	0.009	0.000	0.000	0.000	0.000	0.000	0.000	0.000	0.000	0.000	0.000	0.000	0.000	0.000	0.000	0.000	0.000	0.000	0.000	0.000	0.000	0.000	0.000	0.000	0.000	0.000	0.000	0.000	0.000	0.000	0.000	0.000	0.000	0.000	0.000	0.087	0.000	0.000	0.000	0.000	0.000	0.000	0.000	0.000	0.000	0.000	0.000	0.000	0.000	0.000	0.000	0.000	0.000	0.000	0.000	0.000
BGSU1183	0.398	0.020	0.058	0.071	0.006	0.001	0.002	0.005	0.001	0.001	0.001	0.273	0.001	0.001	0.001	0.008	0.000	0.000	0.000	0.020	0.016	0.000	0.000	0.000	0.000	0.000	0.000	0.000	0.000	0.000	0.000	0.000	0.000	0.000	0.000	0.000	0.000	0.000	0.000	0.000	0.000	0.107	0.000	0.000	0.000	0.000	0.000	0.000	0.000	0.000	0.000	0.000	0.000	0.000	0.000	0.000	0.000	0.000	0.000	0.000	0.000	0.000	0.000	0.000	0.000	0.000	0.000	0.000	0.000	0.000	0.000	0.000	0.000	0.000	0.000	0.000	0.000	0.000	0.000	0.000	0.000	0.000	0.000	0.000	0.000	0.000	0.000	0.000	0.000	0.000	0.000	0.000	0.000	0.000	0.000	0.000	0.000	0.000	0.000	0.000
POPZ1007	0.044	0.129	0.316	0.162	0.012	0.022	0.002	0.033	0.001	0.091	0.070	0.001	0.018	0.032	0.039	0.004	0.004	0.000	0.000	0.004	0.000	0.000	0.000	0.000	0.000	0.000	0.000	0.000	0.000	0.000	0.000	0.000	0.000	0.000	0.000	0.000	0.000	0.000	0.000	0.000	0.000	0.000	0.000	0.000	0.000	0.000	0.000	0.004	0.000	0.000	0.000	0.000	0.000	0.000	0.000	0.000	0.000	0.004	0.000	0.000	0.000	0.000	0.000	0.000	0.000	0.000	0.000	0.000	0.000	0.000	0.000	0.000	0.000	0.000	0.000	0.000	0.000	0.000	0.000	0.000	0.000	0.000	0.000	0.000	0.000	0.000	0.000	0.000	0.000	0.000	0.000	0.000	0.000	0.000	0.000	0.000	0.000	0.000	0.000	0.000
BGSU1200	0.268	0.072	0.082	0.028	0.059	0.002	0.002	0.007	0.002	0.002	0.012	0.001	0.128	0.067	0.006	0.001	0.001	0.000	0.001	0.001	0.061	0.000	0.000	0.001	0.000	0.000	0.000	0.000	0.000	0.000	0.000	0.000	0.000	0.000	0.000	0.000	0.000	0.178	0.000	0.000	0.000	0.000	0.000	0.000	0.000	0.000	0.000	0.000	0.000	0.000	0.000	0.000	0.000	0.000	0.000	0.000	0.000	0.000	0.000	0.000	0.000	0.000	0.000	0.000	0.000	0.000	0.000	0.000	0.000	0.000	0.000	0.000	0.000	0.000	0.000	0.000	0.000	0.000	0.000	0.000	0.000	0.000	0.000	0.000	0.000	0.000	0.000	0.000	0.000	0.000	0.000	0.010	0.000	0.000	0.000	0.000	0.000	0.000	0.000	0.000
FIJY1041	0.061	0.042	0.124	0.052	0.118	0.002	0.055	0.125	0.026	0.006	0.055	0.005	0.001	0.001	0.030	0.034	0.005	0.000	0.099	0.009	0.000	0.111	0.005	0.001	0.000	0.000	0.000	0.004	0.000	0.000	0.000	0.000	0.000	0.000	0.000	0.000	0.017	0.000	0.004	0.000	0.000	0.000	0.004	0.000	0.000	0.000	0.000	0.000	0.000	0.000	0.000	0.000	0.000	0.000	0.000	0.000	0.000	0.000	0.000	0.000	0.000	0.000	0.000	0.000	0.000	0.000	0.000	0.000	0.000	0.000	0.000	0.000	0.000	0.000	0.000	0.000	0.000	0.000	0.000	0.000	0.000	0.000	0.000	0.000	0.000	0.000	0.000	0.000	0.000	0.000	0.000	0.000	0.000	0.000	0.000	0.000	0.000	0.000	0.000	0.000
NOUO1046	0.177	0.123	0.117	0.041	0.092	0.170	0.021	0.011	0.001	0.011	0.007	0.011	0.001	0.107	0.020	0.001	0.000	0.000	0.004	0.017	0.004	0.020	0.000	0.000	0.000	0.000	0.000	0.003	0.000	0.000	0.000	0.000	0.000	0.000	0.000	0.016	0.010	0.000	0.000	0.003	0.000	0.003	0.000	0.000	0.000	0.000	0.000	0.000	0.000	0.000	0.000	0.000	0.000	0.000	0.000	0.000	0.000	0.000	0.000	0.000	0.003	0.000	0.000	0.000	0.000	0.000	0.000	0.000	0.000	0.000	0.000	0.000	0.000	0.000	0.000	0.000	0.000	0.000	0.000	0.000	0.000	0.000	0.000	0.000	0.000	0.000	0.000	0.000	0.000	0.000	0.000	0.000	0.000	0.000	0.000	0.000	0.000	0.000	0.000	0.000
FRUC3059	0.214	0.016	0.076	0.238	0.003	0.002	0.082	0.082	0.012	0.002	0.001	0.016	0.056	0.001	0.016	0.001	0.001	0.000	0.001	0.001	0.000	0.000	0.080	0.001	0.000	0.000	0.000	0.000	0.015	0.000	0.000	0.000	0.000	0.000	0.000	0.000	0.000	0.000	0.000	0.000	0.000	0.000	0.000	0.000	0.000	0.000	0.050	0.000	0.000	0.000	0.000	0.000	0.000	0.000	0.000	0.000	0.000	0.000	0.000	0.000	0.000	0.000	0.005	0.000	0.000	0.000	0.000	0.000	0.000	0.000	0.000	0.000	0.000	0.000	0.000	0.000	0.000	0.000	0.020	0.000	0.000	0.000	0.000	0.000	0.000	0.000	0.000	0.000	0.000	0.000	0.000	0.000	0.000	0.000	0.000	0.000	0.000	0.000	0.000	0.000
NOHO1043	0.059	0.125	0.052	0.050	0.007	0.100	0.070	0.002	0.001	0.019	0.001	0.001	0.001	0.065	0.074	0.001	0.052	0.000	0.009	0.001	0.000	0.000	0.000	0.001	0.000	0.009	0.000	0.000	0.000	0.000	0.000	0.000	0.000	0.000	0.000	0.000	0.000	0.000	0.000	0.000	0.000	0.000	0.005	0.265	0.013	0.000	0.000	0.000	0.000	0.000	0.000	0.000	0.000	0.000	0.000	0.000	0.000	0.000	0.000	0.000	0.000	0.000	0.000	0.000	0.000	0.000	0.000	0.000	0.000	0.000	0.000	0.000	0.000	0.000	0.000	0.000	0.000	0.000	0.000	0.000	0.000	0.013	0.000	0.000	0.000	0.000	0.000	0.000	0.000	0.000	0.000	0.000	0.000	0.000	0.000	0.000	0.000	0.000	0.000	0.000
DBAN3038	0.155	0.170	0.076	0.104	0.010	0.027	0.022	0.015	0.096	0.002	0.002	0.002	0.014	0.039	0.008	0.001	0.132	0.000	0.001	0.001	0.001	0.007	0.001	0.001	0.001	0.000	0.000	0.000	0.000	0.000	0.000	0.000	0.000	0.000	0.000	0.000	0.000	0.013	0.000	0.019	0.000	0.000	0.000	0.000	0.007	0.000	0.000	0.000	0.000	0.000	0.000	0.000	0.000	0.000	0.000	0.000	0.000	0.000	0.000	0.000	0.000	0.000	0.000	0.000	0.000	0.000	0.000	0.000	0.044	0.000	0.019	0.000	0.000	0.000	0.000	0.000	0.000	0.000	0.000	0.000	0.000	0.000	0.000	0.000	0.000	0.000	0.000	0.000	0.000	0.000	0.000	0.000	0.006	0.000	0.000	0.000	0.000	0.000	0.000	0.000
FRUB1012	0.154	0.146	0.186	0.033	0.093	0.002	0.002	0.037	0.022	0.007	0.001	0.001	0.026	0.116	0.001	0.001	0.001	0.000	0.006	0.001	0.000	0.000	0.145	0.001	0.000	0.000	0.000	0.000	0.000	0.000	0.000	0.000	0.000	0.000	0.000	0.000	0.000	0.000	0.000	0.000	0.000	0.000	0.000	0.000	0.000	0.000	0.000	0.000	0.000	0.000	0.010	0.000	0.000	0.000	0.000	0.000	0.000	0.000	0.000	0.000	0.000	0.000	0.000	0.000	0.000	0.000	0.000	0.000	0.000	0.000	0.000	0.000	0.000	0.000	0.000	0.000	0.000	0.000	0.000	0.000	0.000	0.000	0.000	0.000	0.000	0.000	0.000	0.000	0.000	0.000	0.000	0.000	0.000	0.000	0.000	0.000	0.000	0.000	0.000	0.000
BGSU1263	0.352	0.145	0.065	0.126	0.003	0.023	0.002	0.007	0.002	0.002	0.001	0.039	0.001	0.012	0.001	0.012	0.001	0.000	0.001	0.001	0.043	0.000	0.001	0.001	0.000	0.000	0.000	0.000	0.000	0.016	0.000	0.000	0.000	0.000	0.000	0.000	0.000	0.000	0.011	0.000	0.000	0.000	0.000	0.000	0.000	0.000	0.000	0.000	0.000	0.000	0.000	0.000	0.000	0.000	0.000	0.000	0.000	0.000	0.000	0.000	0.000	0.000	0.000	0.000	0.000	0.123	0.000	0.000	0.000	0.000	0.000	0.000	0.000	0.000	0.000	0.000	0.000	0.000	0.000	0.000	0.000	0.000	0.000	0.000	0.000	0.000	0.000	0.000	0.000	0.000	0.000	0.000	0.000	0.000	0.000	0.000	0.000	0.000	0.000	0.000
ITRS2022	0.072	0.185	0.209	0.133	0.004	0.107	0.015	0.021	0.002	0.021	0.008	0.002	0.007	0.001	0.014	0.001	0.080	0.000	0.001	0.001	0.001	0.031	0.001	0.038	0.001	0.000	0.000	0.000	0.000	0.000	0.000	0.000	0.000	0.006	0.000	0.000	0.000	0.000	0.000	0.000	0.000	0.000	0.000	0.000	0.000	0.000	0.000	0.000	0.000	0.000	0.000	0.000	0.000	0.000	0.000	0.000	0.000	0.000	0.000	0.000	0.000	0.000	0.000	0.000	0.000	0.000	0.000	0.000	0.000	0.000	0.000	0.000	0.000	0.000	0.000	0.000	0.000	0.000	0.000	0.000	0.000	0.031	0.000	0.000	0.000	0.000	0.000	0.000	0.000	0.000	0.000	0.000	0.000	0.000	0.000	0.000	0.000	0.000	0.000	0.000
POPZ1011	0.096	0.110	0.072	0.017	0.002	0.001	0.004	0.051	0.094	0.067	0.113	0.001	0.013	0.001	0.007	0.000	0.000	0.000	0.000	0.000	0.000	0.000	0.022	0.007	0.053	0.025	0.000	0.000	0.000	0.003	0.000	0.000	0.000	0.000	0.031	0.006	0.000	0.013	0.000	0.000	0.000	0.000	0.000	0.000	0.000	0.000	0.000	0.022	0.087	0.000	0.000	0.000	0.000	0.000	0.000	0.000	0.000	0.000	0.000	0.000	0.000	0.000	0.000	0.000	0.000	0.000	0.000	0.075	0.000	0.000	0.000	0.000	0.000	0.000	0.000	0.000	0.000	0.000	0.000	0.000	0.000	0.000	0.000	0.000	0.000	0.000	0.000	0.000	0.000	0.000	0.000	0.000	0.000	0.000	0.000	0.000	0.000	0.000	0.000	0.000
BGSU1302	0.121	0.272	0.043	0.189	0.035	0.002	0.056	0.002	0.002	0.028	0.001	0.023	0.012	0.012	0.001	0.001	0.033	0.000	0.006	0.006	0.001	0.006	0.001	0.001	0.000	0.000	0.000	0.000	0.000	0.000	0.000	0.000	0.000	0.000	0.000	0.000	0.000	0.000	0.000	0.000	0.000	0.000	0.032	0.000	0.000	0.000	0.000	0.000	0.000	0.000	0.000	0.000	0.000	0.000	0.000	0.000	0.000	0.000	0.000	0.000	0.000	0.000	0.000	0.000	0.000	0.000	0.000	0.000	0.000	0.000	0.000	0.000	0.000	0.000	0.000	0.000	0.106	0.000	0.000	0.000	0.000	0.000	0.000	0.000	0.000	0.000	0.000	0.000	0.000	0.000	0.000	0.000	0.000	0.000	0.000	0.000	0.000	0.000	0.000	0.000
FIJY1062	0.118	0.098	0.138	0.035	0.060	0.001	0.027	0.128	0.001	0.001	0.001	0.073	0.001	0.022	0.001	0.001	0.000	0.000	0.044	0.001	0.000	0.051	0.004	0.000	0.000	0.000	0.109	0.000	0.000	0.000	0.000	0.000	0.000	0.000	0.000	0.000	0.000	0.000	0.000	0.000	0.000	0.000	0.000	0.000	0.000	0.015	0.000	0.000	0.000	0.000	0.000	0.000	0.000	0.000	0.000	0.000	0.000	0.000	0.000	0.000	0.000	0.000	0.000	0.000	0.000	0.000	0.000	0.065	0.000	0.000	0.000	0.000	0.000	0.000	0.000	0.000	0.000	0.000	0.000	0.000	0.000	0.000	0.000	0.000	0.000	0.000	0.000	0.000	0.000	0.000	0.000	0.000	0.000	0.000	0.000	0.000	0.000	0.000	0.000	0.000
DBAN2030	0.205	0.107	0.012	0.193	0.087	0.002	0.036	0.002	0.002	0.002	0.001	0.001	0.113	0.024	0.001	0.001	0.001	0.000	0.006	0.001	0.001	0.001	0.001	0.001	0.000	0.000	0.062	0.000	0.000	0.000	0.000	0.000	0.000	0.000	0.000	0.000	0.000	0.000	0.112	0.000	0.000	0.000	0.000	0.000	0.000	0.006	0.000	0.000	0.000	0.000	0.000	0.000	0.000	0.011	0.000	0.000	0.000	0.000	0.000	0.000	0.000	0.000	0.000	0.000	0.000	0.000	0.000	0.000	0.000	0.000	0.000	0.000	0.000	0.000	0.000	0.000	0.000	0.000	0.000	0.000	0.000	0.000	0.000	0.000	0.000	0.000	0.000	0.000	0.000	0.000	0.000	0.000	0.000	0.000	0.000	0.000	0.000	0.000	0.000	0.000
BGSU1236	0.392	0.176	0.022	0.014	0.003	0.029	0.002	0.002	0.029	0.002	0.001	0.001	0.001	0.001	0.007	0.001	0.001	0.000	0.012	0.105	0.001	0.000	0.006	0.001	0.000	0.093	0.000	0.033	0.000	0.050	0.000	0.000	0.000	0.000	0.000	0.000	0.000	0.000	0.000	0.000	0.000	0.000	0.000	0.000	0.000	0.000	0.000	0.000	0.000	0.000	0.000	0.000	0.000	0.000	0.000	0.000	0.000	0.000	0.000	0.000	0.006	0.000	0.000	0.000	0.000	0.000	0.000	0.000	0.000	0.000	0.000	0.000	0.000	0.000	0.000	0.000	0.000	0.000	0.000	0.000	0.000	0.000	0.000	0.000	0.000	0.000	0.000	0.000	0.000	0.000	0.000	0.000	0.000	0.000	0.000	0.000	0.000	0.000	0.000	0.000
BGSU1187	0.327	0.301	0.008	0.054	0.026	0.003	0.017	0.003	0.002	0.002	0.023	0.009	0.002	0.037	0.009	0.001	0.001	0.000	0.001	0.037	0.001	0.001	0.001	0.001	0.043	0.036	0.000	0.001	0.000	0.043	0.000	0.000	0.000	0.000	0.000	0.000	0.000	0.000	0.000	0.000	0.000	0.000	0.000	0.000	0.000	0.000	0.000	0.000	0.000	0.000	0.000	0.000	0.000	0.000	0.000	0.000	0.000	0.000	0.000	0.000	0.000	0.000	0.000	0.000	0.000	0.000	0.000	0.000	0.000	0.000	0.000	0.000	0.000	0.000	0.000	0.000	0.000	0.000	0.000	0.000	0.000	0.000	0.000	0.000	0.000	0.000	0.000	0.000	0.000	0.000	0.000	0.000	0.000	0.000	0.000	0.000	0.000	0.000	0.000	0.000
NOUO1087	0.116	0.029	0.085	0.213	0.049	0.034	0.002	0.044	0.114	0.002	0.043	0.006	0.015	0.001	0.006	0.001	0.043	0.000	0.015	0.001	0.000	0.000	0.000	0.001	0.000	0.000	0.000	0.005	0.000	0.000	0.000	0.000	0.000	0.000	0.000	0.126	0.000	0.000	0.000	0.000	0.000	0.000	0.000	0.014	0.000	0.000	0.000	0.000	0.000	0.000	0.000	0.000	0.000	0.000	0.000	0.000	0.000	0.000	0.000	0.000	0.000	0.000	0.000	0.000	0.000	0.000	0.000	0.000	0.000	0.028	0.000	0.000	0.000	0.000	0.000	0.000	0.000	0.000	0.000	0.000	0.000	0.000	0.000	0.000	0.000	0.000	0.000	0.000	0.000	0.000	0.000	0.000	0.000	0.000	0.000	0.000	0.000	0.000	0.000	0.000
BGSU1255	0.205	0.023	0.030	0.039	0.039	0.060	0.016	0.005	0.034	0.042	0.005	0.056	0.001	0.015	0.016	0.012	0.015	0.000	0.000	0.056	0.000	0.008	0.000	0.000	0.004	0.000	0.000	0.000	0.000	0.000	0.022	0.000	0.000	0.055	0.026	0.000	0.000	0.000	0.000	0.000	0.000	0.000	0.000	0.000	0.000	0.000	0.000	0.000	0.000	0.000	0.000	0.000	0.000	0.000	0.000	0.000	0.037	0.000	0.000	0.000	0.000	0.000	0.000	0.000	0.000	0.033	0.000	0.000	0.000	0.000	0.000	0.000	0.055	0.000	0.081	0.000	0.000	0.000	0.000	0.000	0.000	0.000	0.000	0.000	0.000	0.000	0.000	0.000	0.000	0.004	0.000	0.000	0.000	0.000	0.000	0.000	0.000	0.000	0.000	0.000
BGSU1180	0.359	0.049	0.042	0.174	0.011	0.009	0.030	0.003	0.002	0.009	0.002	0.009	0.015	0.001	0.002	0.049	0.008	0.000	0.001	0.008	0.001	0.001	0.001	0.001	0.116	0.000	0.000	0.000	0.000	0.000	0.055	0.000	0.000	0.007	0.000	0.000	0.000	0.000	0.000	0.000	0.000	0.000	0.028	0.000	0.000	0.000	0.000	0.000	0.000	0.000	0.000	0.000	0.000	0.000	0.000	0.000	0.000	0.000	0.000	0.000	0.000	0.000	0.000	0.000	0.000	0.000	0.000	0.000	0.000	0.000	0.000	0.000	0.000	0.000	0.000	0.000	0.000	0.000	0.000	0.000	0.000	0.000	0.000	0.000	0.000	0.000	0.000	0.000	0.000	0.000	0.000	0.000	0.000	0.000	0.000	0.000	0.000	0.000	0.000	0.000
NOUO1053	0.047	0.037	0.192	0.176	0.032	0.001	0.035	0.005	0.001	0.001	0.001	0.023	0.056	0.008	0.001	0.001	0.026	0.000	0.023	0.001	0.000	0.085	0.000	0.000	0.000	0.000	0.000	0.000	0.000	0.004	0.000	0.000	0.000	0.000	0.000	0.207	0.000	0.000	0.000	0.000	0.000	0.000	0.000	0.000	0.000	0.000	0.000	0.000	0.000	0.000	0.000	0.000	0.000	0.000	0.000	0.000	0.000	0.011	0.000	0.000	0.000	0.000	0.000	0.000	0.000	0.000	0.004	0.000	0.000	0.000	0.000	0.000	0.000	0.000	0.000	0.000	0.000	0.000	0.000	0.000	0.000	0.000	0.000	0.000	0.000	0.000	0.000	0.000	0.015	0.000	0.000	0.000	0.000	0.000	0.000	0.000	0.000	0.000	0.000	0.000
DBAN1029	0.093	0.043	0.043	0.228	0.181	0.082	0.002	0.124	0.006	0.077	0.001	0.001	0.001	0.001	0.001	0.001	0.001	0.000	0.001	0.001	0.000	0.000	0.000	0.005	0.005	0.000	0.005	0.000	0.000	0.000	0.000	0.000	0.000	0.000	0.000	0.000	0.000	0.000	0.000	0.000	0.000	0.000	0.000	0.000	0.038	0.028	0.000	0.000	0.000	0.000	0.000	0.005	0.014	0.000	0.000	0.000	0.000	0.000	0.000	0.000	0.000	0.000	0.000	0.000	0.000	0.000	0.000	0.000	0.000	0.000	0.000	0.000	0.005	0.000	0.000	0.000	0.000	0.000	0.000	0.000	0.000	0.000	0.000	0.000	0.000	0.000	0.000	0.000	0.000	0.000	0.000	0.000	0.000	0.000	0.000	0.000	0.000	0.000	0.000	0.000
BGSU1211	0.375	0.062	0.024	0.012	0.012	0.002	0.035	0.002	0.002	0.006	0.025	0.001	0.006	0.010	0.001	0.066	0.062	0.000	0.015	0.001	0.010	0.000	0.000	0.001	0.000	0.000	0.000	0.000	0.000	0.000	0.000	0.000	0.000	0.000	0.000	0.000	0.024	0.000	0.005	0.000	0.000	0.000	0.000	0.000	0.000	0.000	0.000	0.000	0.000	0.000	0.000	0.000	0.000	0.000	0.216	0.000	0.000	0.000	0.000	0.000	0.000	0.000	0.000	0.000	0.000	0.000	0.000	0.000	0.000	0.000	0.000	0.000	0.000	0.000	0.000	0.000	0.000	0.000	0.000	0.000	0.000	0.000	0.000	0.000	0.000	0.000	0.019	0.000	0.000	0.000	0.000	0.000	0.000	0.000	0.000	0.000	0.000	0.000	0.000	0.000
SPM02013	0.075	0.006	0.011	0.105	0.079	0.053	0.104	0.206	0.032	0.002	0.012	0.001	0.001	0.057	0.001	0.001	0.021	0.000	0.001	0.001	0.000	0.006	0.006	0.001	0.000	0.000	0.000	0.000	0.000	0.000	0.000	0.000	0.000	0.000	0.000	0.000	0.000	0.000	0.000	0.000	0.000	0.000	0.000	0.000	0.000	0.000	0.000	0.169	0.000	0.000	0.000	0.010	0.000	0.000	0.000	0.000	0.000	0.000	0.000	0.000	0.000	0.000	0.000	0.000	0.000	0.000	0.000	0.000	0.000	0.010	0.000	0.020	0.000	0.000	0.000	0.000	0.000	0.000	0.000	0.000	0.000	0.000	0.000	0.000	0.000	0.000	0.000	0.000	0.000	0.000	0.000	0.000	0.000	0.000	0.000	0.000	0.000	0.000	0.000	0.000
NOUO2017	0.104	0.301	0.032	0.135	0.003	0.055	0.008	0.002	0.002	0.002	0.001	0.001	0.112	0.001	0.007	0.001	0.027	0.000	0.074	0.001	0.000	0.000	0.001	0.001	0.000	0.000	0.016	0.000	0.000	0.000	0.000	0.006	0.000	0.000	0.000	0.000	0.000	0.000	0.000	0.000	0.000	0.005	0.000	0.000	0.000	0.000	0.005	0.000	0.000	0.000	0.000	0.000	0.000	0.000	0.000	0.000	0.000	0.000	0.000	0.000	0.000	0.000	0.000	0.000	0.000	0.000	0.000	0.000	0.000	0.000	0.000	0.000	0.000	0.000	0.000	0.000	0.000	0.000	0.000	0.000	0.000	0.000	0.000	0.000	0.000	0.000	0.000	0.000	0.090	0.000	0.000	0.000	0.000	0.000	0.000	0.000	0.000	0.000	0.000	0.000
BGSU1267	0.353	0.087	0.099	0.003	0.031	0.014	0.018	0.010	0.005	0.043	0.001	0.067	0.001	0.001	0.001	0.005	0.000	0.000	0.005	0.005	0.000	0.000	0.021	0.001	0.004	0.000	0.000	0.000	0.000	0.000	0.000	0.169	0.004	0.000	0.000	0.000	0.000	0.013	0.000	0.004	0.000	0.000	0.000	0.000	0.000	0.000	0.000	0.000	0.000	0.000	0.000	0.000	0.000	0.000	0.000	0.000	0.000	0.000	0.000	0.000	0.000	0.000	0.000	0.000	0.000	0.000	0.000	0.000	0.000	0.004	0.000	0.000	0.000	0.000	0.000	0.000	0.000	0.000	0.000	0.000	0.000	0.025	0.000	0.000	0.000	0.000	0.000	0.000	0.000	0.000	0.000	0.000	0.000	0.000	0.000	0.000	0.000	0.000	0.000	0.000
BGSU1291	0.114	0.203	0.220	0.044	0.003	0.060	0.147	0.002	0.002	0.008	0.002	0.001	0.001	0.007	0.001	0.047	0.001	0.000	0.024	0.001	0.001	0.001	0.024	0.001	0.006	0.000	0.000	0.000	0.000	0.000	0.000	0.000	0.000	0.000	0.000	0.000	0.000	0.000	0.000	0.000	0.000	0.000	0.000	0.000	0.000	0.000	0.000	0.000	0.000	0.000	0.000	0.000	0.000	0.000	0.069	0.000	0.000	0.000	0.000	0.000	0.000	0.000	0.000	0.000	0.000	0.000	0.000	0.000	0.000	0.000	0.000	0.000	0.000	0.000	0.000	0.000	0.000	0.000	0.000	0.000	0.000	0.000	0.000	0.000	0.000	0.000	0.000	0.000	0.000	0.000	0.000	0.000	0.000	0.000	0.000	0.000	0.000	0.000	0.000	0.000
BGSU1261	0.229	0.196	0.013	0.126	0.002	0.006	0.006	0.010	0.040	0.001	0.014	0.031	0.001	0.107	0.005	0.107	0.001	0.000	0.000	0.001	0.000	0.009	0.000	0.001	0.022	0.000	0.000	0.000	0.000	0.005	0.000	0.000	0.000	0.000	0.000	0.000	0.000	0.000	0.000	0.013	0.000	0.000	0.000	0.000	0.000	0.000	0.000	0.000	0.000	0.000	0.000	0.000	0.000	0.000	0.000	0.000	0.026	0.000	0.000	0.000	0.000	0.000	0.000	0.000	0.000	0.000	0.000	0.000	0.000	0.000	0.000	0.000	0.000	0.000	0.021	0.000	0.000	0.000	0.000	0.000	0.000	0.000	0.000	0.000	0.000	0.000	0.000	0.000	0.000	0.000	0.000	0.000	0.000	0.000	0.000	0.000	0.000	0.000	0.000	0.000
BGSU1244	0.180	0.063	0.059	0.147	0.085	0.001	0.029	0.068	0.005	0.001	0.021	0.001	0.079	0.024	0.005	0.001	0.032	0.000	0.000	0.004	0.000	0.000	0.000	0.000	0.000	0.000	0.067	0.000	0.000	0.000	0.000	0.039	0.000	0.000	0.000	0.000	0.000	0.000	0.000	0.000	0.000	0.000	0.000	0.000	0.000	0.000	0.000	0.000	0.000	0.000	0.000	0.000	0.000	0.000	0.000	0.000	0.000	0.000	0.000	0.000	0.000	0.000	0.000	0.000	0.000	0.000	0.000	0.000	0.000	0.000	0.031	0.000	0.000	0.047	0.000	0.000	0.000	0.000	0.000	0.000	0.000	0.000	0.000	0.000	0.000	0.000	0.000	0.000	0.000	0.000	0.000	0.000	0.000	0.000	0.000	0.000	0.000	0.000	0.000	0.000
FIJY1037	0.121	0.139	0.087	0.003	0.100	0.002	0.023	0.058	0.063	0.017	0.001	0.078	0.032	0.006	0.078	0.026	0.001	0.000	0.001	0.001	0.000	0.062	0.000	0.001	0.000	0.000	0.041	0.000	0.000	0.000	0.000	0.031	0.000	0.000	0.000	0.000	0.000	0.000	0.000	0.000	0.005	0.000	0.000	0.000	0.000	0.000	0.000	0.010	0.000	0.000	0.000	0.000	0.000	0.000	0.000	0.000	0.000	0.000	0.000	0.000	0.000	0.000	0.000	0.000	0.000	0.000	0.000	0.000	0.000	0.000	0.000	0.005	0.000	0.000	0.000	0.000	0.000	0.000	0.000	0.000	0.000	0.000	0.000	0.000	0.000	0.000	0.000	0.000	0.000	0.000	0.000	0.000	0.000	0.000	0.000	0.000	0.000	0.000	0.000	0.000
BGSU1243	0.204	0.011	0.134	0.019	0.029	0.002	0.048	0.002	0.130	0.038	0.001	0.001	0.001	0.016	0.027	0.001	0.011	0.000	0.001	0.001	0.000	0.041	0.001	0.016	0.000	0.000	0.000	0.000	0.139	0.000	0.036	0.000	0.000	0.000	0.000	0.000	0.000	0.005	0.000	0.000	0.000	0.005	0.000	0.000	0.000	0.000	0.000	0.000	0.072	0.000	0.000	0.000	0.000	0.000	0.000	0.000	0.000	0.000	0.000	0.000	0.000	0.000	0.000	0.000	0.000	0.000	0.000	0.000	0.000	0.000	0.000	0.000	0.000	0.000	0.000	0.000	0.000	0.000	0.000	0.000	0.000	0.000	0.000	0.000	0.000	0.000	0.000	0.000	0.000	0.000	0.000	0.000	0.000	0.000	0.000	0.000	0.000	0.000	0.000	0.000
FRUC3080	0.131	0.192	0.050	0.025	0.098	0.020	0.029	0.006	0.011	0.047	0.001	0.001	0.001	0.005	0.024	0.001	0.060	0.000	0.005	0.014	0.000	0.000	0.000	0.019	0.005	0.023	0.000	0.000	0.000	0.000	0.000	0.000	0.000	0.000	0.000	0.000	0.055	0.000	0.000	0.109	0.000	0.000	0.000	0.000	0.000	0.050	0.000	0.000	0.000	0.000	0.000	0.000	0.000	0.000	0.000	0.000	0.000	0.000	0.000	0.000	0.000	0.000	0.000	0.000	0.000	0.000	0.000	0.000	0.009	0.000	0.000	0.000	0.000	0.000	0.000	0.000	0.000	0.000	0.000	0.000	0.000	0.000	0.000	0.000	0.000	0.000	0.000	0.000	0.000	0.000	0.000	0.000	0.000	0.000	0.000	0.000	0.000	0.000	0.000	0.000
NOUO2010	0.230	0.092	0.031	0.040	0.006	0.047	0.055	0.009	0.001	0.001	0.050	0.001	0.001	0.001	0.145	0.001	0.000	0.000	0.000	0.001	0.000	0.061	0.000	0.000	0.000	0.000	0.000	0.000	0.000	0.000	0.000	0.000	0.000	0.000	0.000	0.000	0.000	0.000	0.000	0.000	0.000	0.000	0.000	0.000	0.000	0.000	0.000	0.000	0.000	0.000	0.000	0.008	0.000	0.000	0.000	0.000	0.000	0.000	0.000	0.000	0.000	0.000	0.000	0.186	0.000	0.000	0.000	0.000	0.000	0.000	0.000	0.000	0.000	0.000	0.000	0.004	0.000	0.000	0.000	0.000	0.000	0.000	0.000	0.023	0.000	0.000	0.000	0.000	0.000	0.000	0.000	0.000	0.000	0.000	0.000	0.000	0.000	0.000	0.000	0.000
BGSU1265	0.152	0.113	0.064	0.095	0.004	0.017	0.010	0.003	0.030	0.023	0.086	0.002	0.071	0.134	0.023	0.001	0.008	0.000	0.001	0.001	0.015	0.071	0.008	0.001	0.001	0.000	0.000	0.001	0.000	0.007	0.000	0.000	0.000	0.000	0.000	0.000	0.000	0.000	0.000	0.000	0.000	0.014	0.000	0.000	0.000	0.021	0.000	0.000	0.000	0.000	0.000	0.000	0.000	0.000	0.000	0.000	0.000	0.000	0.000	0.014	0.000	0.000	0.000	0.000	0.000	0.000	0.000	0.000	0.000	0.000	0.000	0.000	0.000	0.000	0.000	0.000	0.000	0.000	0.000	0.000	0.000	0.000	0.000	0.000	0.000	0.000	0.000	0.000	0.000	0.000	0.000	0.000	0.000	0.000	0.000	0.000	0.000	0.000	0.000	0.000
BGSU1189	0.334	0.178	0.129	0.022	0.022	0.033	0.009	0.008	0.002	0.100	0.002	0.038	0.001	0.001	0.001	0.001	0.001	0.000	0.001	0.013	0.001	0.001	0.001	0.001	0.000	0.000	0.000	0.000	0.000	0.000	0.000	0.000	0.000	0.006	0.000	0.000	0.000	0.000	0.000	0.000	0.000	0.000	0.000	0.000	0.000	0.000	0.000	0.000	0.000	0.000	0.000	0.000	0.000	0.000	0.000	0.000	0.000	0.000	0.000	0.000	0.000	0.000	0.000	0.000	0.000	0.000	0.000	0.000	0.000	0.000	0.000	0.000	0.073	0.000	0.000	0.000	0.000	0.000	0.000	0.000	0.000	0.000	0.000	0.000	0.012	0.000	0.000	0.000	0.000	0.000	0.000	0.000	0.000	0.000	0.000	0.000	0.000	0.000	0.000	0.000
NOUO1041	0.098	0.035	0.018	0.003	0.050	0.049	0.075	0.156	0.001	0.139	0.078	0.010	0.001	0.001	0.065	0.001	0.001	0.000	0.000	0.001	0.000	0.018	0.000	0.009	0.000	0.000	0.000	0.000	0.000	0.000	0.013	0.000	0.000	0.000	0.000	0.043	0.000	0.000	0.000	0.000	0.000	0.000	0.000	0.000	0.000	0.000	0.000	0.004	0.000	0.000	0.000	0.000	0.000	0.000	0.000	0.000	0.000	0.000	0.000	0.000	0.000	0.000	0.000	0.000	0.000	0.000	0.000	0.000	0.000	0.000	0.000	0.000	0.026	0.039	0.000	0.004	0.043	0.000	0.000	0.000	0.000	0.000	0.013	0.000	0.000	0.000	0.000	0.000	0.000	0.000	0.000	0.000	0.000	0.000	0.000	0.000	0.000	0.000	0.000	0.000
BGSU1228	0.108	0.097	0.089	0.075	0.115	0.006	0.014	0.014	0.005	0.009	0.005	0.013	0.029	0.001	0.001	0.001	0.000	0.000	0.000	0.013	0.000	0.000	0.000	0.001	0.000	0.170	0.000	0.000	0.000	0.000	0.000	0.000	0.000	0.000	0.000	0.000	0.000	0.000	0.012	0.000	0.000	0.000	0.000	0.000	0.000	0.000	0.198	0.000	0.000	0.000	0.000	0.000	0.000	0.000	0.000	0.000	0.000	0.000	0.000	0.004	0.000	0.000	0.000	0.000	0.000	0.000	0.000	0.008	0.000	0.000	0.000	0.000	0.000	0.000	0.000	0.000	0.000	0.000	0.000	0.000	0.000	0.000	0.000	0.000	0.000	0.000	0.000	0.004	0.000	0.000	0.000	0.000	0.000	0.000	0.000	0.000	0.000	0.000	0.000	0.000
DBAN2019	0.116	0.244	0.168	0.089	0.033	0.002	0.002	0.002	0.037	0.113	0.001	0.001	0.001	0.001	0.001	0.001	0.021	0.026	0.006	0.001	0.000	0.000	0.000	0.001	0.000	0.000	0.005	0.000	0.000	0.000	0.046	0.000	0.000	0.000	0.005	0.000	0.000	0.000	0.000	0.000	0.000	0.000	0.000	0.000	0.000	0.000	0.000	0.000	0.000	0.000	0.000	0.056	0.000	0.000	0.000	0.000	0.000	0.000	0.000	0.000	0.000	0.000	0.000	0.000	0.000	0.000	0.000	0.000	0.000	0.000	0.000	0.000	0.000	0.000	0.000	0.000	0.000	0.000	0.000	0.000	0.010	0.000	0.000	0.000	0.000	0.000	0.000	0.000	0.000	0.000	0.000	0.000	0.000	0.000	0.000	0.000	0.000	0.000	0.000	0.000
NOOS1014	0.105	0.097	0.171	0.205	0.003	0.029	0.008	0.055	0.087	0.012	0.001	0.023	0.038	0.001	0.097	0.001	0.001	0.000	0.001	0.001	0.001	0.000	0.001	0.001	0.000	0.000	0.032	0.000	0.000	0.000	0.000	0.000	0.000	0.000	0.000	0.000	0.000	0.000	0.000	0.000	0.000	0.000	0.006	0.000	0.011	0.000	0.000	0.000	0.000	0.000	0.000	0.000	0.000	0.000	0.000	0.000	0.000	0.000	0.000	0.000	0.000	0.000	0.000	0.000	0.000	0.000	0.005	0.000	0.000	0.000	0.000	0.000	0.000	0.000	0.000	0.000	0.000	0.000	0.000	0.000	0.000	0.000	0.000	0.000	0.000	0.000	0.000	0.000	0.000	0.000	0.000	0.000	0.000	0.000	0.000	0.000	0.000	0.000	0.000	0.000
BGSU1173	0.330	0.231	0.141	0.144	0.009	0.013	0.019	0.008	0.041	0.008	0.002	0.007	0.001	0.001	0.001	0.018	0.001	0.000	0.001	0.001	0.001	0.001	0.001	0.012	0.000	0.000	0.000	0.000	0.000	0.000	0.000	0.000	0.000	0.000	0.000	0.000	0.000	0.000	0.000	0.000	0.000	0.000	0.000	0.000	0.000	0.000	0.000	0.000	0.000	0.000	0.000	0.000	0.000	0.000	0.000	0.000	0.000	0.000	0.000	0.000	0.000	0.000	0.000	0.000	0.000	0.000	0.000	0.000	0.000	0.000	0.000	0.000	0.000	0.000	0.000	0.000	0.000	0.000	0.000	0.000	0.000	0.000	0.000	0.000	0.000	0.000	0.000	0.000	0.000	0.000	0.000	0.000	0.000	0.000	0.000	0.000	0.000	0.000	0.000	0.000
RUMO4018	0.186	0.131	0.162	0.003	0.076	0.002	0.002	0.143	0.002	0.002	0.033	0.001	0.142	0.006	0.001	0.001	0.001	0.000	0.001	0.006	0.000	0.000	0.001	0.011	0.000	0.000	0.000	0.000	0.000	0.000	0.000	0.000	0.000	0.000	0.000	0.011	0.000	0.000	0.000	0.000	0.000	0.000	0.000	0.000	0.000	0.000	0.000	0.000	0.000	0.000	0.000	0.000	0.052	0.000	0.000	0.000	0.000	0.000	0.000	0.000	0.000	0.000	0.000	0.000	0.000	0.000	0.000	0.000	0.000	0.000	0.000	0.000	0.000	0.016	0.000	0.000	0.000	0.000	0.000	0.000	0.000	0.000	0.000	0.000	0.000	0.000	0.000	0.000	0.000	0.000	0.000	0.000	0.000	0.000	0.000	0.000	0.000	0.000	0.000	0.000
DBAN1024	0.090	0.092	0.075	0.077	0.031	0.101	0.002	0.002	0.006	0.060	0.043	0.026	0.005	0.001	0.034	0.001	0.001	0.000	0.005	0.005	0.009	0.000	0.000	0.017	0.000	0.000	0.000	0.000	0.000	0.004	0.004	0.000	0.000	0.000	0.013	0.000	0.000	0.000	0.000	0.000	0.000	0.000	0.000	0.008	0.000	0.000	0.000	0.000	0.000	0.000	0.000	0.000	0.000	0.000	0.000	0.274	0.000	0.000	0.000	0.000	0.000	0.000	0.000	0.000	0.000	0.000	0.000	0.008	0.000	0.000	0.000	0.000	0.000	0.000	0.000	0.000	0.000	0.000	0.000	0.000	0.000	0.000	0.000	0.000	0.000	0.000	0.000	0.000	0.000	0.000	0.000	0.000	0.000	0.000	0.000	0.000	0.000	0.000	0.000	0.000
RUMO2023	0.142	0.244	0.174	0.030	0.036	0.023	0.118	0.111	0.002	0.002	0.001	0.008	0.029	0.001	0.001	0.001	0.001	0.001	0.014	0.001	0.001	0.001	0.001	0.000	0.007	0.001	0.001	0.000	0.007	0.000	0.000	0.000	0.000	0.000	0.000	0.000	0.000	0.000	0.000	0.000	0.000	0.000	0.000	0.000	0.000	0.028	0.000	0.000	0.000	0.000	0.000	0.000	0.000	0.000	0.000	0.000	0.000	0.000	0.000	0.000	0.000	0.007	0.000	0.000	0.000	0.000	0.000	0.000	0.000	0.000	0.000	0.000	0.000	0.000	0.000	0.000	0.000	0.000	0.000	0.000	0.000	0.000	0.000	0.000	0.000	0.000	0.000	0.000	0.000	0.000	0.000	0.000	0.000	0.000	0.000	0.000	0.000	0.000	0.000	0.000
CZPU1012	0.164	0.296	0.097	0.005	0.001	0.055	0.059	0.059	0.001	0.005	0.009	0.001	0.001	0.001	0.001	0.001	0.013	0.050	0.000	0.000	0.000	0.000	0.017	0.000	0.000	0.000	0.050	0.000	0.000	0.004	0.021	0.000	0.000	0.000	0.000	0.000	0.000	0.000	0.000	0.000	0.000	0.000	0.012	0.000	0.004	0.000	0.000	0.000	0.000	0.000	0.000	0.000	0.000	0.000	0.000	0.000	0.000	0.000	0.000	0.000	0.000	0.000	0.000	0.000	0.000	0.000	0.000	0.000	0.000	0.000	0.000	0.000	0.000	0.000	0.004	0.000	0.000	0.004	0.000	0.000	0.000	0.000	0.000	0.000	0.000	0.000	0.000	0.000	0.000	0.058	0.000	0.000	0.000	0.000	0.000	0.000	0.000	0.000	0.000	0.000
FIAB1009	0.204	0.144	0.033	0.107	0.077	0.032	0.007	0.006	0.001	0.001	0.026	0.001	0.001	0.006	0.001	0.046	0.031	0.006	0.001	0.081	0.001	0.011	0.000	0.000	0.000	0.001	0.000	0.000	0.000	0.000	0.000	0.000	0.000	0.141	0.000	0.030	0.000	0.000	0.000	0.000	0.000	0.000	0.000	0.000	0.000	0.000	0.000	0.000	0.000	0.000	0.000	0.000	0.000	0.000	0.000	0.000	0.000	0.000	0.000	0.000	0.000	0.000	0.000	0.000	0.000	0.000	0.000	0.000	0.000	0.000	0.000	0.000	0.000	0.000	0.000	0.000	0.000	0.000	0.000	0.000	0.000	0.000	0.000	0.000	0.000	0.000	0.000	0.000	0.000	0.000	0.000	0.000	0.000	0.000	0.000	0.000	0.000	0.000	0.000	0.000
FIJY1055	0.234	0.290	0.053	0.024	0.052	0.002	0.013	0.018	0.002	0.001	0.001	0.029	0.001	0.012	0.001	0.001	0.001	0.001	0.006	0.040	0.001	0.001	0.028	0.000	0.000	0.001	0.000	0.000	0.000	0.000	0.000	0.000	0.000	0.000	0.000	0.000	0.000	0.000	0.000	0.000	0.000	0.000	0.000	0.000	0.000	0.000	0.000	0.000	0.000	0.000	0.000	0.000	0.000	0.000	0.006	0.000	0.000	0.000	0.000	0.000	0.000	0.118	0.006	0.000	0.000	0.000	0.000	0.017	0.000	0.000	0.000	0.000	0.034	0.000	0.000	0.000	0.000	0.000	0.000	0.000	0.000	0.000	0.000	0.000	0.000	0.000	0.000	0.000	0.000	0.000	0.000	0.000	0.000	0.000	0.000	0.000	0.000	0.000	0.000	0.000
RUMO3013	0.128	0.331	0.059	0.002	0.002	0.002	0.030	0.002	0.007	0.013	0.012	0.035	0.007	0.018	0.074	0.001	0.018	0.136	0.001	0.006	0.074	0.001	0.000	0.000	0.001	0.001	0.000	0.000	0.000	0.000	0.000	0.000	0.000	0.000	0.000	0.011	0.000	0.000	0.000	0.000	0.000	0.000	0.000	0.000	0.000	0.000	0.000	0.000	0.000	0.000	0.000	0.000	0.000	0.000	0.023	0.000	0.000	0.000	0.000	0.000	0.000	0.000	0.000	0.000	0.000	0.000	0.000	0.000	0.000	0.000	0.000	0.000	0.000	0.000	0.000	0.000	0.000	0.000	0.000	0.000	0.000	0.000	0.000	0.000	0.000	0.000	0.000	0.000	0.000	0.000	0.000	0.000	0.000	0.000	0.000	0.000	0.000	0.000	0.000	0.000
TRCU1041	0.522	0.084	0.003	0.032	0.075	0.002	0.069	0.008	0.002	0.001	0.007	0.001	0.038	0.068	0.001	0.007	0.007	0.001	0.025	0.001	0.001	0.025	0.000	0.000	0.001	0.001	0.000	0.000	0.000	0.000	0.000	0.000	0.000	0.000	0.000	0.000	0.000	0.000	0.000	0.000	0.000	0.000	0.000	0.000	0.000	0.000	0.000	0.000	0.000	0.000	0.000	0.000	0.000	0.000	0.000	0.000	0.000	0.000	0.000	0.000	0.000	0.000	0.000	0.000	0.000	0.000	0.000	0.000	0.000	0.000	0.000	0.000	0.000	0.000	0.000	0.000	0.000	0.000	0.000	0.000	0.000	0.000	0.000	0.000	0.000	0.000	0.000	0.000	0.012	0.000	0.000	0.000	0.000	0.000	0.000	0.000	0.000	0.000	0.000	0.000
ITTO5006	0.157	0.209	0.051	0.017	0.001	0.009	0.159	0.017	0.033	0.049	0.001	0.001	0.001	0.049	0.001	0.045	0.025	0.017	0.045	0.000	0.000	0.000	0.000	0.008	0.000	0.000	0.000	0.000	0.000	0.000	0.008	0.000	0.000	0.000	0.000	0.004	0.000	0.000	0.000	0.000	0.000	0.000	0.000	0.000	0.000	0.000	0.000	0.000	0.000	0.000	0.000	0.000	0.000	0.000	0.000	0.000	0.000	0.000	0.000	0.000	0.008	0.000	0.000	0.000	0.000	0.000	0.077	0.000	0.000	0.000	0.000	0.000	0.000	0.000	0.000	0.000	0.000	0.000	0.000	0.000	0.000	0.000	0.000	0.000	0.000	0.000	0.000	0.000	0.000	0.000	0.000	0.000	0.000	0.000	0.000	0.000	0.000	0.000	0.000	0.000
FIJY1027	0.240	0.192	0.015	0.028	0.010	0.010	0.001	0.001	0.098	0.071	0.001	0.014	0.071	0.001	0.022	0.001	0.005	0.001	0.000	0.000	0.022	0.044	0.000	0.000	0.000	0.000	0.000	0.000	0.000	0.000	0.005	0.000	0.000	0.000	0.000	0.000	0.000	0.000	0.000	0.000	0.000	0.000	0.000	0.000	0.000	0.009	0.000	0.000	0.000	0.000	0.000	0.000	0.000	0.000	0.000	0.000	0.000	0.000	0.000	0.000	0.000	0.000	0.000	0.000	0.000	0.000	0.000	0.000	0.000	0.000	0.000	0.000	0.000	0.000	0.000	0.000	0.000	0.000	0.000	0.000	0.000	0.131	0.000	0.000	0.000	0.000	0.000	0.000	0.000	0.000	0.000	0.000	0.000	0.000	0.000	0.000	0.000	0.000	0.000	0.000
SWUV3008	0.266	0.201	0.004	0.009	0.002	0.028	0.054	0.002	0.034	0.001	0.053	0.001	0.001	0.001	0.001	0.066	0.001	0.059	0.020	0.001	0.007	0.001	0.000	0.000	0.001	0.001	0.020	0.000	0.000	0.007	0.000	0.000	0.000	0.000	0.000	0.000	0.000	0.000	0.000	0.078	0.000	0.000	0.000	0.065	0.000	0.000	0.000	0.000	0.000	0.000	0.000	0.000	0.000	0.000	0.000	0.000	0.000	0.000	0.000	0.000	0.000	0.000	0.000	0.000	0.000	0.000	0.000	0.000	0.000	0.000	0.000	0.000	0.000	0.000	0.000	0.000	0.000	0.000	0.000	0.000	0.000	0.000	0.000	0.000	0.000	0.000	0.000	0.000	0.000	0.007	0.000	0.000	0.000	0.000	0.000	0.000	0.000	0.000	0.000	0.000
TRCU1049	0.393	0.260	0.044	0.001	0.006	0.006	0.020	0.006	0.020	0.001	0.038	0.047	0.010	0.001	0.001	0.001	0.001	0.001	0.001	0.005	0.001	0.000	0.000	0.014	0.010	0.010	0.000	0.000	0.000	0.000	0.000	0.000	0.000	0.000	0.000	0.000	0.000	0.000	0.000	0.000	0.000	0.000	0.000	0.000	0.000	0.000	0.000	0.000	0.000	0.000	0.000	0.000	0.000	0.000	0.000	0.000	0.000	0.000	0.000	0.000	0.000	0.000	0.060	0.000	0.000	0.000	0.000	0.000	0.000	0.000	0.000	0.000	0.000	0.000	0.000	0.000	0.000	0.000	0.041	0.000	0.000	0.000	0.000	0.000	0.000	0.000	0.000	0.000	0.000	0.000	0.000	0.000	0.000	0.000	0.000	0.000	0.000	0.000	0.000	0.000
RUMO8008	0.286	0.215	0.006	0.048	0.030	0.019	0.062	0.041	0.019	0.001	0.004	0.001	0.001	0.000	0.036	0.001	0.011	0.011	0.008	0.029	0.000	0.000	0.000	0.000	0.000	0.000	0.004	0.000	0.000	0.000	0.000	0.000	0.000	0.000	0.000	0.000	0.000	0.000	0.000	0.000	0.000	0.000	0.000	0.000	0.000	0.000	0.000	0.000	0.000	0.000	0.011	0.000	0.000	0.000	0.000	0.000	0.000	0.000	0.000	0.000	0.000	0.022	0.000	0.000	0.000	0.000	0.000	0.000	0.000	0.000	0.000	0.000	0.000	0.000	0.000	0.000	0.000	0.000	0.000	0.000	0.000	0.000	0.129	0.000	0.000	0.000	0.000	0.000	0.000	0.000	0.000	0.000	0.000	0.000	0.000	0.000	0.000	0.000	0.000	0.000
RUMO6006	0.158	0.162	0.021	0.039	0.039	0.005	0.065	0.020	0.077	0.001	0.020	0.023	0.001	0.001	0.001	0.001	0.001	0.000	0.000	0.000	0.034	0.000	0.000	0.004	0.000	0.027	0.000	0.000	0.000	0.000	0.000	0.000	0.000	0.000	0.000	0.000	0.000	0.182	0.000	0.000	0.000	0.000	0.000	0.000	0.000	0.000	0.000	0.000	0.000	0.000	0.000	0.000	0.000	0.000	0.000	0.000	0.000	0.000	0.000	0.000	0.000	0.000	0.000	0.000	0.000	0.000	0.000	0.000	0.000	0.000	0.000	0.000	0.000	0.000	0.000	0.000	0.045	0.000	0.000	0.000	0.000	0.000	0.000	0.000	0.000	0.000	0.000	0.000	0.000	0.000	0.000	0.000	0.068	0.000	0.000	0.000	0.000	0.000	0.000	0.000
TRCU1143	0.500	0.132	0.005	0.033	0.022	0.008	0.012	0.001	0.022	0.001	0.085	0.001	0.004	0.011	0.000	0.000	0.001	0.000	0.007	0.000	0.000	0.000	0.091	0.000	0.000	0.000	0.000	0.000	0.004	0.000	0.000	0.053	0.000	0.000	0.000	0.000	0.000	0.000	0.000	0.000	0.000	0.000	0.000	0.000	0.000	0.000	0.000	0.000	0.000	0.000	0.000	0.000	0.000	0.000	0.000	0.000	0.000	0.000	0.000	0.000	0.000	0.000	0.000	0.000	0.000	0.000	0.000	0.000	0.000	0.000	0.000	0.000	0.000	0.000	0.000	0.000	0.000	0.000	0.000	0.000	0.000	0.000	0.000	0.000	0.000	0.000	0.000	0.000	0.000	0.000	0.000	0.000	0.000	0.000	0.000	0.000	0.000	0.000	0.000	0.000
CZPR3013	0.389	0.166	0.011	0.010	0.053	0.031	0.006	0.010	0.035	0.078	0.001	0.035	0.001	0.001	0.001	0.001	0.005	0.005	0.000	0.000	0.005	0.000	0.000	0.000	0.000	0.005	0.000	0.000	0.000	0.000	0.000	0.000	0.000	0.000	0.000	0.000	0.000	0.000	0.000	0.000	0.000	0.000	0.000	0.000	0.000	0.129	0.000	0.017	0.000	0.000	0.000	0.000	0.000	0.000	0.000	0.000	0.000	0.000	0.000	0.000	0.000	0.000	0.000	0.000	0.000	0.000	0.000	0.000	0.000	0.000	0.000	0.000	0.000	0.000	0.000	0.000	0.000	0.000	0.000	0.000	0.000	0.000	0.000	0.000	0.000	0.000	0.000	0.000	0.000	0.000	0.000	0.000	0.000	0.000	0.000	0.000	0.000	0.000	0.000	0.000
TRCU1050	0.224	0.260	0.014	0.013	0.009	0.001	0.001	0.001	0.021	0.040	0.005	0.052	0.001	0.001	0.001	0.001	0.001	0.020	0.000	0.071	0.008	0.008	0.000	0.000	0.000	0.048	0.000	0.000	0.103	0.000	0.000	0.000	0.000	0.000	0.000	0.000	0.000	0.000	0.000	0.000	0.000	0.000	0.000	0.000	0.000	0.000	0.000	0.000	0.000	0.000	0.000	0.000	0.000	0.000	0.000	0.000	0.000	0.000	0.000	0.000	0.000	0.000	0.000	0.000	0.000	0.000	0.000	0.000	0.000	0.000	0.000	0.091	0.000	0.000	0.000	0.000	0.000	0.000	0.000	0.000	0.000	0.000	0.000	0.000	0.000	0.000	0.000	0.000	0.000	0.000	0.000	0.000	0.000	0.000	0.000	0.000	0.000	0.000	0.000	0.000
CZPR2013	0.404	0.180	0.094	0.008	0.002	0.038	0.002	0.026	0.002	0.001	0.001	0.001	0.068	0.001	0.001	0.001	0.001	0.001	0.001	0.001	0.001	0.001	0.000	0.000	0.001	0.001	0.000	0.127	0.000	0.000	0.000	0.000	0.000	0.000	0.000	0.000	0.012	0.000	0.000	0.000	0.000	0.000	0.000	0.000	0.000	0.000	0.000	0.000	0.000	0.000	0.000	0.000	0.000	0.000	0.000	0.000	0.000	0.000	0.000	0.000	0.000	0.000	0.000	0.000	0.000	0.000	0.000	0.000	0.000	0.000	0.000	0.000	0.000	0.000	0.000	0.000	0.000	0.000	0.000	0.000	0.000	0.000	0.000	0.000	0.000	0.018	0.000	0.000	0.000	0.000	0.000	0.000	0.000	0.000	0.000	0.000	0.000	0.000	0.000	0.000
FIJY1063	0.293	0.266	0.044	0.001	0.031	0.083	0.007	0.049	0.004	0.001	0.061	0.001	0.004	0.031	0.000	0.003	0.001	0.000	0.000	0.000	0.000	0.000	0.000	0.000	0.003	0.000	0.000	0.000	0.000	0.000	0.000	0.000	0.061	0.000	0.030	0.000	0.000	0.000	0.000	0.000	0.000	0.000	0.000	0.000	0.000	0.000	0.000	0.000	0.003	0.000	0.000	0.000	0.000	0.000	0.000	0.000	0.000	0.000	0.000	0.000	0.000	0.000	0.015	0.000	0.000	0.000	0.000	0.000	0.000	0.000	0.000	0.000	0.000	0.000	0.000	0.000	0.000	0.000	0.000	0.000	0.000	0.000	0.000	0.000	0.000	0.000	0.000	0.000	0.003	0.000	0.000	0.000	0.000	0.000	0.000	0.000	0.000	0.000	0.000	0.000
RUMO7001	0.147	0.367	0.002	0.226	0.035	0.006	0.044	0.035	0.010	0.001	0.001	0.001	0.001	0.001	0.001	0.001	0.022	0.001	0.000	0.039	0.000	0.000	0.000	0.000	0.000	0.000	0.000	0.009	0.000	0.000	0.017	0.000	0.000	0.000	0.000	0.000	0.000	0.000	0.000	0.000	0.000	0.000	0.000	0.000	0.000	0.000	0.000	0.000	0.000	0.000	0.000	0.000	0.000	0.004	0.025	0.000	0.000	0.000	0.000	0.000	0.000	0.000	0.000	0.000	0.000	0.000	0.000	0.000	0.000	0.000	0.000	0.000	0.000	0.000	0.000	0.000	0.000	0.000	0.000	0.000	0.000	0.000	0.000	0.000	0.000	0.000	0.000	0.000	0.000	0.000	0.000	0.000	0.000	0.000	0.000	0.000	0.000	0.000	0.000	0.000
TRCU1146	0.330	0.132	0.002	0.290	0.001	0.004	0.001	0.016	0.001	0.001	0.001	0.004	0.004	0.000	0.000	0.000	0.001	0.000	0.009	0.000	0.000	0.000	0.000	0.000	0.000	0.021	0.000	0.003	0.000	0.000	0.000	0.000	0.003	0.000	0.000	0.000	0.000	0.000	0.000	0.000	0.012	0.147	0.000	0.012	0.000	0.000	0.000	0.000	0.000	0.000	0.000	0.000	0.000	0.000	0.000	0.000	0.000	0.000	0.000	0.000	0.000	0.000	0.000	0.000	0.000	0.000	0.000	0.000	0.000	0.000	0.000	0.000	0.000	0.000	0.000	0.000	0.000	0.000	0.000	0.000	0.000	0.000	0.000	0.000	0.000	0.000	0.000	0.000	0.000	0.000	0.000	0.000	0.000	0.000	0.000	0.000	0.000	0.000	0.000	0.000
RUMO7061	0.127	0.090	0.042	0.028	0.099	0.013	0.016	0.003	0.001	0.078	0.000	0.000	0.000	0.000	0.020	0.000	0.028	0.025	0.000	0.005	0.056	0.003	0.015	0.000	0.000	0.000	0.020	0.003	0.033	0.005	0.000	0.000	0.000	0.000	0.000	0.000	0.000	0.000	0.000	0.000	0.000	0.005	0.000	0.000	0.000	0.000	0.000	0.008	0.000	0.000	0.000	0.000	0.000	0.000	0.000	0.181	0.000	0.000	0.000	0.000	0.000	0.000	0.000	0.000	0.000	0.000	0.000	0.000	0.000	0.000	0.000	0.000	0.085	0.000	0.000	0.003	0.000	0.000	0.000	0.000	0.000	0.000	0.000	0.000	0.000	0.000	0.000	0.000	0.000	0.003	0.000	0.000	0.000	0.000	0.000	0.000	0.000	0.000	0.000	0.000
TRCU1144	0.362	0.082	0.002	0.025	0.001	0.005	0.001	0.001	0.037	0.001	0.115	0.001	0.001	0.032	0.001	0.032	0.024	0.000	0.028	0.000	0.000	0.000	0.000	0.012	0.000	0.000	0.000	0.004	0.000	0.000	0.000	0.000	0.000	0.000	0.000	0.000	0.000	0.000	0.000	0.000	0.000	0.000	0.000	0.000	0.000	0.000	0.000	0.000	0.000	0.000	0.221	0.000	0.000	0.000	0.000	0.000	0.000	0.000	0.000	0.000	0.000	0.000	0.000	0.000	0.000	0.000	0.000	0.000	0.000	0.000	0.000	0.004	0.000	0.000	0.000	0.000	0.000	0.000	0.000	0.000	0.000	0.000	0.000	0.000	0.000	0.000	0.000	0.000	0.000	0.000	0.000	0.000	0.000	0.000	0.000	0.000	0.000	0.000	0.000	0.000
TRCU1054	0.425	0.014	0.044	0.002	0.048	0.002	0.085	0.002	0.001	0.001	0.006	0.079	0.011	0.001	0.011	0.001	0.001	0.037	0.001	0.001	0.001	0.001	0.000	0.000	0.006	0.001	0.016	0.000	0.037	0.000	0.000	0.000	0.000	0.000	0.000	0.000	0.000	0.000	0.000	0.000	0.000	0.000	0.000	0.000	0.000	0.000	0.000	0.000	0.000	0.000	0.000	0.000	0.000	0.000	0.000	0.000	0.000	0.000	0.000	0.000	0.000	0.000	0.000	0.000	0.000	0.000	0.000	0.000	0.000	0.000	0.156	0.005	0.000	0.000	0.000	0.000	0.000	0.000	0.000	0.000	0.000	0.000	0.000	0.000	0.000	0.000	0.000	0.000	0.000	0.000	0.000	0.000	0.000	0.000	0.000	0.000	0.000	0.000	0.000	0.000
FIJY1047	0.302	0.313	0.019	0.002	0.002	0.029	0.002	0.002	0.001	0.001	0.006	0.006	0.099	0.033	0.001	0.001	0.001	0.006	0.001	0.001	0.001	0.001	0.000	0.000	0.000	0.011	0.000	0.000	0.000	0.000	0.000	0.000	0.000	0.000	0.011	0.022	0.000	0.000	0.000	0.000	0.000	0.000	0.000	0.000	0.000	0.103	0.000	0.000	0.000	0.000	0.000	0.000	0.000	0.000	0.000	0.000	0.000	0.000	0.000	0.000	0.000	0.000	0.000	0.000	0.000	0.000	0.000	0.000	0.000	0.000	0.000	0.000	0.000	0.000	0.000	0.000	0.000	0.000	0.000	0.000	0.000	0.000	0.000	0.000	0.000	0.016	0.000	0.000	0.000	0.000	0.000	0.000	0.000	0.000	0.000	0.000	0.000	0.000	0.000	0.000
FIJY1070	0.239	0.114	0.128	0.012	0.023	0.002	0.002	0.127	0.001	0.001	0.001	0.090	0.001	0.027	0.001	0.001	0.001	0.001	0.006	0.001	0.074	0.021	0.027	0.000	0.000	0.001	0.000	0.000	0.000	0.000	0.000	0.000	0.005	0.000	0.000	0.000	0.000	0.000	0.000	0.000	0.000	0.000	0.000	0.000	0.000	0.000	0.000	0.000	0.000	0.000	0.000	0.000	0.000	0.000	0.000	0.000	0.000	0.000	0.000	0.000	0.000	0.000	0.000	0.000	0.000	0.000	0.000	0.000	0.000	0.000	0.000	0.000	0.000	0.000	0.000	0.000	0.000	0.000	0.000	0.000	0.000	0.000	0.000	0.000	0.000	0.000	0.089	0.000	0.000	0.000	0.000	0.000	0.000	0.000	0.000	0.000	0.000	0.000	0.000	0.000
SPM03014	0.174	0.174	0.025	0.068	0.095	0.057	0.002	0.002	0.007	0.034	0.001	0.078	0.001	0.001	0.001	0.006	0.001	0.001	0.001	0.001	0.001	0.039	0.000	0.000	0.209	0.001	0.000	0.000	0.000	0.000	0.000	0.000	0.000	0.000	0.000	0.000	0.000	0.000	0.000	0.011	0.000	0.000	0.000	0.006	0.000	0.000	0.000	0.000	0.000	0.000	0.000	0.000	0.000	0.000	0.000	0.000	0.000	0.000	0.000	0.000	0.000	0.000	0.000	0.000	0.000	0.000	0.000	0.000	0.000	0.000	0.000	0.000	0.000	0.000	0.000	0.000	0.000	0.000	0.000	0.000	0.000	0.000	0.000	0.000	0.000	0.000	0.000	0.000	0.000	0.000	0.000	0.000	0.000	0.000	0.000	0.000	0.000	0.000	0.000	0.000
RUMO4010	0.282	0.233	0.029	0.059	0.068	0.001	0.001	0.023	0.054	0.058	0.001	0.005	0.001	0.001	0.001	0.036	0.041	0.001	0.054	0.000	0.000	0.000	0.000	0.000	0.014	0.000	0.009	0.000	0.000	0.000	0.000	0.000	0.000	0.000	0.000	0.000	0.000	0.000	0.000	0.000	0.000	0.000	0.000	0.000	0.000	0.005	0.000	0.000	0.000	0.000	0.000	0.000	0.000	0.000	0.000	0.000	0.000	0.000	0.000	0.000	0.000	0.000	0.000	0.000	0.000	0.018	0.000	0.000	0.000	0.000	0.000	0.000	0.000	0.000	0.000	0.000	0.000	0.000	0.000	0.000	0.000	0.000	0.000	0.000	0.000	0.000	0.000	0.000	0.000	0.000	0.000	0.000	0.000	0.000	0.000	0.000	0.000	0.000	0.000	0.000
FRUB1005	0.229	0.211	0.003	0.006	0.058	0.044	0.119	0.006	0.001	0.001	0.001	0.001	0.001	0.001	0.001	0.001	0.001	0.001	0.001	0.137	0.001	0.000	0.000	0.000	0.005	0.001	0.000	0.000	0.000	0.000	0.000	0.000	0.000	0.000	0.000	0.000	0.000	0.000	0.000	0.000	0.000	0.000	0.000	0.000	0.000	0.000	0.000	0.165	0.000	0.000	0.000	0.000	0.000	0.000	0.000	0.000	0.000	0.000	0.000	0.000	0.000	0.000	0.000	0.000	0.000	0.000	0.000	0.000	0.000	0.000	0.000	0.000	0.000	0.000	0.000	0.000	0.000	0.000	0.000	0.000	0.000	0.000	0.000	0.000	0.000	0.000	0.000	0.000	0.000	0.000	0.000	0.000	0.000	0.000	0.000	0.000	0.000	0.000	0.000	0.000
FIJY1058	0.217	0.236	0.078	0.002	0.008	0.015	0.033	0.014	0.002	0.001	0.001	0.001	0.039	0.001	0.057	0.001	0.007	0.013	0.007	0.007	0.001	0.026	0.019	0.000	0.025	0.026	0.000	0.000	0.075	0.050	0.000	0.000	0.000	0.000	0.000	0.000	0.000	0.000	0.000	0.000	0.025	0.000	0.000	0.000	0.000	0.000	0.000	0.000	0.000	0.000	0.000	0.000	0.000	0.000	0.000	0.000	0.000	0.000	0.000	0.000	0.000	0.000	0.000	0.000	0.000	0.000	0.000	0.000	0.000	0.000	0.000	0.000	0.000	0.000	0.000	0.000	0.000	0.000	0.000	0.000	0.000	0.000	0.000	0.000	0.000	0.000	0.000	0.000	0.006	0.000	0.000	0.000	0.000	0.000	0.000	0.000	0.000	0.000	0.000	0.000
TRCU1046	0.433	0.173	0.059	0.002	0.002	0.002	0.069	0.002	0.013	0.013	0.001	0.007	0.018	0.125	0.001	0.001	0.001	0.001	0.001	0.001	0.001	0.001	0.000	0.000	0.001	0.001	0.000	0.000	0.000	0.000	0.000	0.000	0.000	0.034	0.000	0.000	0.000	0.000	0.000	0.034	0.000	0.000	0.000	0.000	0.000	0.000	0.000	0.000	0.000	0.000	0.000	0.000	0.000	0.000	0.000	0.000	0.000	0.000	0.000	0.000	0.000	0.000	0.000	0.000	0.000	0.000	0.000	0.000	0.000	0.000	0.000	0.000	0.000	0.000	0.000	0.000	0.000	0.000	0.000	0.000	0.000	0.000	0.000	0.000	0.000	0.000	0.000	0.000	0.000	0.000	0.000	0.000	0.000	0.000	0.000	0.000	0.000	0.000	0.000	0.000
RUMO5034	0.292	0.234	0.014	0.002	0.050	0.007	0.082	0.002	0.001	0.012	0.038	0.001	0.001	0.001	0.187	0.001	0.001	0.001	0.011	0.001	0.006	0.001	0.000	0.000	0.000	0.001	0.000	0.000	0.000	0.027	0.000	0.000	0.000	0.000	0.000	0.000	0.000	0.000	0.011	0.000	0.000	0.000	0.000	0.000	0.000	0.000	0.000	0.000	0.000	0.000	0.000	0.000	0.000	0.000	0.000	0.000	0.000	0.000	0.000	0.000	0.000	0.000	0.000	0.000	0.000	0.000	0.000	0.000	0.000	0.000	0.000	0.011	0.000	0.000	0.000	0.000	0.000	0.000	0.000	0.000	0.000	0.000	0.000	0.000	0.000	0.000	0.000	0.000	0.000	0.000	0.000	0.000	0.000	0.000	0.000	0.000	0.000	0.000	0.000	0.000
TRCU1040	0.476	0.177	0.003	0.117	0.002	0.002	0.016	0.001	0.030	0.001	0.044	0.001	0.001	0.001	0.001	0.001	0.006	0.001	0.001	0.001	0.001	0.001	0.000	0.000	0.000	0.010	0.000	0.102	0.000	0.000	0.000	0.000	0.000	0.000	0.000	0.000	0.000	0.000	0.000	0.000	0.000	0.000	0.000	0.000	0.000	0.000	0.000	0.000	0.000	0.000	0.000	0.000	0.000	0.000	0.000	0.000	0.000	0.000	0.000	0.000	0.000	0.000	0.000	0.000	0.000	0.000	0.000	0.000	0.000	0.000	0.000	0.000	0.000	0.000	0.000	0.000	0.000	0.000	0.000	0.000	0.000	0.000	0.000	0.000	0.000	0.000	0.000	0.000	0.000	0.000	0.000	0.000	0.000	0.000	0.000	0.000	0.000	0.000	0.000	0.000
TRCU1109	0.606	0.022	0.005	0.085	0.014	0.001	0.004	0.001	0.004	0.071	0.001	0.001	0.001	0.000	0.000	0.000	0.004	0.033	0.004	0.000	0.000	0.000	0.138	0.000	0.000	0.000	0.000	0.000	0.000	0.000	0.000	0.000	0.000	0.000	0.000	0.000	0.000	0.000	0.000	0.000	0.000	0.000	0.000	0.000	0.000	0.000	0.000	0.000	0.000	0.000	0.000	0.000	0.000	0.000	0.000	0.000	0.000	0.000	0.000	0.000	0.000	0.000	0.000	0.000	0.000	0.000	0.000	0.000	0.000	0.000	0.000	0.000	0.000	0.000	0.000	0.000	0.000	0.000	0.000	0.000	0.000	0.000	0.000	0.000	0.000	0.000	0.000	0.000	0.000	0.000	0.000	0.000	0.000	0.000	0.000	0.000	0.000	0.000	0.000	0.000
ITTO5004	0.271	0.148	0.036	0.068	0.005	0.053	0.001	0.042	0.008	0.001	0.008	0.001	0.038	0.056	0.000	0.001	0.001	0.075	0.004	0.045	0.019	0.000	0.000	0.000	0.015	0.000	0.008	0.000	0.000	0.000	0.034	0.000	0.000	0.000	0.004	0.000	0.000	0.000	0.000	0.000	0.000	0.004	0.000	0.022	0.000	0.011	0.000	0.000	0.000	0.000	0.000	0.000	0.000	0.000	0.004	0.000	0.000	0.000	0.000	0.000	0.000	0.000	0.000	0.000	0.000	0.000	0.000	0.000	0.000	0.000	0.000	0.011	0.000	0.000	0.000	0.000	0.000	0.000	0.000	0.000	0.000	0.000	0.000	0.000	0.000	0.000	0.000	0.000	0.000	0.000	0.000	0.000	0.000	0.000	0.000	0.000	0.000	0.000	0.000	0.000
FRUL1009	0.334	0.085	0.095	0.001	0.015	0.044	0.037	0.001	0.104	0.065	0.001	0.001	0.001	0.004	0.022	0.001	0.004	0.004	0.050	0.015	0.000	0.000	0.011	0.000	0.000	0.011	0.000	0.000	0.000	0.011	0.000	0.000	0.000	0.000	0.000	0.000	0.000	0.000	0.000	0.000	0.011	0.000	0.000	0.000	0.000	0.000	0.000	0.000	0.000	0.000	0.000	0.000	0.000	0.000	0.000	0.000	0.000	0.000	0.000	0.000	0.036	0.000	0.000	0.000	0.000	0.000	0.000	0.000	0.000	0.000	0.000	0.018	0.000	0.000	0.000	0.000	0.000	0.000	0.000	0.000	0.000	0.000	0.000	0.000	0.000	0.014	0.000	0.000	0.000	0.000	0.000	0.000	0.000	0.000	0.000	0.000	0.000	0.000	0.000	0.000
TRCU1055	0.460	0.126	0.033	0.017	0.002	0.012	0.002	0.001	0.001	0.001	0.001	0.001	0.001	0.021	0.036	0.001	0.001	0.001	0.001	0.001	0.001	0.001	0.051	0.000	0.011	0.001	0.031	0.000	0.000	0.000	0.000	0.000	0.000	0.000	0.000	0.020	0.000	0.000	0.000	0.000	0.000	0.000	0.000	0.000	0.000	0.000	0.000	0.000	0.000	0.000	0.000	0.025	0.000	0.000	0.000	0.000	0.000	0.000	0.000	0.000	0.000	0.000	0.127	0.010	0.000	0.000	0.000	0.000	0.000	0.000	0.000	0.000	0.000	0.000	0.000	0.000	0.000	0.000	0.000	0.000	0.000	0.000	0.000	0.000	0.000	0.000	0.000	0.000	0.000	0.000	0.000	0.000	0.000	0.000	0.000	0.000	0.000	0.000	0.000	0.000
FIJY1030	0.115	0.198	0.088	0.001	0.001	0.005	0.005	0.005	0.012	0.001	0.012	0.001	0.001	0.094	0.001	0.001	0.031	0.128	0.000	0.053	0.000	0.064	0.004	0.000	0.000	0.000	0.012	0.000	0.000	0.000	0.000	0.000	0.000	0.109	0.000	0.000	0.000	0.000	0.000	0.000	0.000	0.000	0.000	0.000	0.000	0.000	0.000	0.008	0.000	0.000	0.000	0.000	0.000	0.000	0.000	0.000	0.000	0.000	0.000	0.000	0.000	0.000	0.000	0.000	0.000	0.000	0.000	0.000	0.000	0.000	0.000	0.000	0.000	0.000	0.000	0.000	0.000	0.000	0.000	0.000	0.000	0.000	0.000	0.000	0.000	0.000	0.000	0.000	0.045	0.000	0.000	0.000	0.000	0.000	0.000	0.000	0.000	0.000	0.000	0.000
SPM02004	0.255	0.072	0.045	0.044	0.078	0.001	0.001	0.001	0.001	0.027	0.001	0.018	0.001	0.039	0.009	0.124	0.001	0.001	0.000	0.018	0.000	0.000	0.005	0.000	0.000	0.000	0.000	0.000	0.009	0.000	0.000	0.004	0.000	0.000	0.000	0.017	0.000	0.034	0.000	0.000	0.000	0.000	0.000	0.000	0.000	0.000	0.000	0.000	0.000	0.000	0.000	0.000	0.000	0.000	0.000	0.000	0.000	0.000	0.000	0.000	0.000	0.000	0.000	0.000	0.000	0.188	0.000	0.000	0.000	0.000	0.000	0.000	0.000	0.000	0.000	0.000	0.000	0.000	0.000	0.000	0.000	0.000	0.000	0.000	0.000	0.000	0.000	0.000	0.000	0.000	0.000	0.000	0.000	0.000	0.000	0.000	0.000	0.000	0.000	0.000
FRUB2005	0.222	0.197	0.049	0.001	0.001	0.136	0.077	0.001	0.026	0.005	0.026	0.018	0.001	0.009	0.001	0.013	0.001	0.001	0.000	0.093	0.005	0.000	0.000	0.000	0.000	0.000	0.017	0.000	0.000	0.000	0.013	0.000	0.004	0.000	0.000	0.021	0.000	0.000	0.000	0.000	0.000	0.000	0.004	0.000	0.000	0.000	0.000	0.000	0.000	0.000	0.000	0.000	0.000	0.000	0.000	0.000	0.025	0.000	0.000	0.000	0.000	0.000	0.000	0.000	0.000	0.000	0.000	0.025	0.000	0.000	0.000	0.000	0.000	0.000	0.000	0.000	0.000	0.000	0.000	0.000	0.000	0.000	0.000	0.000	0.000	0.000	0.000	0.000	0.000	0.000	0.000	0.000	0.000	0.000	0.000	0.000	0.000	0.000	0.000	0.000
TRCU1043	0.597	0.040	0.033	0.190	0.014	0.002	0.002	0.002	0.019	0.001	0.060	0.001	0.001	0.001	0.001	0.013	0.001	0.001	0.001	0.001	0.001	0.001	0.000	0.000	0.001	0.012	0.000	0.000	0.000	0.000	0.000	0.000	0.000	0.000	0.000	0.000	0.000	0.000	0.000	0.000	0.000	0.000	0.000	0.000	0.000	0.000	0.000	0.000	0.000	0.000	0.000	0.000	0.000	0.000	0.000	0.000	0.000	0.000	0.000	0.000	0.000	0.000	0.000	0.000	0.000	0.000	0.000	0.000	0.000	0.000	0.000	0.000	0.000	0.000	0.000	0.000	0.000	0.000	0.000	0.000	0.000	0.000	0.000	0.000	0.000	0.000	0.000	0.000	0.000	0.000	0.000	0.000	0.000	0.000	0.000	0.000	0.000	0.000	0.000	0.000
TRCU1047	0.326	0.248	0.003	0.201	0.002	0.002	0.002	0.007	0.001	0.029	0.123	0.001	0.001	0.001	0.001	0.001	0.001	0.001	0.001	0.001	0.001	0.001	0.006	0.000	0.000	0.001	0.000	0.000	0.028	0.000	0.000	0.000	0.000	0.000	0.000	0.000	0.000	0.006	0.000	0.000	0.000	0.000	0.000	0.000	0.000	0.000	0.000	0.000	0.000	0.000	0.000	0.000	0.000	0.000	0.000	0.000	0.000	0.000	0.000	0.000	0.000	0.000	0.000	0.000	0.000	0.000	0.000	0.000	0.000	0.000	0.000	0.000	0.000	0.000	0.000	0.000	0.000	0.000	0.000	0.000	0.000	0.000	0.000	0.000	0.000	0.000	0.000	0.000	0.000	0.000	0.000	0.000	0.000	0.000	0.000	0.000	0.000	0.000	0.000	0.000
RUMO4016	0.139	0.171	0.020	0.076	0.152	0.037	0.012	0.001	0.008	0.026	0.001	0.026	0.008	0.000	0.072	0.054	0.001	0.000	0.154	0.000	0.015	0.000	0.000	0.000	0.000	0.004	0.000	0.000	0.015	0.000	0.000	0.000	0.000	0.000	0.000	0.000	0.000	0.000	0.004	0.000	0.000	0.000	0.000	0.000	0.000	0.000	0.000	0.000	0.000	0.000	0.000	0.000	0.000	0.000	0.000	0.000	0.000	0.000	0.000	0.000	0.000	0.000	0.000	0.000	0.000	0.000	0.000	0.000	0.000	0.000	0.000	0.000	0.000	0.000	0.000	0.000	0.000	0.000	0.000	0.000	0.000	0.000	0.000	0.000	0.000	0.000	0.000	0.000	0.000	0.000	0.000	0.000	0.000	0.000	0.000	0.000	0.000	0.000	0.000	0.000
TRCU1045	0.572	0.080	0.103	0.002	0.054	0.016	0.002	0.011	0.001	0.020	0.025	0.001	0.001	0.001	0.001	0.001	0.006	0.005	0.001	0.010	0.001	0.000	0.000	0.000	0.000	0.020	0.000	0.000	0.000	0.000	0.034	0.000	0.000	0.000	0.000	0.000	0.029	0.000	0.000	0.000	0.000	0.000	0.000	0.000	0.000	0.000	0.000	0.000	0.000	0.000	0.000	0.000	0.000	0.000	0.000	0.000	0.000	0.000	0.000	0.000	0.000	0.000	0.000	0.000	0.000	0.000	0.000	0.000	0.000	0.000	0.000	0.000	0.000	0.000	0.000	0.000	0.000	0.000	0.000	0.000	0.000	0.000	0.000	0.000	0.000	0.000	0.000	0.000	0.000	0.000	0.000	0.000	0.000	0.000	0.000	0.000	0.000	0.000	0.000	0.000
RUMO5023	0.199	0.211	0.047	0.001	0.038	0.087	0.042	0.009	0.038	0.001	0.029	0.054	0.001	0.001	0.001	0.001	0.041	0.037	0.000	0.000	0.000	0.000	0.000	0.013	0.000	0.000	0.000	0.000	0.000	0.000	0.000	0.000	0.000	0.000	0.000	0.000	0.000	0.000	0.000	0.000	0.000	0.000	0.000	0.000	0.004	0.000	0.000	0.000	0.000	0.000	0.000	0.000	0.000	0.000	0.000	0.004	0.000	0.000	0.000	0.000	0.000	0.000	0.000	0.000	0.000	0.000	0.000	0.000	0.000	0.000	0.000	0.000	0.000	0.004	0.000	0.000	0.000	0.000	0.000	0.000	0.000	0.000	0.000	0.130	0.000	0.000	0.000	0.000	0.000	0.000	0.000	0.000	0.000	0.000	0.000	0.000	0.000	0.000	0.000	0.000
SPM03003	0.251	0.201	0.020	0.002	0.019	0.024	0.075	0.007	0.002	0.012	0.001	0.001	0.001	0.001	0.001	0.001	0.001	0.001	0.001	0.174	0.001	0.001	0.062	0.000	0.012	0.006	0.000	0.000	0.000	0.000	0.000	0.000	0.000	0.000	0.067	0.000	0.000	0.000	0.000	0.000	0.000	0.000	0.000	0.000	0.000	0.000	0.000	0.000	0.000	0.000	0.000	0.034	0.000	0.000	0.000	0.000	0.000	0.000	0.000	0.000	0.000	0.000	0.000	0.000	0.000	0.000	0.000	0.000	0.000	0.000	0.000	0.000	0.000	0.000	0.000	0.000	0.000	0.000	0.000	0.000	0.000	0.000	0.000	0.000	0.000	0.017	0.000	0.000	0.000	0.000	0.000	0.000	0.000	0.000	0.000	0.000	0.000	0.000	0.000	0.000
DBAN2020	0.251	0.101	0.197	0.001	0.006	0.046	0.028	0.019	0.006	0.067	0.005	0.001	0.001	0.005	0.045	0.001	0.001	0.001	0.000	0.000	0.000	0.027	0.009	0.000	0.000	0.000	0.000	0.000	0.005	0.000	0.000	0.000	0.000	0.000	0.000	0.000	0.000	0.005	0.000	0.000	0.000	0.000	0.004	0.000	0.000	0.000	0.000	0.000	0.000	0.000	0.000	0.000	0.000	0.000	0.000	0.000	0.000	0.000	0.000	0.000	0.000	0.000	0.000	0.000	0.159	0.000	0.000	0.004	0.000	0.000	0.000	0.000	0.000	0.000	0.000	0.000	0.000	0.000	0.000	0.000	0.000	0.000	0.000	0.000	0.000	0.000	0.000	0.000	0.000	0.000	0.000	0.000	0.000	0.000	0.000	0.000	0.000	0.000	0.000	0.000
CZUN1028	0.376	0.258	0.003	0.007	0.002	0.002	0.002	0.098	0.086	0.013	0.001	0.007	0.074	0.001	0.001	0.001	0.001	0.001	0.001	0.001	0.001	0.001	0.012	0.000	0.006	0.001	0.000	0.000	0.000	0.000	0.000	0.000	0.000	0.000	0.000	0.000	0.000	0.000	0.000	0.000	0.000	0.000	0.000	0.000	0.000	0.000	0.000	0.000	0.000	0.000	0.000	0.000	0.000	0.000	0.000	0.000	0.000	0.000	0.000	0.039	0.000	0.000	0.000	0.000	0.000	0.000	0.000	0.000	0.000	0.000	0.000	0.000	0.000	0.000	0.000	0.000	0.000	0.000	0.000	0.000	0.000	0.000	0.000	0.000	0.000	0.000	0.000	0.000	0.000	0.000	0.000	0.000	0.000	0.000	0.000	0.000	0.000	0.000	0.000	0.000
CZPR2027	0.428	0.273	0.063	0.001	0.001	0.001	0.001	0.088	0.001	0.001	0.001	0.001	0.001	0.004	0.001	0.001	0.001	0.000	0.000	0.000	0.000	0.000	0.000	0.000	0.000	0.012	0.000	0.000	0.000	0.000	0.004	0.000	0.000	0.000	0.000	0.004	0.000	0.000	0.000	0.000	0.000	0.000	0.000	0.000	0.000	0.000	0.000	0.000	0.000	0.000	0.000	0.000	0.000	0.000	0.023	0.000	0.004	0.000	0.000	0.000	0.000	0.000	0.000	0.000	0.000	0.000	0.000	0.000	0.000	0.000	0.000	0.004	0.000	0.072	0.000	0.000	0.004	0.000	0.000	0.000	0.000	0.000	0.000	0.000	0.000	0.000	0.000	0.000	0.000	0.000	0.000	0.000	0.000	0.000	0.000	0.000	0.000	0.000	0.000	0.000
DBAN2005	0.352	0.105	0.070	0.047	0.054	0.020	0.009	0.013	0.009	0.001	0.001	0.050	0.001	0.001	0.054	0.001	0.001	0.000	0.000	0.027	0.000	0.042	0.088	0.000	0.000	0.008	0.000	0.000	0.000	0.000	0.000	0.000	0.000	0.000	0.000	0.000	0.000	0.000	0.000	0.000	0.000	0.000	0.000	0.000	0.000	0.000	0.000	0.000	0.000	0.000	0.000	0.000	0.000	0.042	0.000	0.000	0.000	0.000	0.000	0.000	0.000	0.000	0.000	0.000	0.000	0.000	0.000	0.000	0.000	0.000	0.000	0.000	0.000	0.000	0.000	0.000	0.000	0.000	0.000	0.000	0.000	0.000	0.000	0.000	0.000	0.000	0.000	0.000	0.000	0.000	0.000	0.000	0.000	0.000	0.000	0.000	0.000	0.000	0.000	0.000
TRCU1107	0.439	0.006	0.002	0.251	0.080	0.001	0.001	0.052	0.036	0.001	0.020	0.023	0.026	0.000	0.000	0.000	0.001	0.004	0.000	0.035	0.000	0.000	0.000	0.000	0.000	0.013	0.000	0.000	0.007	0.000	0.000	0.000	0.000	0.000	0.000	0.000	0.000	0.000	0.000	0.000	0.000	0.000	0.000	0.000	0.000	0.000	0.000	0.000	0.000	0.000	0.000	0.000	0.000	0.000	0.000	0.000	0.000	0.000	0.000	0.000	0.000	0.000	0.000	0.000	0.000	0.000	0.000	0.000	0.000	0.000	0.000	0.000	0.000	0.000	0.000	0.000	0.000	0.000	0.000	0.000	0.000	0.000	0.000	0.000	0.000	0.000	0.000	0.000	0.000	0.000	0.000	0.000	0.000	0.000	0.000	0.000	0.000	0.000	0.000	0.000
CZPR2030	0.103	0.180	0.039	0.001	0.001	0.024	0.001	0.173	0.001	0.281	0.037	0.001	0.001	0.001	0.001	0.001	0.001	0.001	0.001	0.000	0.000	0.023	0.000	0.018	0.000	0.046	0.000	0.000	0.000	0.009	0.000	0.000	0.000	0.000	0.018	0.000	0.000	0.000	0.000	0.000	0.000	0.027	0.000	0.000	0.000	0.000	0.000	0.000	0.005	0.000	0.000	0.000	0.000	0.000	0.000	0.000	0.000	0.000	0.000	0.000	0.000	0.000	0.000	0.000	0.000	0.000	0.000	0.000	0.000	0.000	0.000	0.000	0.000	0.000	0.000	0.000	0.000	0.000	0.000	0.000	0.000	0.000	0.000	0.000	0.000	0.000	0.000	0.000	0.000	0.000	0.000	0.000	0.000	0.000	0.000	0.000	0.000	0.000	0.000	0.000
TRCU1051	0.385	0.033	0.008	0.055	0.055	0.070	0.002	0.011	0.016	0.011	0.128	0.006	0.045	0.001	0.001	0.001	0.001	0.001	0.001	0.001	0.001	0.001	0.000	0.000	0.000	0.001	0.000	0.000	0.123	0.000	0.000	0.000	0.000	0.000	0.000	0.000	0.000	0.005	0.000	0.000	0.000	0.000	0.000	0.000	0.000	0.000	0.000	0.000	0.000	0.000	0.000	0.000	0.000	0.000	0.000	0.000	0.000	0.000	0.000	0.000	0.000	0.000	0.000	0.000	0.000	0.000	0.000	0.000	0.000	0.034	0.000	0.000	0.000	0.000	0.000	0.000	0.000	0.000	0.000	0.000	0.000	0.000	0.000	0.000	0.000	0.000	0.000	0.000	0.000	0.000	0.000	0.000	0.000	0.000	0.000	0.000	0.000	0.000	0.000	0.000
TRCU1048	0.358	0.179	0.064	0.044	0.002	0.006	0.001	0.020	0.001	0.011	0.001	0.081	0.001	0.176	0.001	0.015	0.006	0.001	0.001	0.000	0.001	0.000	0.000	0.000	0.000	0.001	0.000	0.005	0.000	0.000	0.000	0.000	0.000	0.000	0.000	0.014	0.000	0.000	0.000	0.000	0.000	0.000	0.000	0.000	0.000	0.000	0.000	0.000	0.000	0.000	0.000	0.000	0.000	0.000	0.000	0.000	0.000	0.000	0.000	0.000	0.000	0.000	0.000	0.000	0.000	0.000	0.000	0.000	0.000	0.005	0.000	0.000	0.000	0.000	0.000	0.000	0.000	0.000	0.000	0.000	0.000	0.000	0.000	0.000	0.000	0.000	0.000	0.000	0.000	0.000	0.000	0.000	0.000	0.000	0.000	0.000	0.000	0.000	0.000	0.000
TRCU1118	0.503	0.039	0.062	0.001	0.021	0.001	0.001	0.008	0.001	0.094	0.067	0.004	0.017	0.000	0.000	0.000	0.004	0.000	0.014	0.000	0.000	0.000	0.000	0.000	0.000	0.000	0.010	0.004	0.000	0.000	0.000	0.000	0.000	0.000	0.000	0.000	0.000	0.000	0.000	0.013	0.000	0.000	0.000	0.000	0.000	0.000	0.000	0.000	0.000	0.000	0.000	0.000	0.000	0.000	0.000	0.000	0.000	0.000	0.000	0.000	0.000	0.000	0.000	0.000	0.000	0.000	0.000	0.000	0.000	0.000	0.000	0.000	0.000	0.000	0.000	0.000	0.000	0.129	0.000	0.000	0.000	0.000	0.000	0.000	0.000	0.000	0.000	0.000	0.000	0.000	0.000	0.000	0.000	0.000	0.000	0.000	0.000	0.000	0.000	0.000
DBAN2034	0.381	0.166	0.015	0.139	0.008	0.002	0.008	0.002	0.020	0.031	0.001	0.001	0.013	0.001	0.019	0.001	0.019	0.001	0.001	0.001	0.001	0.001	0.006	0.006	0.001	0.001	0.000	0.000	0.000	0.000	0.000	0.000	0.000	0.000	0.000	0.078	0.000	0.000	0.000	0.006	0.000	0.000	0.000	0.000	0.000	0.000	0.000	0.000	0.000	0.000	0.000	0.000	0.000	0.000	0.000	0.000	0.000	0.000	0.000	0.000	0.066	0.000	0.000	0.000	0.000	0.000	0.000	0.000	0.000	0.000	0.000	0.000	0.000	0.000	0.000	0.000	0.000	0.000	0.000	0.000	0.000	0.000	0.000	0.000	0.000	0.000	0.000	0.000	0.000	0.000	0.000	0.000	0.000	0.000	0.000	0.000	0.000	0.000	0.000	0.000
RUMO9014	0.234	0.091	0.006	0.056	0.108	0.049	0.075	0.001	0.012	0.071	0.034	0.030	0.001	0.001	0.015	0.001	0.001	0.070	0.015	0.000	0.000	0.015	0.030	0.000	0.000	0.004	0.000	0.000	0.000	0.000	0.000	0.000	0.000	0.000	0.000	0.000	0.000	0.000	0.000	0.000	0.000	0.000	0.000	0.000	0.000	0.000	0.000	0.018	0.000	0.000	0.004	0.000	0.000	0.000	0.000	0.022	0.000	0.000	0.000	0.000	0.000	0.000	0.000	0.000	0.033	0.000	0.000	0.000	0.000	0.000	0.000	0.000	0.000	0.000	0.000	0.000	0.000	0.000	0.000	0.000	0.000	0.000	0.000	0.000	0.000	0.000	0.000	0.000	0.000	0.000	0.000	0.000	0.000	0.000	0.000	0.000	0.000	0.000	0.000	0.000
TRCU1053	0.388	0.114	0.033	0.007	0.002	0.047	0.022	0.001	0.001	0.006	0.016	0.026	0.001	0.001	0.001	0.001	0.001	0.001	0.035	0.001	0.001	0.015	0.000	0.000	0.000	0.016	0.000	0.000	0.000	0.000	0.000	0.000	0.000	0.000	0.000	0.000	0.000	0.000	0.000	0.000	0.255	0.000	0.000	0.000	0.000	0.000	0.000	0.000	0.000	0.000	0.000	0.000	0.000	0.000	0.000	0.000	0.000	0.000	0.000	0.000	0.000	0.000	0.000	0.000	0.000	0.000	0.000	0.000	0.005	0.000	0.000	0.000	0.000	0.000	0.000	0.000	0.000	0.000	0.000	0.000	0.000	0.000	0.000	0.000	0.000	0.000	0.000	0.000	0.000	0.000	0.000	0.000	0.000	0.000	0.000	0.000	0.000	0.000	0.000	0.000
SPM03037	0.231	0.120	0.041	0.002	0.045	0.006	0.006	0.021	0.079	0.016	0.001	0.001	0.001	0.001	0.001	0.001	0.001	0.001	0.001	0.001	0.068	0.228	0.000	0.000	0.000	0.015	0.000	0.000	0.000	0.000	0.000	0.000	0.000	0.000	0.000	0.000	0.000	0.000	0.000	0.039	0.000	0.063	0.000	0.000	0.000	0.000	0.000	0.000	0.000	0.000	0.000	0.005	0.000	0.000	0.000	0.000	0.000	0.000	0.000	0.000	0.000	0.000	0.000	0.000	0.000	0.000	0.000	0.000	0.000	0.000	0.000	0.000	0.000	0.000	0.000	0.000	0.000	0.000	0.000	0.000	0.000	0.000	0.000	0.000	0.000	0.000	0.000	0.000	0.000	0.000	0.000	0.000	0.000	0.000	0.000	0.000	0.000	0.000	0.000	0.000
CZPR3027	0.376	0.058	0.031	0.008	0.070	0.024	0.057	0.001	0.132	0.014	0.010	0.001	0.001	0.000	0.000	0.030	0.001	0.000	0.000	0.000	0.000	0.013	0.004	0.000	0.000	0.000	0.000	0.007	0.000	0.000	0.000	0.000	0.000	0.000	0.000	0.000	0.000	0.000	0.000	0.000	0.000	0.000	0.000	0.000	0.000	0.000	0.000	0.000	0.000	0.000	0.000	0.000	0.000	0.000	0.000	0.000	0.000	0.000	0.000	0.000	0.000	0.000	0.000	0.000	0.000	0.000	0.000	0.000	0.000	0.000	0.000	0.000	0.000	0.000	0.157	0.000	0.000	0.000	0.000	0.000	0.000	0.000	0.000	0.000	0.000	0.000	0.000	0.000	0.000	0.000	0.000	0.000	0.000	0.000	0.000	0.000	0.000	0.000	0.000	0.000
RUMO9010	0.268	0.197	0.009	0.026	0.077	0.016	0.001	0.019	0.137	0.001	0.004	0.008	0.001	0.000	0.000	0.001	0.001	0.000	0.079	0.047	0.000	0.004	0.000	0.000	0.000	0.000	0.000	0.007	0.000	0.000	0.000	0.000	0.000	0.000	0.000	0.025	0.000	0.000	0.000	0.000	0.000	0.000	0.000	0.000	0.004	0.000	0.000	0.000	0.061	0.000	0.000	0.000	0.000	0.000	0.000	0.000	0.000	0.000	0.000	0.000	0.000	0.000	0.000	0.000	0.000	0.000	0.000	0.000	0.000	0.000	0.000	0.000	0.000	0.000	0.000	0.000	0.000	0.000	0.000	0.000	0.000	0.000	0.000	0.000	0.000	0.000	0.000	0.000	0.000	0.000	0.000	0.000	0.000	0.000	0.000	0.000	0.000	0.000	0.000	0.000
TRCU1056	0.500	0.175	0.012	0.002	0.029	0.002	0.001	0.029	0.029	0.001	0.084	0.001	0.001	0.019	0.001	0.005	0.005	0.001	0.001	0.000	0.001	0.000	0.005	0.000	0.000	0.001	0.000	0.000	0.000	0.000	0.000	0.000	0.000	0.000	0.000	0.000	0.000	0.000	0.000	0.000	0.000	0.000	0.000	0.000	0.000	0.000	0.000	0.000	0.000	0.000	0.000	0.000	0.000	0.000	0.000	0.000	0.000	0.000	0.000	0.000	0.000	0.000	0.000	0.000	0.000	0.000	0.000	0.000	0.000	0.000	0.000	0.000	0.000	0.000	0.000	0.000	0.000	0.000	0.000	0.000	0.000	0.000	0.000	0.000	0.088	0.000	0.000	0.000	0.000	0.000	0.000	0.000	0.000	0.000	0.000	0.000	0.000	0.000	0.000	0.000
CZPR4005	0.369	0.135	0.079	0.001	0.050	0.023	0.004	0.016	0.004	0.035	0.001	0.001	0.007	0.000	0.034	0.000	0.010	0.000	0.000	0.000	0.016	0.028	0.000	0.000	0.062	0.000	0.000	0.003	0.000	0.000	0.016	0.000	0.000	0.000	0.000	0.000	0.000	0.000	0.000	0.000	0.000	0.000	0.000	0.000	0.000	0.000	0.000	0.000	0.000	0.000	0.000	0.000	0.000	0.000	0.000	0.000	0.000	0.000	0.009	0.000	0.000	0.000	0.000	0.000	0.000	0.000	0.000	0.000	0.000	0.000	0.000	0.000	0.000	0.000	0.000	0.000	0.000	0.000	0.000	0.000	0.000	0.000	0.000	0.000	0.000	0.000	0.000	0.000	0.000	0.000	0.093	0.000	0.000	0.000	0.000	0.000	0.000	0.000	0.000	0.000
TRCU1057	0.294	0.279	0.071	0.002	0.002	0.012	0.023	0.002	0.001	0.001	0.001	0.001	0.001	0.254	0.022	0.001	0.022	0.001	0.001	0.001	0.001	0.001	0.000	0.000	0.000	0.001	0.000	0.000	0.000	0.000	0.000	0.000	0.000	0.000	0.000	0.000	0.000	0.000	0.000	0.000	0.000	0.000	0.000	0.000	0.000	0.000	0.000	0.000	0.000	0.000	0.000	0.000	0.000	0.000	0.000	0.000	0.000	0.000	0.000	0.000	0.000	0.000	0.000	0.000	0.000	0.000	0.000	0.000	0.000	0.000	0.000	0.000	0.000	0.000	0.000	0.000	0.000	0.000	0.000	0.000	0.000	0.000	0.000	0.000	0.000	0.000	0.000	0.000	0.000	0.000	0.000	0.000	0.000	0.000	0.000	0.000	0.000	0.000	0.000	0.000
TRCU1136	0.404	0.200	0.006	0.092	0.001	0.001	0.001	0.001	0.001	0.001	0.095	0.012	0.001	0.001	0.001	0.008	0.001	0.000	0.000	0.000	0.000	0.004	0.000	0.000	0.000	0.004	0.000	0.000	0.000	0.000	0.000	0.000	0.000	0.000	0.000	0.000	0.024	0.000	0.000	0.000	0.004	0.000	0.000	0.000	0.079	0.000	0.000	0.000	0.000	0.000	0.000	0.000	0.000	0.000	0.000	0.000	0.035	0.000	0.000	0.000	0.000	0.000	0.000	0.000	0.000	0.000	0.000	0.000	0.000	0.000	0.000	0.000	0.000	0.000	0.000	0.000	0.000	0.016	0.000	0.000	0.000	0.000	0.000	0.000	0.000	0.000	0.000	0.000	0.000	0.000	0.000	0.000	0.000	0.000	0.000	0.000	0.000	0.000	0.000	0.000
TRCU1044	0.575	0.111	0.099	0.001	0.016	0.001	0.001	0.005	0.001	0.027	0.001	0.001	0.057	0.012	0.000	0.004	0.001	0.000	0.000	0.000	0.000	0.000	0.000	0.000	0.000	0.000	0.000	0.004	0.000	0.000	0.000	0.019	0.000	0.000	0.000	0.000	0.000	0.000	0.000	0.000	0.000	0.000	0.000	0.000	0.000	0.000	0.000	0.000	0.004	0.000	0.000	0.000	0.000	0.000	0.000	0.000	0.052	0.000	0.000	0.000	0.000	0.000	0.000	0.000	0.000	0.000	0.000	0.000	0.000	0.000	0.000	0.000	0.000	0.000	0.000	0.000	0.000	0.000	0.000	0.000	0.000	0.000	0.000	0.000	0.000	0.000	0.000	0.000	0.000	0.000	0.000	0.000	0.000	0.000	0.000	0.000	0.000	0.000	0.000	0.000
RUMO5019	0.371	0.377	0.003	0.002	0.008	0.008	0.002	0.002	0.002	0.001	0.007	0.001	0.190	0.001	0.001	0.001	0.001	0.001	0.001	0.001	0.001	0.006	0.000	0.000	0.001	0.001	0.000	0.000	0.000	0.000	0.000	0.000	0.000	0.000	0.000	0.000	0.000	0.000	0.000	0.000	0.000	0.000	0.000	0.000	0.000	0.000	0.000	0.000	0.000	0.000	0.000	0.000	0.000	0.000	0.000	0.000	0.000	0.006	0.000	0.000	0.000	0.000	0.000	0.000	0.000	0.000	0.000	0.000	0.000	0.000	0.000	0.000	0.000	0.000	0.000	0.000	0.000	0.000	0.000	0.000	0.000	0.000	0.000	0.000	0.000	0.000	0.000	0.000	0.000	0.000	0.000	0.000	0.000	0.000	0.000	0.000	0.000	0.000	0.000	0.000
TRCU1108	0.496	0.037	0.002	0.022	0.081	0.035	0.018	0.014	0.030	0.001	0.097	0.001	0.001	0.001	0.001	0.013	0.001	0.042	0.000	0.042	0.000	0.000	0.004	0.000	0.000	0.000	0.000	0.000	0.017	0.000	0.000	0.000	0.000	0.000	0.000	0.000	0.000	0.000	0.000	0.000	0.000	0.000	0.000	0.000	0.000	0.000	0.000	0.000	0.000	0.000	0.000	0.000	0.000	0.000	0.038	0.000	0.000	0.000	0.000	0.000	0.000	0.000	0.000	0.000	0.000	0.000	0.000	0.000	0.000	0.000	0.000	0.000	0.000	0.000	0.000	0.000	0.000	0.000	0.000	0.000	0.000	0.000	0.000	0.000	0.000	0.000	0.000	0.000	0.000	0.000	0.000	0.000	0.000	0.000	0.000	0.000	0.000	0.000	0.000	0.000
CZKR1009	0.459	0.187	0.014	0.013	0.079	0.041	0.002	0.040	0.001	0.007	0.001	0.045	0.001	0.001	0.001	0.001	0.001	0.023	0.023	0.001	0.001	0.001	0.000	0.000	0.000	0.001	0.000	0.000	0.006	0.000	0.000	0.000	0.000	0.000	0.000	0.000	0.000	0.000	0.000	0.000	0.000	0.006	0.000	0.000	0.000	0.000	0.000	0.000	0.033	0.006	0.000	0.000	0.000	0.000	0.000	0.000	0.000	0.000	0.000	0.000	0.000	0.000	0.000	0.000	0.000	0.000	0.000	0.000	0.000	0.000	0.000	0.000	0.000	0.000	0.000	0.000	0.000	0.000	0.000	0.000	0.000	0.000	0.000	0.000	0.000	0.000	0.000	0.000	0.000	0.000	0.000	0.000	0.000	0.000	0.000	0.000	0.000	0.000	0.000	0.000
SPM04047	0.127	0.163	0.059	0.001	0.001	0.004	0.025	0.088	0.012	0.003	0.001	0.079	0.001	0.000	0.000	0.000	0.011	0.000	0.006	0.000	0.000	0.006	0.000	0.000	0.000	0.000	0.003	0.000	0.000	0.000	0.000	0.000	0.000	0.000	0.144	0.000	0.000	0.000	0.000	0.000	0.000	0.000	0.000	0.000	0.000	0.000	0.000	0.000	0.000	0.000	0.000	0.000	0.000	0.000	0.000	0.000	0.000	0.000	0.000	0.000	0.000	0.000	0.000	0.000	0.000	0.000	0.112	0.065	0.000	0.000	0.000	0.000	0.000	0.000	0.000	0.000	0.000	0.000	0.000	0.000	0.000	0.000	0.000	0.000	0.000	0.000	0.000	0.000	0.000	0.000	0.000	0.084	0.000	0.000	0.000	0.000	0.000	0.000	0.000	0.000
SPM01013	0.120	0.175	0.161	0.008	0.011	0.005	0.070	0.063	0.011	0.001	0.001	0.001	0.001	0.011	0.049	0.000	0.001	0.000	0.000	0.004	0.000	0.000	0.000	0.000	0.063	0.000	0.007	0.000	0.038	0.014	0.000	0.000	0.000	0.000	0.000	0.000	0.000	0.004	0.000	0.000	0.000	0.000	0.000	0.000	0.000	0.000	0.000	0.000	0.000	0.000	0.000	0.000	0.000	0.000	0.000	0.000	0.000	0.000	0.000	0.000	0.000	0.000	0.000	0.000	0.000	0.000	0.000	0.000	0.000	0.135	0.000	0.000	0.000	0.000	0.000	0.000	0.010	0.000	0.000	0.000	0.000	0.000	0.000	0.000	0.000	0.000	0.000	0.000	0.031	0.000	0.000	0.000	0.000	0.000	0.000	0.000	0.000	0.000	0.000	0.000
ITTO5007	0.279	0.269	0.120	0.037	0.078	0.012	0.007	0.022	0.042	0.001	0.001	0.006	0.001	0.006	0.001	0.001	0.001	0.001	0.016	0.016	0.011	0.001	0.000	0.026	0.011	0.001	0.005	0.000	0.000	0.000	0.015	0.000	0.000	0.000	0.000	0.000	0.000	0.000	0.000	0.000	0.000	0.000	0.000	0.000	0.000	0.000	0.000	0.000	0.000	0.005	0.000	0.000	0.000	0.000	0.000	0.000	0.000	0.000	0.000	0.000	0.000	0.000	0.000	0.000	0.000	0.000	0.000	0.000	0.000	0.000	0.000	0.000	0.000	0.000	0.000	0.000	0.000	0.005	0.000	0.000	0.000	0.000	0.000	0.000	0.000	0.000	0.000	0.000	0.000	0.000	0.000	0.000	0.000	0.000	0.000	0.000	0.000	0.000	0.000	0.000
TRCU1042	0.395	0.035	0.018	0.005	0.001	0.001	0.001	0.046	0.005	0.013	0.183	0.001	0.025	0.001	0.001	0.005	0.001	0.000	0.029	0.000	0.000	0.000	0.016	0.000	0.000	0.004	0.000	0.000	0.000	0.000	0.000	0.178	0.000	0.000	0.000	0.000	0.000	0.000	0.008	0.000	0.000	0.000	0.000	0.000	0.016	0.000	0.000	0.000	0.000	0.004	0.000	0.000	0.000	0.000	0.000	0.000	0.000	0.000	0.000	0.000	0.000	0.000	0.000	0.000	0.000	0.000	0.000	0.000	0.000	0.000	0.000	0.000	0.000	0.000	0.000	0.000	0.000	0.000	0.000	0.000	0.000	0.000	0.000	0.000	0.000	0.000	0.000	0.000	0.000	0.000	0.000	0.000	0.000	0.000	0.000	0.000	0.000	0.000	0.000	0.000
FRUL2009	0.236	0.014	0.216	0.087	0.003	0.045	0.002	0.002	0.002	0.120	0.016	0.006	0.001	0.006	0.043	0.039	0.010	0.001	0.020	0.001	0.006	0.006	0.001	0.047	0.001	0.001	0.000	0.033	0.000	0.000	0.000	0.000	0.000	0.000	0.000	0.000	0.005	0.000	0.000	0.000	0.000	0.000	0.000	0.000	0.000	0.000	0.000	0.000	0.000	0.000	0.000	0.000	0.000	0.009	0.000	0.000	0.000	0.000	0.000	0.000	0.000	0.000	0.000	0.000	0.014	0.000	0.000	0.000	0.000	0.000	0.000	0.000	0.000	0.000	0.000	0.000	0.000	0.000	0.000	0.000	0.000	0.000	0.000	0.000	0.000	0.000	0.000	0.000	0.000	0.000	0.000	0.000	0.000	0.000	0.000	0.000	0.000	0.000	0.000	0.000
FRUL1028	0.146	0.123	0.062	0.227	0.002	0.036	0.014	0.011	0.026	0.042	0.004	0.016	0.019	0.019	0.001	0.010	0.001	0.001	0.031	0.001	0.059	0.004	0.016	0.093	0.000	0.000	0.000	0.000	0.000	0.000	0.000	0.000	0.000	0.000	0.000	0.000	0.000	0.000	0.000	0.000	0.000	0.015	0.000	0.000	0.000	0.000	0.000	0.000	0.000	0.000	0.000	0.000	0.000	0.000	0.000	0.000	0.000	0.000	0.000	0.000	0.000	0.000	0.000	0.000	0.000	0.000	0.000	0.000	0.000	0.000	0.000	0.000	0.000	0.000	0.000	0.000	0.000	0.000	0.000	0.000	0.000	0.000	0.000	0.000	0.000	0.000	0.000	0.000	0.012	0.000	0.000	0.000	0.000	0.000	0.003	0.000	0.000	0.000	0.000	0.000
FRUL2019	0.142	0.278	0.089	0.005	0.022	0.015	0.021	0.037	0.067	0.035	0.028	0.001	0.014	0.011	0.004	0.014	0.001	0.010	0.004	0.001	0.001	0.017	0.000	0.174	0.000	0.000	0.000	0.003	0.000	0.000	0.000	0.000	0.000	0.000	0.000	0.000	0.000	0.000	0.000	0.000	0.000	0.000	0.000	0.000	0.000	0.000	0.000	0.000	0.000	0.000	0.000	0.000	0.000	0.000	0.000	0.000	0.000	0.000	0.000	0.000	0.000	0.000	0.000	0.000	0.000	0.000	0.000	0.000	0.000	0.000	0.000	0.000	0.000	0.000	0.000	0.000	0.000	0.000	0.000	0.000	0.000	0.000	0.000	0.000	0.000	0.000	0.000	0.000	0.000	0.000	0.000	0.000	0.000	0.000	0.000	0.000	0.000	0.000	0.000	0.000
FRUL2029	0.125	0.034	0.140	0.190	0.003	0.033	0.057	0.019	0.121	0.002	0.087	0.018	0.001	0.001	0.010	0.001	0.005	0.005	0.039	0.001	0.005	0.005	0.005	0.001	0.000	0.000	0.026	0.000	0.000	0.000	0.000	0.000	0.000	0.000	0.000	0.000	0.000	0.000	0.000	0.000	0.000	0.000	0.000	0.000	0.000	0.043	0.004	0.000	0.000	0.000	0.000	0.000	0.000	0.000	0.000	0.000	0.000	0.000	0.000	0.000	0.000	0.000	0.000	0.000	0.000	0.000	0.000	0.000	0.000	0.000	0.000	0.000	0.000	0.000	0.000	0.000	0.000	0.000	0.000	0.013	0.000	0.000	0.000	0.000	0.000	0.000	0.000	0.000	0.000	0.000	0.000	0.000	0.000	0.000	0.000	0.000	0.000	0.000	0.000	0.000
FRUL2026	0.038	0.078	0.108	0.199	0.099	0.118	0.006	0.020	0.017	0.024	0.013	0.001	0.124	0.001	0.001	0.027	0.004	0.001	0.030	0.001	0.001	0.001	0.000	0.012	0.000	0.034	0.004	0.000	0.000	0.000	0.000	0.000	0.000	0.000	0.000	0.000	0.000	0.000	0.000	0.000	0.000	0.000	0.000	0.000	0.000	0.000	0.000	0.000	0.000	0.000	0.000	0.000	0.000	0.000	0.033	0.000	0.000	0.000	0.000	0.000	0.000	0.000	0.000	0.000	0.000	0.000	0.000	0.000	0.000	0.000	0.000	0.000	0.000	0.000	0.000	0.000	0.000	0.000	0.000	0.000	0.000	0.000	0.000	0.000	0.000	0.000	0.000	0.000	0.000	0.000	0.000	0.000	0.000	0.000	0.000	0.000	0.000	0.000	0.000	0.000
FRUL1026	0.095	0.094	0.094	0.017	0.013	0.092	0.012	0.002	0.049	0.003	0.044	0.020	0.062	0.043	0.039	0.001	0.024	0.043	0.001	0.015	0.029	0.001	0.001	0.043	0.001	0.010	0.024	0.000	0.000	0.000	0.000	0.000	0.038	0.000	0.000	0.000	0.000	0.000	0.000	0.000	0.005	0.000	0.000	0.000	0.000	0.000	0.000	0.000	0.000	0.000	0.000	0.000	0.000	0.038	0.000	0.000	0.000	0.000	0.000	0.000	0.000	0.000	0.000	0.000	0.000	0.000	0.000	0.000	0.000	0.000	0.000	0.000	0.000	0.000	0.000	0.000	0.000	0.042	0.000	0.000	0.000	0.000	0.000	0.000	0.000	0.000	0.000	0.000	0.000	0.000	0.000	0.000	0.000	0.000	0.000	0.000	0.000	0.000	0.000	0.000
FRUL1017	0.142	0.127	0.071	0.013	0.002	0.034	0.069	0.016	0.107	0.034	0.005	0.005	0.128	0.015	0.001	0.001	0.001	0.032	0.043	0.001	0.078	0.001	0.000	0.000	0.029	0.000	0.000	0.000	0.000	0.000	0.000	0.000	0.000	0.007	0.000	0.000	0.000	0.000	0.000	0.000	0.000	0.000	0.025	0.000	0.000	0.000	0.000	0.000	0.000	0.000	0.000	0.000	0.000	0.000	0.000	0.000	0.000	0.000	0.000	0.007	0.000	0.000	0.000	0.000	0.000	0.000	0.000	0.000	0.000	0.000	0.000	0.000	0.000	0.000	0.000	0.000	0.000	0.000	0.000	0.000	0.000	0.000	0.000	0.000	0.000	0.000	0.000	0.000	0.000	0.000	0.000	0.000	0.000	0.000	0.000	0.000	0.000	0.000	0.000	0.000
FRUL1003	0.055	0.046	0.137	0.152	0.015	0.028	0.052	0.002	0.056	0.069	0.010	0.010	0.039	0.026	0.005	0.005	0.005	0.001	0.096	0.005	0.001	0.001	0.001	0.001	0.000	0.009	0.013	0.000	0.000	0.000	0.021	0.000	0.000	0.000	0.000	0.000	0.000	0.000	0.062	0.000	0.000	0.000	0.000	0.000	0.000	0.000	0.000	0.000	0.004	0.000	0.000	0.000	0.000	0.000	0.000	0.000	0.000	0.000	0.000	0.070	0.000	0.000	0.000	0.000	0.000	0.000	0.000	0.000	0.000	0.000	0.000	0.000	0.000	0.000	0.000	0.000	0.000	0.000	0.000	0.000	0.000	0.000	0.000	0.000	0.000	0.000	0.000	0.000	0.000	0.000	0.000	0.000	0.000	0.000	0.000	0.000	0.000	0.000	0.000	0.000
FRUL1004	0.094	0.092	0.022	0.012	0.126	0.003	0.046	0.257	0.002	0.007	0.019	0.001	0.001	0.006	0.010	0.015	0.001	0.001	0.027	0.001	0.076	0.001	0.128	0.001	0.000	0.005	0.000	0.000	0.000	0.000	0.000	0.005	0.000	0.013	0.000	0.000	0.000	0.000	0.000	0.000	0.000	0.000	0.005	0.000	0.000	0.000	0.000	0.000	0.000	0.000	0.004	0.000	0.000	0.000	0.000	0.000	0.000	0.000	0.000	0.000	0.000	0.000	0.000	0.000	0.013	0.000	0.000	0.000	0.000	0.000	0.000	0.000	0.000	0.000	0.000	0.000	0.000	0.000	0.000	0.000	0.000	0.000	0.000	0.000	0.000	0.000	0.000	0.000	0.000	0.000	0.000	0.000	0.000	0.000	0.000	0.000	0.000	0.000	0.000	0.000
FRUL2017	0.116	0.138	0.007	0.085	0.002	0.081	0.005	0.001	0.147	0.002	0.038	0.014	0.037	0.001	0.060	0.001	0.001	0.001	0.001	0.011	0.001	0.037	0.010	0.010	0.000	0.007	0.000	0.000	0.004	0.000	0.000	0.000	0.000	0.007	0.000	0.000	0.000	0.000	0.000	0.000	0.000	0.000	0.000	0.000	0.000	0.000	0.000	0.115	0.000	0.000	0.000	0.000	0.000	0.013	0.000	0.000	0.000	0.000	0.000	0.000	0.023	0.000	0.000	0.000	0.000	0.000	0.000	0.000	0.000	0.000	0.000	0.000	0.000	0.000	0.000	0.000	0.000	0.000	0.000	0.000	0.000	0.020	0.000	0.000	0.000	0.000	0.000	0.000	0.000	0.000	0.000	0.000	0.000	0.000	0.000	0.000	0.000	0.000	0.000	0.000
FRUL2005	0.240	0.099	0.091	0.040	0.028	0.028	0.014	0.051	0.010	0.002	0.002	0.018	0.034	0.055	0.022	0.001	0.001	0.021	0.038	0.001	0.042	0.001	0.009	0.017	0.009	0.000	0.000	0.000	0.000	0.000	0.000	0.000	0.000	0.000	0.000	0.000	0.004	0.012	0.000	0.000	0.000	0.021	0.000	0.000	0.000	0.025	0.000	0.004	0.000	0.000	0.000	0.000	0.000	0.000	0.000	0.000	0.000	0.000	0.000	0.000	0.000	0.000	0.000	0.000	0.000	0.000	0.000	0.000	0.000	0.000	0.000	0.000	0.000	0.000	0.000	0.000	0.000	0.000	0.000	0.000	0.000	0.000	0.000	0.000	0.000	0.000	0.000	0.000	0.000	0.000	0.000	0.000	0.000	0.000	0.000	0.012	0.000	0.000	0.045	0.000
FRUL2022	0.135	0.087	0.090	0.012	0.019	0.009	0.048	0.041	0.008	0.055	0.038	0.028	0.014	0.104	0.031	0.014	0.001	0.057	0.051	0.017	0.037	0.001	0.010	0.010	0.000	0.000	0.010	0.000	0.000	0.000	0.000	0.000	0.007	0.000	0.000	0.000	0.000	0.000	0.000	0.034	0.000	0.000	0.000	0.000	0.000	0.000	0.010	0.000	0.000	0.000	0.000	0.000	0.000	0.000	0.000	0.000	0.000	0.000	0.000	0.000	0.000	0.000	0.000	0.000	0.000	0.000	0.000	0.000	0.000	0.000	0.000	0.000	0.000	0.000	0.000	0.000	0.000	0.000	0.000	0.000	0.000	0.000	0.000	0.000	0.000	0.000	0.000	0.000	0.000	0.000	0.013	0.000	0.000	0.000	0.000	0.000	0.000	0.000	0.000	0.000
FRUL2007	0.045	0.067	0.087	0.104	0.032	0.003	0.002	0.002	0.132	0.017	0.007	0.021	0.059	0.006	0.049	0.021	0.001	0.001	0.006	0.001	0.030	0.054	0.001	0.001	0.015	0.001	0.000	0.000	0.000	0.000	0.000	0.000	0.000	0.000	0.000	0.000	0.000	0.000	0.000	0.000	0.000	0.000	0.000	0.000	0.000	0.029	0.000	0.000	0.000	0.000	0.000	0.000	0.000	0.000	0.000	0.101	0.000	0.024	0.000	0.000	0.000	0.029	0.000	0.000	0.000	0.000	0.000	0.000	0.000	0.000	0.000	0.000	0.000	0.000	0.000	0.000	0.000	0.000	0.000	0.000	0.000	0.000	0.000	0.000	0.000	0.024	0.000	0.000	0.024	0.000	0.000	0.000	0.000	0.000	0.000	0.000	0.000	0.000	0.000	0.000
BGSU1081	0.464	0.167	0.107	0.030	0.003	0.003	0.003	0.003	0.002	0.042	0.001	0.026	0.007	0.027	0.052	0.016	0.001	0.011	0.011	0.006	0.000	0.001	0.000	0.000	0.000	0.000	0.000	0.000	0.000	0.000	0.000	0.000	0.000	0.000	0.000	0.000	0.000	0.000	0.000	0.000	0.000	0.000	0.000	0.000	0.005	0.000	0.000	0.000	0.000	0.000	0.000	0.000	0.000	0.000	0.000	0.000	0.000	0.000	0.000	0.000	0.000	0.000	0.000	0.000	0.000	0.000	0.000	0.000	0.000	0.000	0.000	0.000	0.000	0.000	0.000	0.000	0.000	0.000	0.000	0.000	0.000	0.000	0.000	0.000	0.000	0.000	0.000	0.000	0.000	0.000	0.000	0.000	0.000	0.000	0.000	0.000	0.000	0.000	0.000	0.000
BGSU1091	0.211	0.074	0.017	0.020	0.093	0.019	0.077	0.045	0.002	0.002	0.017	0.186	0.018	0.017	0.001	0.070	0.001	0.012	0.001	0.011	0.001	0.001	0.000	0.000	0.074	0.000	0.000	0.001	0.000	0.000	0.000	0.000	0.006	0.000	0.000	0.000	0.000	0.006	0.000	0.000	0.000	0.000	0.000	0.000	0.000	0.000	0.000	0.000	0.000	0.000	0.000	0.000	0.000	0.000	0.000	0.000	0.000	0.000	0.000	0.000	0.000	0.000	0.000	0.000	0.000	0.000	0.000	0.000	0.000	0.000	0.000	0.000	0.000	0.000	0.000	0.000	0.005	0.000	0.000	0.000	0.000	0.000	0.000	0.000	0.000	0.000	0.000	0.000	0.000	0.000	0.000	0.000	0.000	0.000	0.000	0.000	0.000	0.000	0.000	0.000
BGSU1004	0.277	0.074	0.014	0.155	0.003	0.054	0.071	0.015	0.006	0.014	0.001	0.001	0.049	0.006	0.001	0.001	0.005	0.040	0.009	0.014	0.005	0.000	0.000	0.000	0.000	0.000	0.000	0.000	0.061	0.000	0.000	0.000	0.000	0.000	0.000	0.000	0.000	0.000	0.048	0.000	0.000	0.000	0.000	0.000	0.000	0.000	0.000	0.000	0.004	0.000	0.000	0.000	0.000	0.000	0.000	0.000	0.000	0.000	0.000	0.000	0.000	0.000	0.000	0.000	0.000	0.009	0.004	0.000	0.000	0.000	0.000	0.000	0.000	0.000	0.000	0.000	0.000	0.000	0.000	0.000	0.000	0.000	0.000	0.000	0.000	0.000	0.000	0.048	0.000	0.000	0.000	0.000	0.000	0.000	0.000	0.000	0.000	0.000	0.000	0.000
BGSU1268	0.325	0.061	0.200	0.010	0.033	0.076	0.002	0.009	0.039	0.011	0.001	0.021	0.011	0.011	0.001	0.031	0.001	0.001	0.000	0.000	0.000	0.000	0.000	0.000	0.000	0.000	0.000	0.000	0.000	0.000	0.010	0.092	0.004	0.000	0.000	0.000	0.000	0.000	0.000	0.000	0.000	0.000	0.000	0.000	0.017	0.000	0.000	0.000	0.000	0.000	0.000	0.007	0.000	0.000	0.000	0.000	0.000	0.000	0.000	0.000	0.017	0.000	0.000	0.000	0.000	0.000	0.000	0.000	0.000	0.000	0.000	0.000	0.000	0.000	0.000	0.000	0.000	0.000	0.000	0.000	0.000	0.000	0.000	0.000	0.000	0.000	0.000	0.000	0.000	0.000	0.000	0.000	0.000	0.000	0.000	0.000	0.000	0.000	0.000	0.000
BGSU1114	0.310	0.111	0.177	0.016	0.074	0.067	0.002	0.002	0.018	0.007	0.001	0.011	0.001	0.021	0.001	0.040	0.001	0.004	0.000	0.000	0.007	0.000	0.000	0.000	0.000	0.000	0.000	0.000	0.000	0.000	0.000	0.000	0.000	0.000	0.020	0.000	0.000	0.000	0.000	0.000	0.000	0.000	0.036	0.000	0.000	0.000	0.000	0.000	0.000	0.017	0.000	0.000	0.000	0.000	0.000	0.000	0.000	0.000	0.000	0.000	0.000	0.000	0.000	0.000	0.000	0.000	0.000	0.000	0.000	0.000	0.000	0.000	0.000	0.000	0.000	0.000	0.000	0.000	0.000	0.033	0.003	0.000	0.007	0.000	0.000	0.000	0.000	0.000	0.000	0.000	0.000	0.000	0.000	0.000	0.000	0.000	0.007	0.000	0.000	0.000
BGSU1045	0.281	0.071	0.176	0.056	0.077	0.024	0.017	0.002	0.001	0.005	0.024	0.042	0.001	0.024	0.008	0.001	0.008	0.012	0.004	0.012	0.000	0.000	0.000	0.000	0.000	0.000	0.000	0.023	0.000	0.000	0.000	0.000	0.000	0.000	0.000	0.000	0.000	0.000	0.000	0.000	0.000	0.000	0.023	0.004	0.000	0.000	0.000	0.000	0.000	0.000	0.000	0.000	0.008	0.000	0.000	0.000	0.019	0.000	0.004	0.000	0.000	0.000	0.000	0.000	0.000	0.000	0.000	0.000	0.000	0.000	0.000	0.000	0.053	0.000	0.000	0.000	0.000	0.000	0.000	0.000	0.000	0.000	0.000	0.000	0.000	0.000	0.000	0.000	0.000	0.000	0.000	0.000	0.000	0.000	0.000	0.000	0.000	0.000	0.011	0.000
BGSU1122	0.321	0.246	0.042	0.063	0.027	0.061	0.003	0.015	0.002	0.002	0.002	0.001	0.002	0.002	0.001	0.007	0.001	0.007	0.001	0.001	0.001	0.001	0.135	0.001	0.000	0.000	0.001	0.001	0.000	0.000	0.000	0.001	0.000	0.000	0.000	0.000	0.000	0.000	0.000	0.000	0.000	0.000	0.000	0.000	0.000	0.000	0.000	0.000	0.000	0.000	0.018	0.000	0.000	0.000	0.000	0.000	0.000	0.000	0.000	0.000	0.000	0.000	0.000	0.000	0.000	0.000	0.000	0.000	0.012	0.006	0.000	0.000	0.000	0.000	0.000	0.000	0.000	0.000	0.000	0.000	0.000	0.000	0.000	0.000	0.000	0.000	0.000	0.000	0.000	0.000	0.000	0.006	0.000	0.000	0.000	0.000	0.000	0.000	0.000	0.000
BGSU1125	0.343	0.177	0.019	0.011	0.015	0.068	0.068	0.068	0.002	0.002	0.002	0.001	0.008	0.002	0.001	0.001	0.001	0.001	0.042	0.001	0.083	0.001	0.000	0.001	0.000	0.000	0.012	0.001	0.000	0.042	0.000	0.001	0.000	0.000	0.000	0.000	0.000	0.000	0.000	0.000	0.000	0.000	0.000	0.000	0.000	0.000	0.000	0.012	0.000	0.000	0.000	0.000	0.000	0.000	0.000	0.000	0.000	0.000	0.000	0.000	0.000	0.000	0.000	0.000	0.000	0.000	0.000	0.000	0.000	0.000	0.000	0.000	0.000	0.000	0.000	0.000	0.000	0.000	0.000	0.000	0.000	0.000	0.000	0.000	0.000	0.000	0.000	0.000	0.000	0.000	0.000	0.000	0.000	0.000	0.000	0.000	0.000	0.000	0.000	0.000
BGSU1085	0.139	0.297	0.043	0.012	0.045	0.121	0.045	0.019	0.006	0.001	0.005	0.018	0.006	0.010	0.001	0.001	0.001	0.001	0.000	0.009	0.072	0.000	0.000	0.000	0.000	0.000	0.000	0.000	0.000	0.000	0.009	0.005	0.000	0.051	0.000	0.000	0.000	0.000	0.000	0.000	0.000	0.000	0.000	0.000	0.000	0.000	0.000	0.000	0.000	0.000	0.000	0.000	0.000	0.000	0.000	0.000	0.000	0.000	0.021	0.000	0.000	0.000	0.000	0.000	0.000	0.000	0.000	0.000	0.004	0.000	0.000	0.000	0.000	0.000	0.000	0.000	0.000	0.000	0.000	0.000	0.000	0.000	0.013	0.000	0.000	0.000	0.000	0.000	0.000	0.034	0.000	0.000	0.000	0.000	0.000	0.000	0.000	0.000	0.000	0.000
BGSU1217	0.318	0.146	0.049	0.057	0.011	0.002	0.042	0.060	0.019	0.006	0.063	0.001	0.001	0.059	0.001	0.019	0.036	0.019	0.000	0.001	0.027	0.000	0.000	0.000	0.000	0.000	0.000	0.000	0.000	0.000	0.000	0.000	0.000	0.000	0.000	0.000	0.000	0.000	0.000	0.000	0.000	0.000	0.000	0.000	0.000	0.005	0.005	0.000	0.000	0.018	0.000	0.000	0.000	0.000	0.000	0.000	0.000	0.000	0.000	0.000	0.000	0.000	0.000	0.000	0.000	0.000	0.000	0.000	0.000	0.000	0.000	0.000	0.000	0.000	0.000	0.000	0.000	0.000	0.000	0.000	0.000	0.000	0.000	0.000	0.013	0.000	0.000	0.000	0.000	0.000	0.000	0.000	0.000	0.000	0.000	0.000	0.000	0.009	0.000	0.000
BGSU1026	0.239	0.092	0.068	0.054	0.010	0.040	0.028	0.003	0.064	0.020	0.026	0.179	0.014	0.002	0.001	0.007	0.013	0.001	0.001	0.001	0.001	0.001	0.007	0.001	0.025	0.000	0.001	0.001	0.000	0.000	0.037	0.001	0.000	0.000	0.007	0.000	0.000	0.000	0.000	0.000	0.000	0.000	0.000	0.000	0.000	0.000	0.000	0.013	0.000	0.000	0.000	0.000	0.000	0.013	0.000	0.000	0.000	0.000	0.000	0.000	0.000	0.000	0.000	0.000	0.000	0.000	0.000	0.000	0.000	0.006	0.000	0.000	0.000	0.000	0.000	0.000	0.000	0.000	0.000	0.000	0.000	0.000	0.000	0.000	0.000	0.000	0.000	0.000	0.000	0.000	0.000	0.000	0.000	0.000	0.000	0.000	0.012	0.000	0.000	0.000
BGSU1105	0.375	0.040	0.045	0.039	0.043	0.074	0.011	0.016	0.015	0.010	0.001	0.068	0.001	0.055	0.001	0.005	0.023	0.001	0.000	0.027	0.014	0.000	0.000	0.000	0.000	0.058	0.000	0.000	0.000	0.000	0.000	0.000	0.000	0.000	0.000	0.000	0.000	0.000	0.009	0.023	0.009	0.000	0.000	0.000	0.009	0.000	0.000	0.000	0.000	0.005	0.000	0.000	0.000	0.000	0.000	0.005	0.000	0.000	0.000	0.000	0.000	0.000	0.000	0.000	0.000	0.000	0.000	0.000	0.000	0.000	0.000	0.000	0.000	0.000	0.000	0.000	0.000	0.000	0.000	0.000	0.000	0.000	0.000	0.000	0.000	0.000	0.000	0.000	0.000	0.000	0.000	0.000	0.005	0.000	0.000	0.000	0.000	0.000	0.000	0.000
BGSU1014	0.410	0.011	0.065	0.010	0.042	0.002	0.164	0.013	0.012	0.008	0.008	0.001	0.037	0.001	0.001	0.001	0.001	0.008	0.000	0.001	0.000	0.000	0.000	0.000	0.011	0.004	0.000	0.011	0.015	0.000	0.000	0.000	0.000	0.000	0.000	0.000	0.000	0.000	0.000	0.000	0.000	0.000	0.000	0.000	0.000	0.000	0.144	0.000	0.000	0.000	0.000	0.000	0.000	0.007	0.000	0.000	0.000	0.000	0.000	0.000	0.000	0.000	0.000	0.000	0.000	0.000	0.000	0.000	0.000	0.000	0.000	0.000	0.000	0.000	0.000	0.000	0.000	0.000	0.000	0.000	0.000	0.000	0.000	0.000	0.000	0.000	0.000	0.000	0.000	0.004	0.000	0.000	0.000	0.000	0.000	0.000	0.000	0.000	0.000	0.000
BGSU1077	0.278	0.066	0.116	0.070	0.011	0.007	0.002	0.007	0.002	0.019	0.015	0.098	0.028	0.041	0.001	0.041	0.001	0.005	0.018	0.001	0.000	0.000	0.005	0.000	0.000	0.000	0.000	0.023	0.000	0.000	0.000	0.000	0.000	0.000	0.000	0.000	0.000	0.000	0.000	0.000	0.000	0.000	0.000	0.000	0.000	0.000	0.000	0.000	0.000	0.000	0.000	0.000	0.000	0.027	0.000	0.000	0.000	0.000	0.049	0.000	0.000	0.000	0.000	0.000	0.000	0.031	0.000	0.000	0.000	0.000	0.000	0.000	0.005	0.000	0.005	0.000	0.000	0.000	0.000	0.000	0.000	0.000	0.000	0.000	0.000	0.000	0.000	0.000	0.000	0.000	0.000	0.000	0.000	0.018	0.000	0.000	0.000	0.000	0.000	0.000
BGSU1008	0.310	0.053	0.103	0.135	0.003	0.002	0.056	0.042	0.002	0.035	0.001	0.001	0.011	0.001	0.025	0.006	0.001	0.088	0.001	0.001	0.000	0.020	0.005	0.000	0.000	0.000	0.010	0.000	0.000	0.000	0.000	0.000	0.000	0.000	0.000	0.000	0.000	0.024	0.000	0.000	0.000	0.005	0.000	0.000	0.000	0.000	0.000	0.005	0.000	0.000	0.000	0.000	0.000	0.000	0.000	0.000	0.000	0.000	0.000	0.000	0.000	0.000	0.034	0.000	0.000	0.005	0.000	0.000	0.000	0.000	0.000	0.000	0.000	0.000	0.000	0.000	0.000	0.000	0.000	0.000	0.000	0.000	0.000	0.000	0.000	0.000	0.000	0.000	0.000	0.000	0.000	0.000	0.000	0.000	0.000	0.000	0.000	0.000	0.000	0.000
BGSU1080	0.173	0.078	0.234	0.010	0.140	0.002	0.034	0.126	0.001	0.005	0.001	0.004	0.005	0.001	0.001	0.004	0.043	0.001	0.061	0.001	0.000	0.000	0.000	0.000	0.004	0.000	0.000	0.000	0.000	0.000	0.000	0.000	0.000	0.000	0.000	0.000	0.000	0.000	0.000	0.000	0.000	0.000	0.000	0.000	0.000	0.000	0.000	0.000	0.000	0.000	0.060	0.000	0.000	0.000	0.000	0.000	0.000	0.000	0.000	0.000	0.000	0.000	0.000	0.000	0.000	0.000	0.000	0.000	0.000	0.000	0.000	0.000	0.000	0.000	0.000	0.000	0.000	0.000	0.000	0.000	0.000	0.000	0.000	0.000	0.000	0.000	0.000	0.000	0.000	0.000	0.000	0.000	0.000	0.000	0.000	0.000	0.000	0.000	0.000	0.000
BGSU1041	0.293	0.162	0.192	0.006	0.012	0.026	0.018	0.070	0.054	0.002	0.002	0.031	0.002	0.002	0.002	0.001	0.001	0.001	0.001	0.001	0.023	0.001	0.001	0.001	0.052	0.001	0.001	0.001	0.001	0.000	0.000	0.001	0.001	0.000	0.000	0.000	0.000	0.000	0.000	0.001	0.000	0.000	0.000	0.000	0.000	0.000	0.000	0.000	0.000	0.000	0.000	0.000	0.000	0.000	0.000	0.008	0.000	0.000	0.000	0.000	0.000	0.000	0.000	0.000	0.000	0.000	0.000	0.000	0.000	0.000	0.000	0.000	0.000	0.000	0.000	0.000	0.000	0.000	0.000	0.000	0.000	0.000	0.000	0.015	0.000	0.000	0.000	0.000	0.000	0.000	0.000	0.000	0.000	0.000	0.000	0.000	0.000	0.000	0.000	0.000
BGSU1259	0.219	0.293	0.074	0.019	0.004	0.003	0.003	0.037	0.096	0.002	0.002	0.002	0.009	0.002	0.068	0.001	0.015	0.001	0.007	0.001	0.007	0.001	0.000	0.001	0.000	0.000	0.001	0.001	0.000	0.000	0.000	0.001	0.000	0.000	0.000	0.054	0.000	0.000	0.000	0.000	0.000	0.000	0.000	0.014	0.000	0.000	0.000	0.000	0.000	0.000	0.000	0.000	0.000	0.007	0.014	0.000	0.000	0.000	0.000	0.000	0.000	0.000	0.000	0.000	0.000	0.020	0.000	0.000	0.000	0.000	0.000	0.000	0.000	0.000	0.000	0.000	0.000	0.000	0.000	0.000	0.000	0.000	0.007	0.000	0.000	0.000	0.000	0.000	0.000	0.000	0.000	0.000	0.000	0.000	0.000	0.000	0.000	0.000	0.000	0.000
BGSU1071	0.265	0.233	0.029	0.042	0.006	0.002	0.009	0.020	0.034	0.001	0.001	0.047	0.005	0.037	0.001	0.001	0.037	0.026	0.000	0.001	0.000	0.000	0.000	0.011	0.000	0.000	0.043	0.000	0.000	0.000	0.000	0.000	0.018	0.000	0.000	0.000	0.000	0.000	0.000	0.000	0.000	0.015	0.015	0.000	0.000	0.000	0.000	0.000	0.000	0.000	0.000	0.000	0.000	0.000	0.000	0.000	0.000	0.000	0.000	0.000	0.000	0.000	0.000	0.000	0.000	0.000	0.000	0.000	0.000	0.000	0.000	0.000	0.000	0.000	0.007	0.000	0.007	0.000	0.000	0.000	0.000	0.000	0.000	0.000	0.040	0.000	0.000	0.000	0.018	0.022	0.000	0.000	0.000	0.000	0.000	0.000	0.000	0.000	0.000	0.000
BGSU1098	0.286	0.152	0.023	0.067	0.048	0.076	0.003	0.003	0.058	0.007	0.013	0.001	0.007	0.019	0.046	0.001	0.001	0.001	0.001	0.001	0.001	0.006	0.000	0.001	0.000	0.000	0.006	0.001	0.000	0.000	0.006	0.001	0.000	0.000	0.000	0.000	0.000	0.000	0.000	0.017	0.000	0.000	0.000	0.000	0.000	0.000	0.000	0.000	0.000	0.000	0.000	0.000	0.000	0.000	0.000	0.000	0.000	0.000	0.000	0.000	0.000	0.006	0.000	0.000	0.051	0.000	0.000	0.000	0.000	0.000	0.000	0.000	0.000	0.000	0.000	0.000	0.079	0.000	0.000	0.000	0.000	0.000	0.000	0.000	0.000	0.000	0.000	0.000	0.000	0.000	0.000	0.000	0.000	0.000	0.000	0.000	0.000	0.000	0.000	0.000
BGSU1102	0.250	0.225	0.018	0.021	0.002	0.012	0.227	0.023	0.019	0.005	0.015	0.011	0.001	0.001	0.001	0.001	0.001	0.001	0.000	0.001	0.004	0.000	0.000	0.000	0.000	0.000	0.000	0.000	0.000	0.000	0.000	0.000	0.000	0.000	0.000	0.032	0.000	0.000	0.000	0.000	0.000	0.000	0.000	0.007	0.000	0.000	0.000	0.000	0.028	0.000	0.000	0.000	0.000	0.000	0.000	0.000	0.000	0.000	0.000	0.000	0.000	0.000	0.018	0.000	0.000	0.000	0.000	0.000	0.000	0.000	0.000	0.000	0.000	0.000	0.000	0.000	0.000	0.000	0.000	0.000	0.000	0.000	0.000	0.063	0.000	0.000	0.000	0.000	0.004	0.000	0.000	0.000	0.000	0.000	0.000	0.000	0.000	0.000	0.000	0.000
BGSU1110	0.335	0.073	0.135	0.005	0.083	0.003	0.003	0.010	0.063	0.002	0.008	0.001	0.002	0.014	0.007	0.001	0.001	0.007	0.001	0.001	0.013	0.001	0.000	0.001	0.116	0.000	0.001	0.001	0.000	0.000	0.031	0.019	0.000	0.000	0.000	0.000	0.000	0.000	0.000	0.000	0.000	0.000	0.000	0.000	0.000	0.000	0.000	0.000	0.000	0.000	0.000	0.000	0.000	0.000	0.000	0.000	0.037	0.006	0.000	0.000	0.000	0.000	0.000	0.000	0.000	0.000	0.000	0.000	0.000	0.000	0.000	0.000	0.000	0.000	0.000	0.000	0.000	0.000	0.000	0.000	0.000	0.000	0.000	0.000	0.000	0.000	0.000	0.000	0.000	0.000	0.000	0.000	0.000	0.000	0.000	0.000	0.000	0.000	0.006	0.000
BGSU1058	0.334	0.193	0.024	0.004	0.003	0.007	0.007	0.007	0.238	0.001	0.020	0.015	0.020	0.001	0.001	0.001	0.001	0.001	0.005	0.001	0.000	0.000	0.047	0.010	0.000	0.000	0.038	0.000	0.000	0.000	0.000	0.000	0.000	0.000	0.000	0.000	0.000	0.000	0.000	0.000	0.000	0.000	0.000	0.000	0.000	0.000	0.000	0.000	0.000	0.000	0.000	0.000	0.000	0.000	0.000	0.000	0.005	0.000	0.000	0.000	0.000	0.000	0.000	0.000	0.000	0.000	0.000	0.000	0.000	0.000	0.000	0.000	0.000	0.000	0.000	0.000	0.000	0.000	0.000	0.000	0.000	0.000	0.000	0.000	0.000	0.000	0.000	0.000	0.000	0.000	0.000	0.000	0.000	0.000	0.000	0.000	0.000	0.000	0.000	0.000
BGSU1257	0.369	0.102	0.122	0.012	0.061	0.029	0.041	0.004	0.003	0.002	0.015	0.001	0.008	0.097	0.001	0.001	0.001	0.058	0.001	0.001	0.001	0.001	0.000	0.001	0.000	0.000	0.001	0.007	0.000	0.000	0.000	0.001	0.000	0.013	0.000	0.000	0.000	0.000	0.000	0.007	0.000	0.000	0.000	0.000	0.000	0.013	0.000	0.000	0.000	0.000	0.000	0.000	0.000	0.000	0.000	0.013	0.000	0.000	0.000	0.000	0.000	0.000	0.000	0.000	0.000	0.000	0.000	0.000	0.000	0.000	0.000	0.000	0.000	0.000	0.000	0.000	0.000	0.000	0.000	0.000	0.000	0.000	0.000	0.000	0.000	0.000	0.000	0.000	0.000	0.000	0.000	0.000	0.000	0.000	0.000	0.000	0.000	0.000	0.000	0.000
BGSU1127	0.225	0.222	0.113	0.050	0.010	0.010	0.041	0.068	0.017	0.001	0.021	0.001	0.001	0.032	0.016	0.005	0.001	0.005	0.000	0.051	0.000	0.004	0.012	0.000	0.000	0.000	0.000	0.000	0.000	0.000	0.000	0.004	0.000	0.004	0.000	0.000	0.000	0.000	0.000	0.004	0.039	0.000	0.000	0.000	0.000	0.000	0.000	0.000	0.000	0.000	0.000	0.000	0.004	0.000	0.000	0.000	0.000	0.016	0.000	0.000	0.000	0.000	0.000	0.000	0.000	0.000	0.000	0.000	0.000	0.000	0.000	0.000	0.000	0.000	0.000	0.000	0.000	0.000	0.000	0.000	0.004	0.000	0.000	0.000	0.000	0.000	0.000	0.000	0.000	0.000	0.000	0.000	0.008	0.000	0.000	0.000	0.000	0.000	0.000	0.000
BGSU1282	0.342	0.030	0.049	0.105	0.010	0.002	0.009	0.058	0.002	0.005	0.016	0.001	0.035	0.005	0.031	0.016	0.001	0.001	0.000	0.012	0.012	0.000	0.000	0.076	0.000	0.000	0.019	0.000	0.045	0.000	0.012	0.000	0.000	0.000	0.000	0.000	0.000	0.000	0.000	0.060	0.000	0.000	0.000	0.000	0.000	0.000	0.011	0.000	0.000	0.000	0.000	0.000	0.000	0.000	0.008	0.000	0.000	0.000	0.000	0.000	0.000	0.000	0.000	0.000	0.000	0.000	0.000	0.000	0.000	0.000	0.000	0.000	0.000	0.000	0.000	0.008	0.000	0.000	0.011	0.000	0.000	0.000	0.000	0.000	0.000	0.000	0.000	0.000	0.000	0.000	0.000	0.000	0.000	0.000	0.000	0.000	0.000	0.000	0.000	0.000
BGSU1088	0.360	0.077	0.155	0.020	0.086	0.039	0.023	0.039	0.018	0.001	0.007	0.006	0.022	0.017	0.001	0.001	0.001	0.027	0.001	0.001	0.026	0.001	0.000	0.000	0.000	0.006	0.000	0.016	0.000	0.000	0.000	0.000	0.000	0.000	0.000	0.000	0.000	0.000	0.000	0.000	0.000	0.000	0.000	0.000	0.000	0.000	0.000	0.000	0.000	0.000	0.000	0.005	0.000	0.000	0.000	0.000	0.000	0.000	0.000	0.000	0.000	0.000	0.010	0.000	0.000	0.000	0.000	0.000	0.000	0.016	0.000	0.000	0.000	0.000	0.000	0.000	0.000	0.000	0.000	0.000	0.000	0.000	0.000	0.000	0.000	0.000	0.000	0.000	0.000	0.000	0.000	0.000	0.005	0.000	0.000	0.000	0.000	0.000	0.000	0.000
BGSU1067	0.341	0.179	0.017	0.045	0.044	0.010	0.065	0.007	0.002	0.001	0.005	0.001	0.014	0.022	0.001	0.001	0.001	0.022	0.000	0.042	0.000	0.000	0.000	0.000	0.000	0.000	0.000	0.000	0.000	0.021	0.054	0.000	0.004	0.000	0.000	0.000	0.000	0.000	0.004	0.025	0.000	0.000	0.000	0.000	0.000	0.000	0.000	0.000	0.025	0.000	0.000	0.000	0.000	0.000	0.000	0.000	0.000	0.029	0.000	0.000	0.000	0.000	0.000	0.000	0.000	0.000	0.000	0.000	0.000	0.000	0.000	0.000	0.000	0.000	0.000	0.000	0.000	0.000	0.000	0.000	0.000	0.004	0.000	0.000	0.000	0.000	0.000	0.000	0.000	0.000	0.000	0.000	0.000	0.000	0.000	0.000	0.000	0.000	0.000	0.000
BGSU1135	0.173	0.083	0.181	0.179	0.018	0.003	0.031	0.011	0.010	0.113	0.002	0.002	0.065	0.002	0.001	0.001	0.001	0.001	0.001	0.001	0.001	0.001	0.000	0.001	0.000	0.001	0.001	0.001	0.000	0.000	0.063	0.001	0.001	0.000	0.000	0.000	0.000	0.000	0.000	0.007	0.000	0.000	0.000	0.000	0.000	0.000	0.000	0.000	0.000	0.000	0.000	0.000	0.000	0.000	0.000	0.000	0.000	0.000	0.000	0.000	0.014	0.000	0.000	0.000	0.000	0.000	0.000	0.000	0.000	0.014	0.000	0.000	0.000	0.000	0.000	0.000	0.000	0.000	0.000	0.000	0.000	0.000	0.000	0.000	0.000	0.000	0.000	0.000	0.000	0.000	0.000	0.000	0.000	0.000	0.000	0.000	0.000	0.000	0.000	0.000
BGSU1073	0.151	0.082	0.009	0.203	0.106	0.002	0.080	0.020	0.002	0.001	0.019	0.001	0.001	0.001	0.001	0.001	0.001	0.001	0.000	0.001	0.000	0.000	0.000	0.009	0.000	0.000	0.018	0.035	0.000	0.000	0.000	0.000	0.000	0.000	0.000	0.000	0.000	0.000	0.000	0.000	0.000	0.005	0.000	0.000	0.000	0.018	0.000	0.000	0.000	0.000	0.000	0.000	0.030	0.000	0.000	0.000	0.000	0.000	0.000	0.000	0.000	0.000	0.000	0.000	0.000	0.000	0.000	0.095	0.000	0.000	0.000	0.000	0.000	0.000	0.000	0.009	0.000	0.074	0.000	0.000	0.013	0.000	0.000	0.000	0.000	0.000	0.000	0.000	0.000	0.000	0.000	0.000	0.000	0.000	0.000	0.000	0.000	0.000	0.000	0.000
BGSU1030	0.331	0.045	0.095	0.058	0.097	0.029	0.016	0.020	0.020	0.127	0.001	0.001	0.019	0.010	0.014	0.014	0.001	0.001	0.000	0.001	0.000	0.000	0.000	0.000	0.000	0.000	0.000	0.000	0.000	0.000	0.000	0.000	0.000	0.000	0.000	0.000	0.000	0.005	0.000	0.000	0.000	0.000	0.000	0.000	0.058	0.000	0.000	0.000	0.000	0.000	0.023	0.000	0.000	0.000	0.000	0.000	0.000	0.000	0.000	0.000	0.000	0.000	0.000	0.000	0.000	0.000	0.000	0.000	0.000	0.000	0.000	0.000	0.000	0.000	0.000	0.000	0.000	0.000	0.000	0.000	0.000	0.000	0.000	0.000	0.000	0.000	0.000	0.000	0.000	0.000	0.000	0.000	0.000	0.000	0.000	0.000	0.000	0.000	0.000	0.000
BGSU1050	0.217	0.199	0.094	0.161	0.004	0.016	0.034	0.053	0.015	0.002	0.002	0.001	0.002	0.002	0.008	0.001	0.032	0.001	0.007	0.001	0.013	0.001	0.000	0.001	0.013	0.000	0.007	0.001	0.000	0.013	0.000	0.001	0.000	0.000	0.000	0.000	0.000	0.000	0.000	0.000	0.000	0.000	0.000	0.000	0.000	0.000	0.013	0.000	0.000	0.000	0.000	0.000	0.000	0.000	0.000	0.069	0.000	0.000	0.000	0.000	0.000	0.006	0.000	0.000	0.000	0.000	0.000	0.000	0.000	0.000	0.000	0.000	0.000	0.000	0.000	0.000	0.000	0.000	0.000	0.000	0.000	0.000	0.000	0.000	0.000	0.000	0.000	0.000	0.000	0.000	0.000	0.000	0.000	0.000	0.000	0.000	0.000	0.000	0.000	0.000
BGSU1145	0.117	0.097	0.003	0.011	0.013	0.004	0.016	0.002	0.001	0.007	0.168	0.009	0.013	0.001	0.001	0.001	0.001	0.077	0.038	0.033	0.003	0.041	0.000	0.000	0.000	0.000	0.000	0.000	0.000	0.000	0.000	0.009	0.027	0.000	0.000	0.000	0.000	0.000	0.000	0.000	0.000	0.041	0.000	0.000	0.000	0.000	0.000	0.000	0.000	0.000	0.003	0.135	0.000	0.000	0.000	0.000	0.000	0.000	0.000	0.000	0.000	0.035	0.073	0.000	0.000	0.000	0.000	0.000	0.000	0.000	0.000	0.000	0.000	0.000	0.000	0.000	0.000	0.000	0.000	0.000	0.000	0.000	0.000	0.000	0.000	0.000	0.012	0.000	0.000	0.000	0.000	0.000	0.000	0.000	0.000	0.000	0.000	0.000	0.000	0.000
BGSU1052	0.340	0.069	0.082	0.016	0.044	0.066	0.020	0.055	0.008	0.048	0.007	0.007	0.002	0.002	0.013	0.013	0.001	0.007	0.001	0.024	0.006	0.001	0.000	0.024	0.018	0.000	0.001	0.001	0.000	0.000	0.000	0.001	0.000	0.075	0.000	0.000	0.000	0.000	0.000	0.000	0.000	0.000	0.000	0.000	0.000	0.000	0.000	0.000	0.000	0.000	0.000	0.000	0.000	0.000	0.000	0.000	0.000	0.000	0.000	0.000	0.000	0.000	0.000	0.000	0.012	0.000	0.006	0.000	0.000	0.000	0.000	0.000	0.000	0.000	0.000	0.000	0.000	0.006	0.000	0.000	0.000	0.000	0.000	0.000	0.006	0.000	0.000	0.000	0.000	0.000	0.000	0.000	0.006	0.000	0.000	0.000	0.000	0.000	0.000	0.000
BGSU1106	0.166	0.113	0.208	0.040	0.021	0.002	0.002	0.043	0.002	0.060	0.019	0.001	0.029	0.064	0.050	0.001	0.014	0.005	0.005	0.001	0.000	0.000	0.000	0.000	0.000	0.000	0.000	0.000	0.000	0.000	0.000	0.000	0.000	0.000	0.000	0.000	0.000	0.000	0.009	0.009	0.000	0.000	0.000	0.000	0.005	0.000	0.000	0.000	0.000	0.005	0.000	0.000	0.000	0.000	0.014	0.000	0.000	0.000	0.000	0.000	0.000	0.000	0.000	0.000	0.000	0.000	0.005	0.000	0.000	0.000	0.000	0.000	0.000	0.000	0.000	0.014	0.000	0.005	0.000	0.000	0.000	0.000	0.005	0.005	0.000	0.000	0.000	0.000	0.000	0.000	0.068	0.000	0.000	0.000	0.000	0.000	0.000	0.000	0.000	0.000
BGSU1006	0.424	0.088	0.032	0.083	0.029	0.029	0.095	0.042	0.006	0.001	0.006	0.001	0.024	0.010	0.001	0.001	0.001	0.001	0.000	0.005	0.000	0.062	0.000	0.000	0.000	0.005	0.000	0.000	0.000	0.000	0.000	0.005	0.000	0.000	0.000	0.005	0.000	0.000	0.005	0.000	0.000	0.000	0.000	0.000	0.000	0.000	0.000	0.014	0.000	0.000	0.000	0.000	0.000	0.000	0.000	0.000	0.000	0.009	0.000	0.000	0.000	0.000	0.000	0.000	0.000	0.000	0.000	0.000	0.000	0.000	0.005	0.000	0.000	0.000	0.000	0.000	0.000	0.000	0.000	0.000	0.000	0.000	0.000	0.000	0.000	0.000	0.000	0.000	0.000	0.000	0.000	0.000	0.000	0.000	0.000	0.000	0.000	0.000	0.000	0.000
BGSU1279	0.226	0.103	0.040	0.014	0.101	0.002	0.027	0.057	0.002	0.001	0.134	0.001	0.007	0.031	0.016	0.016	0.001	0.016	0.001	0.006	0.000	0.025	0.000	0.000	0.000	0.000	0.000	0.000	0.000	0.000	0.000	0.000	0.000	0.000	0.000	0.000	0.000	0.000	0.000	0.000	0.113	0.010	0.000	0.005	0.000	0.000	0.000	0.000	0.000	0.000	0.005	0.000	0.005	0.005	0.000	0.000	0.000	0.000	0.000	0.000	0.000	0.000	0.000	0.000	0.010	0.000	0.000	0.000	0.000	0.000	0.000	0.005	0.000	0.000	0.000	0.000	0.000	0.000	0.000	0.000	0.000	0.000	0.000	0.000	0.000	0.000	0.000	0.000	0.000	0.000	0.000	0.000	0.000	0.000	0.000	0.000	0.000	0.000	0.000	0.000
BGSU1109	0.259	0.233	0.115	0.015	0.008	0.060	0.018	0.060	0.002	0.001	0.002	0.032	0.012	0.048	0.001	0.068	0.006	0.001	0.001	0.016	0.000	0.001	0.000	0.000	0.000	0.000	0.000	0.000	0.000	0.000	0.000	0.006	0.000	0.000	0.000	0.011	0.000	0.000	0.000	0.000	0.000	0.000	0.000	0.000	0.000	0.000	0.000	0.000	0.000	0.000	0.000	0.000	0.000	0.000	0.000	0.011	0.000	0.000	0.000	0.000	0.000	0.000	0.000	0.000	0.000	0.000	0.000	0.000	0.000	0.000	0.000	0.000	0.000	0.000	0.000	0.000	0.000	0.000	0.000	0.000	0.000	0.000	0.000	0.000	0.000	0.000	0.000	0.000	0.000	0.000	0.000	0.000	0.000	0.000	0.000	0.000	0.000	0.000	0.000	0.000
BGSU1129	0.229	0.185	0.053	0.076	0.047	0.002	0.151	0.002	0.002	0.033	0.001	0.001	0.005	0.037	0.001	0.001	0.001	0.001	0.000	0.001	0.000	0.000	0.000	0.000	0.000	0.000	0.004	0.000	0.000	0.000	0.012	0.004	0.024	0.000	0.000	0.000	0.000	0.000	0.000	0.000	0.000	0.000	0.004	0.000	0.000	0.000	0.000	0.060	0.000	0.000	0.000	0.000	0.000	0.000	0.000	0.000	0.000	0.000	0.000	0.000	0.000	0.000	0.000	0.028	0.000	0.000	0.000	0.000	0.000	0.000	0.008	0.000	0.000	0.016	0.000	0.000	0.000	0.000	0.000	0.000	0.000	0.000	0.000	0.000	0.000	0.000	0.000	0.000	0.000	0.000	0.000	0.000	0.000	0.000	0.000	0.000	0.000	0.000	0.000	0.000
BGSU1024	0.255	0.083	0.206	0.127	0.014	0.019	0.081	0.003	0.019	0.002	0.018	0.001	0.013	0.002	0.001	0.007	0.001	0.001	0.001	0.012	0.001	0.028	0.000	0.001	0.000	0.000	0.006	0.001	0.000	0.000	0.000	0.000	0.000	0.000	0.000	0.000	0.000	0.000	0.000	0.000	0.000	0.000	0.000	0.000	0.000	0.000	0.000	0.000	0.000	0.000	0.000	0.006	0.000	0.000	0.000	0.000	0.000	0.000	0.000	0.000	0.000	0.000	0.000	0.000	0.000	0.000	0.000	0.000	0.000	0.000	0.000	0.000	0.000	0.000	0.000	0.000	0.000	0.000	0.000	0.000	0.000	0.078	0.000	0.000	0.000	0.000	0.000	0.000	0.000	0.000	0.000	0.000	0.000	0.000	0.000	0.000	0.000	0.000	0.000	0.000
BGSU1152	0.320	0.106	0.047	0.006	0.108	0.061	0.012	0.055	0.005	0.004	0.011	0.001	0.001	0.001	0.004	0.053	0.001	0.017	0.000	0.000	0.000	0.000	0.000	0.000	0.000	0.000	0.000	0.014	0.017	0.000	0.000	0.007	0.066	0.000	0.030	0.000	0.003	0.000	0.000	0.000	0.000	0.000	0.000	0.000	0.000	0.000	0.000	0.000	0.020	0.000	0.000	0.000	0.000	0.000	0.000	0.000	0.000	0.000	0.000	0.000	0.000	0.000	0.000	0.000	0.000	0.000	0.000	0.023	0.000	0.000	0.000	0.000	0.000	0.000	0.000	0.000	0.000	0.000	0.000	0.000	0.000	0.000	0.000	0.000	0.000	0.000	0.000	0.000	0.000	0.000	0.000	0.000	0.000	0.000	0.000	0.000	0.000	0.000	0.000	0.000
BGSU1063	0.204	0.343	0.025	0.023	0.028	0.045	0.009	0.027	0.002	0.014	0.014	0.007	0.080	0.002	0.001	0.001	0.007	0.001	0.001	0.001	0.001	0.001	0.000	0.001	0.000	0.000	0.001	0.007	0.000	0.000	0.000	0.001	0.006	0.000	0.000	0.000	0.000	0.000	0.030	0.000	0.000	0.000	0.000	0.000	0.000	0.000	0.000	0.000	0.000	0.000	0.000	0.000	0.000	0.000	0.000	0.000	0.000	0.000	0.000	0.000	0.000	0.000	0.000	0.000	0.006	0.000	0.000	0.000	0.012	0.000	0.000	0.000	0.000	0.000	0.000	0.000	0.000	0.000	0.000	0.000	0.000	0.000	0.000	0.000	0.018	0.066	0.000	0.000	0.000	0.000	0.000	0.000	0.000	0.000	0.000	0.000	0.000	0.000	0.000	0.000
BGSU1035	0.385	0.199	0.063	0.024	0.007	0.031	0.002	0.094	0.002	0.001	0.014	0.001	0.001	0.022	0.001	0.001	0.017	0.001	0.000	0.001	0.000	0.009	0.000	0.000	0.000	0.000	0.000	0.000	0.000	0.000	0.000	0.000	0.000	0.017	0.000	0.000	0.000	0.000	0.000	0.000	0.000	0.009	0.000	0.000	0.079	0.000	0.000	0.000	0.000	0.000	0.000	0.000	0.000	0.000	0.000	0.000	0.000	0.000	0.000	0.000	0.000	0.000	0.000	0.000	0.004	0.000	0.000	0.000	0.000	0.000	0.000	0.000	0.000	0.000	0.000	0.000	0.000	0.000	0.000	0.000	0.000	0.000	0.000	0.000	0.000	0.000	0.000	0.000	0.000	0.000	0.000	0.000	0.000	0.004	0.000	0.000	0.000	0.000	0.000	0.000
BGSU1143	0.335	0.087	0.041	0.005	0.055	0.009	0.003	0.061	0.037	0.042	0.007	0.007	0.008	0.036	0.001	0.070	0.007	0.001	0.012	0.001	0.001	0.001	0.024	0.001	0.000	0.012	0.001	0.001	0.000	0.000	0.000	0.001	0.000	0.000	0.012	0.000	0.000	0.000	0.000	0.000	0.000	0.000	0.000	0.000	0.000	0.000	0.000	0.000	0.000	0.000	0.000	0.000	0.000	0.023	0.000	0.000	0.000	0.000	0.000	0.000	0.012	0.023	0.000	0.000	0.000	0.000	0.000	0.000	0.052	0.000	0.000	0.000	0.000	0.000	0.000	0.000	0.000	0.000	0.000	0.000	0.000	0.000	0.000	0.000	0.000	0.000	0.000	0.000	0.000	0.000	0.000	0.000	0.000	0.000	0.000	0.000	0.000	0.000	0.000	0.000
BGSU1234	0.296	0.070	0.076	0.049	0.028	0.143	0.008	0.128	0.002	0.022	0.027	0.016	0.002	0.027	0.001	0.011	0.001	0.036	0.006	0.001	0.000	0.000	0.000	0.016	0.000	0.000	0.005	0.000	0.000	0.000	0.000	0.000	0.000	0.000	0.000	0.000	0.000	0.000	0.000	0.000	0.000	0.000	0.000	0.000	0.000	0.000	0.000	0.000	0.000	0.000	0.000	0.000	0.000	0.000	0.000	0.000	0.000	0.000	0.000	0.000	0.000	0.000	0.000	0.000	0.000	0.000	0.005	0.000	0.000	0.000	0.000	0.000	0.000	0.000	0.000	0.000	0.000	0.000	0.000	0.000	0.000	0.010	0.000	0.000	0.000	0.000	0.000	0.000	0.000	0.000	0.000	0.000	0.000	0.000	0.000	0.000	0.000	0.000	0.000	0.000
BGSU1018	0.201	0.140	0.033	0.069	0.031	0.002	0.035	0.003	0.049	0.048	0.076	0.071	0.011	0.095	0.024	0.001	0.001	0.001	0.000	0.001	0.014	0.000	0.010	0.000	0.000	0.000	0.000	0.000	0.000	0.000	0.000	0.000	0.000	0.000	0.000	0.005	0.000	0.000	0.000	0.000	0.000	0.000	0.000	0.010	0.000	0.000	0.005	0.000	0.019	0.000	0.000	0.000	0.000	0.000	0.033	0.000	0.000	0.000	0.000	0.000	0.000	0.000	0.000	0.000	0.000	0.000	0.000	0.000	0.000	0.000	0.000	0.000	0.000	0.000	0.000	0.000	0.000	0.000	0.000	0.000	0.000	0.000	0.000	0.000	0.000	0.000	0.000	0.000	0.000	0.000	0.000	0.000	0.000	0.000	0.000	0.000	0.000	0.000	0.000	0.000
BGSU1095	0.284	0.176	0.006	0.020	0.008	0.018	0.034	0.003	0.002	0.007	0.105	0.006	0.007	0.002	0.011	0.001	0.011	0.006	0.001	0.006	0.000	0.011	0.000	0.000	0.042	0.000	0.000	0.000	0.000	0.000	0.000	0.000	0.000	0.000	0.000	0.000	0.000	0.000	0.000	0.026	0.000	0.000	0.000	0.000	0.000	0.000	0.000	0.000	0.000	0.000	0.000	0.000	0.099	0.021	0.031	0.000	0.000	0.000	0.000	0.000	0.000	0.000	0.000	0.000	0.000	0.000	0.000	0.000	0.000	0.000	0.000	0.021	0.000	0.005	0.000	0.000	0.000	0.000	0.000	0.000	0.000	0.000	0.005	0.005	0.000	0.000	0.000	0.000	0.000	0.000	0.000	0.000	0.000	0.005	0.000	0.000	0.000	0.000	0.000	0.000
BGSU1037	0.201	0.160	0.032	0.092	0.044	0.003	0.003	0.003	0.085	0.001	0.012	0.006	0.022	0.063	0.022	0.001	0.027	0.001	0.001	0.001	0.078	0.001	0.000	0.000	0.005	0.062	0.011	0.000	0.000	0.000	0.000	0.000	0.000	0.000	0.000	0.000	0.000	0.000	0.000	0.000	0.000	0.000	0.000	0.000	0.000	0.016	0.000	0.000	0.000	0.000	0.000	0.000	0.000	0.000	0.000	0.000	0.000	0.000	0.000	0.000	0.000	0.005	0.000	0.000	0.000	0.000	0.000	0.000	0.000	0.000	0.005	0.000	0.000	0.000	0.000	0.000	0.000	0.000	0.000	0.016	0.000	0.000	0.000	0.000	0.000	0.000	0.000	0.000	0.000	0.010	0.000	0.000	0.000	0.000	0.000	0.000	0.000	0.000	0.000	0.000
BGSU1083	0.301	0.183	0.066	0.034	0.003	0.041	0.002	0.064	0.067	0.006	0.001	0.001	0.023	0.006	0.001	0.001	0.001	0.001	0.000	0.001	0.000	0.022	0.000	0.000	0.000	0.031	0.000	0.000	0.040	0.000	0.000	0.000	0.000	0.000	0.000	0.000	0.000	0.000	0.000	0.000	0.000	0.000	0.000	0.000	0.000	0.000	0.000	0.000	0.000	0.018	0.000	0.000	0.000	0.000	0.000	0.000	0.000	0.000	0.000	0.000	0.000	0.000	0.000	0.000	0.000	0.000	0.000	0.000	0.000	0.000	0.000	0.000	0.000	0.000	0.000	0.000	0.000	0.000	0.000	0.000	0.000	0.000	0.000	0.000	0.000	0.000	0.000	0.000	0.035	0.000	0.000	0.000	0.000	0.000	0.039	0.000	0.000	0.000	0.000	0.000
BGSU1118	0.237	0.131	0.016	0.065	0.003	0.058	0.018	0.003	0.017	0.001	0.001	0.001	0.088	0.002	0.087	0.006	0.092	0.001	0.001	0.001	0.000	0.001	0.000	0.000	0.000	0.000	0.000	0.036	0.000	0.000	0.000	0.000	0.000	0.000	0.000	0.000	0.000	0.000	0.000	0.000	0.000	0.000	0.041	0.015	0.000	0.000	0.000	0.000	0.000	0.000	0.000	0.000	0.000	0.000	0.000	0.000	0.005	0.000	0.000	0.000	0.000	0.000	0.000	0.000	0.000	0.000	0.000	0.000	0.000	0.000	0.061	0.000	0.000	0.000	0.000	0.000	0.000	0.000	0.000	0.000	0.000	0.000	0.000	0.000	0.000	0.000	0.000	0.000	0.000	0.000	0.000	0.000	0.000	0.000	0.000	0.000	0.000	0.000	0.000	0.000
BGSU1012	0.191	0.163	0.005	0.020	0.002	0.087	0.006	0.051	0.099	0.001	0.001	0.017	0.144	0.001	0.001	0.001	0.005	0.001	0.000	0.001	0.000	0.000	0.000	0.000	0.000	0.000	0.000	0.009	0.000	0.004	0.000	0.000	0.000	0.000	0.000	0.000	0.000	0.000	0.000	0.000	0.025	0.000	0.000	0.065	0.000	0.000	0.000	0.000	0.000	0.000	0.000	0.000	0.000	0.000	0.000	0.000	0.000	0.004	0.000	0.000	0.000	0.000	0.000	0.000	0.004	0.000	0.000	0.000	0.000	0.000	0.000	0.000	0.000	0.000	0.000	0.000	0.000	0.000	0.081	0.000	0.000	0.000	0.000	0.000	0.000	0.000	0.000	0.000	0.000	0.000	0.000	0.000	0.000	0.000	0.000	0.000	0.000	0.000	0.000	0.000
BGSU1002	0.282	0.187	0.147	0.030	0.003	0.114	0.048	0.003	0.027	0.001	0.012	0.021	0.002	0.032	0.001	0.001	0.001	0.001	0.001	0.001	0.000	0.026	0.026	0.000	0.000	0.000	0.000	0.000	0.000	0.000	0.000	0.000	0.000	0.000	0.000	0.005	0.000	0.000	0.000	0.000	0.000	0.005	0.000	0.000	0.000	0.000	0.000	0.000	0.000	0.000	0.000	0.000	0.000	0.000	0.000	0.010	0.000	0.000	0.000	0.000	0.000	0.000	0.000	0.000	0.000	0.000	0.000	0.000	0.000	0.000	0.000	0.000	0.000	0.000	0.000	0.000	0.000	0.000	0.000	0.000	0.000	0.000	0.000	0.000	0.000	0.000	0.000	0.000	0.000	0.000	0.000	0.000	0.000	0.000	0.000	0.000	0.000	0.000	0.000	0.000
BGSU1139	0.259	0.282	0.061	0.032	0.009	0.008	0.041	0.014	0.008	0.002	0.018	0.001	0.002	0.002	0.001	0.001	0.001	0.007	0.001	0.001	0.001	0.001	0.000	0.001	0.000	0.017	0.001	0.001	0.000	0.000	0.000	0.000	0.000	0.000	0.000	0.022	0.000	0.116	0.000	0.000	0.000	0.000	0.000	0.000	0.000	0.011	0.000	0.000	0.000	0.022	0.000	0.000	0.000	0.000	0.000	0.000	0.000	0.000	0.000	0.000	0.028	0.000	0.000	0.000	0.000	0.000	0.000	0.000	0.000	0.000	0.000	0.000	0.000	0.000	0.000	0.000	0.000	0.000	0.000	0.000	0.000	0.000	0.000	0.000	0.000	0.011	0.000	0.000	0.000	0.000	0.000	0.000	0.000	0.006	0.000	0.000	0.000	0.000	0.000	0.000
TRME3012	0.012	0.018	0.185	0.117	0.110	0.006	0.054	0.006	0.131	0.009	0.035	0.220	0.005	0.001	0.001	0.004	0.000	0.001	0.071	0.001	0.001	0.000	0.008	0.000	0.000	0.000	0.000	0.000	0.000	0.000	0.000	0.000	0.000	0.000	0.000	0.000	0.000	0.000	0.000	0.000	0.000	0.000	0.000	0.000	0.000	0.000	0.000	0.000	0.000	0.000	0.000	0.000	0.000	0.000	0.000	0.000	0.000	0.000	0.000	0.000	0.000	0.000	0.000	0.000	0.000	0.000	0.000	0.000	0.000	0.000	0.000	0.000	0.000	0.000	0.000	0.000	0.000	0.000	0.000	0.000	0.000	0.000	0.000	0.000	0.000	0.000	0.000	0.000	0.000	0.000	0.000	0.000	0.000	0.000	0.000	0.000	0.000	0.000	0.000	0.000
SPM03036	0.030	0.099	0.029	0.038	0.008	0.002	0.176	0.062	0.027	0.052	0.022	0.032	0.066	0.011	0.026	0.001	0.001	0.001	0.001	0.035	0.016	0.021	0.000	0.025	0.090	0.000	0.000	0.000	0.000	0.000	0.000	0.000	0.005	0.000	0.000	0.000	0.015	0.000	0.005	0.000	0.000	0.000	0.000	0.000	0.000	0.000	0.000	0.000	0.060	0.000	0.000	0.000	0.000	0.000	0.000	0.000	0.030	0.000	0.000	0.000	0.000	0.000	0.000	0.000	0.010	0.000	0.000	0.000	0.000	0.000	0.000	0.000	0.000	0.000	0.000	0.000	0.000	0.000	0.000	0.000	0.000	0.000	0.000	0.000	0.000	0.000	0.000	0.000	0.000	0.000	0.000	0.000	0.000	0.000	0.000	0.000	0.000	0.000	0.000	0.000
CNUK1056	0.150	0.079	0.044	0.078	0.063	0.042	0.008	0.012	0.067	0.002	0.057	0.126	0.007	0.021	0.061	0.001	0.021	0.016	0.026	0.001	0.001	0.001	0.000	0.075	0.001	0.000	0.000	0.005	0.000	0.000	0.000	0.000	0.000	0.000	0.000	0.000	0.000	0.000	0.000	0.000	0.000	0.000	0.000	0.000	0.000	0.000	0.000	0.000	0.000	0.000	0.000	0.000	0.000	0.000	0.000	0.000	0.000	0.000	0.000	0.000	0.000	0.000	0.000	0.000	0.000	0.000	0.000	0.000	0.000	0.000	0.000	0.000	0.000	0.000	0.000	0.000	0.000	0.000	0.000	0.000	0.000	0.000	0.000	0.000	0.000	0.000	0.000	0.000	0.000	0.000	0.025	0.000	0.000	0.000	0.000	0.005	0.000	0.000	0.000	0.000
FRUB2002	0.041	0.100	0.064	0.109	0.023	0.018	0.043	0.033	0.042	0.113	0.007	0.007	0.017	0.092	0.001	0.001	0.001	0.001	0.001	0.001	0.036	0.001	0.000	0.005	0.001	0.000	0.000	0.000	0.000	0.000	0.000	0.000	0.000	0.061	0.000	0.000	0.000	0.000	0.000	0.000	0.000	0.000	0.000	0.010	0.000	0.000	0.045	0.000	0.000	0.000	0.000	0.000	0.000	0.000	0.000	0.000	0.000	0.000	0.000	0.000	0.000	0.000	0.000	0.000	0.000	0.000	0.000	0.000	0.000	0.000	0.000	0.000	0.000	0.000	0.000	0.000	0.000	0.000	0.000	0.000	0.000	0.000	0.000	0.000	0.000	0.000	0.000	0.000	0.121	0.000	0.000	0.000	0.000	0.000	0.000	0.000	0.000	0.000	0.000	0.000
CNUK2020	0.138	0.147	0.015	0.003	0.024	0.024	0.082	0.145	0.008	0.029	0.113	0.034	0.017	0.001	0.107	0.001	0.001	0.001	0.001	0.001	0.001	0.001	0.000	0.000	0.001	0.000	0.000	0.000	0.000	0.000	0.000	0.021	0.006	0.000	0.011	0.000	0.011	0.000	0.000	0.000	0.016	0.000	0.000	0.000	0.000	0.000	0.000	0.000	0.000	0.000	0.000	0.000	0.000	0.000	0.000	0.000	0.000	0.000	0.000	0.000	0.000	0.000	0.000	0.000	0.000	0.000	0.000	0.000	0.000	0.000	0.000	0.000	0.000	0.000	0.000	0.037	0.000	0.000	0.000	0.000	0.000	0.000	0.000	0.000	0.000	0.000	0.000	0.000	0.000	0.000	0.000	0.000	0.000	0.000	0.000	0.000	0.000	0.000	0.000	0.000
NOHO1013	0.095	0.099	0.034	0.010	0.091	0.155	0.003	0.003	0.231	0.079	0.002	0.008	0.019	0.001	0.001	0.112	0.001	0.007	0.001	0.001	0.001	0.007	0.001	0.001	0.001	0.000	0.000	0.000	0.000	0.000	0.000	0.000	0.000	0.000	0.000	0.000	0.000	0.000	0.000	0.000	0.000	0.000	0.000	0.000	0.000	0.000	0.000	0.000	0.000	0.000	0.000	0.000	0.000	0.000	0.000	0.000	0.029	0.000	0.000	0.000	0.000	0.000	0.000	0.000	0.000	0.000	0.000	0.000	0.000	0.000	0.000	0.000	0.000	0.000	0.000	0.000	0.000	0.000	0.000	0.000	0.000	0.000	0.000	0.000	0.000	0.000	0.000	0.000	0.000	0.000	0.000	0.000	0.000	0.000	0.000	0.000	0.000	0.000	0.000	0.000
FRUL1006	0.029	0.056	0.123	0.054	0.037	0.048	0.043	0.008	0.104	0.014	0.132	0.002	0.002	0.030	0.013	0.001	0.001	0.007	0.001	0.012	0.023	0.001	0.012	0.001	0.052	0.000	0.000	0.000	0.000	0.000	0.000	0.000	0.012	0.000	0.000	0.000	0.000	0.006	0.000	0.000	0.023	0.000	0.000	0.000	0.000	0.000	0.147	0.000	0.000	0.000	0.000	0.000	0.000	0.000	0.000	0.000	0.000	0.000	0.000	0.000	0.000	0.000	0.000	0.000	0.000	0.000	0.000	0.000	0.000	0.000	0.000	0.000	0.000	0.000	0.000	0.000	0.000	0.000	0.000	0.000	0.000	0.000	0.000	0.000	0.000	0.000	0.000	0.000	0.000	0.000	0.000	0.000	0.000	0.000	0.000	0.000	0.000	0.000	0.000	0.000
RUMO4021	0.115	0.034	0.094	0.018	0.038	0.057	0.058	0.027	0.112	0.072	0.032	0.092	0.002	0.011	0.026	0.001	0.006	0.016	0.001	0.021	0.041	0.001	0.090	0.000	0.001	0.000	0.000	0.000	0.000	0.000	0.000	0.000	0.000	0.000	0.000	0.000	0.000	0.000	0.000	0.000	0.000	0.000	0.000	0.000	0.000	0.000	0.000	0.000	0.000	0.000	0.000	0.000	0.000	0.000	0.000	0.000	0.000	0.000	0.005	0.000	0.000	0.000	0.000	0.000	0.000	0.000	0.000	0.000	0.000	0.000	0.000	0.000	0.000	0.000	0.000	0.000	0.000	0.000	0.000	0.000	0.000	0.025	0.000	0.000	0.000	0.000	0.000	0.000	0.000	0.000	0.000	0.000	0.000	0.000	0.000	0.000	0.000	0.000	0.000	0.000
CNUK1144	0.181	0.041	0.152	0.119	0.003	0.002	0.012	0.021	0.025	0.016	0.002	0.071	0.001	0.001	0.043	0.098	0.005	0.001	0.001	0.001	0.001	0.005	0.000	0.038	0.005	0.000	0.000	0.093	0.000	0.000	0.000	0.000	0.000	0.005	0.000	0.000	0.000	0.000	0.000	0.005	0.000	0.000	0.000	0.000	0.000	0.009	0.000	0.023	0.000	0.000	0.000	0.000	0.000	0.000	0.005	0.000	0.000	0.000	0.000	0.000	0.000	0.000	0.000	0.000	0.000	0.000	0.000	0.000	0.000	0.000	0.000	0.000	0.000	0.009	0.000	0.000	0.000	0.000	0.000	0.000	0.000	0.000	0.000	0.000	0.000	0.000	0.000	0.000	0.000	0.000	0.000	0.000	0.000	0.000	0.000	0.000	0.000	0.000	0.000	0.000
NOUO1072	0.192	0.068	0.153	0.088	0.007	0.041	0.002	0.040	0.177	0.010	0.053	0.010	0.010	0.005	0.044	0.000	0.001	0.001	0.001	0.001	0.001	0.001	0.000	0.000	0.000	0.000	0.000	0.000	0.000	0.000	0.000	0.000	0.000	0.017	0.000	0.000	0.017	0.000	0.000	0.000	0.000	0.000	0.000	0.000	0.000	0.000	0.000	0.000	0.000	0.004	0.000	0.000	0.000	0.000	0.000	0.000	0.000	0.000	0.000	0.000	0.000	0.000	0.000	0.000	0.021	0.000	0.000	0.000	0.000	0.000	0.000	0.030	0.000	0.000	0.000	0.000	0.000	0.000	0.000	0.000	0.000	0.000	0.000	0.000	0.000	0.000	0.000	0.000	0.000	0.000	0.000	0.000	0.000	0.000	0.000	0.000	0.000	0.000	0.000	0.000
TRCU1172	0.102	0.060	0.167	0.258	0.084	0.018	0.038	0.028	0.043	0.012	0.002	0.012	0.032	0.006	0.062	0.006	0.011	0.001	0.006	0.011	0.001	0.001	0.000	0.000	0.001	0.006	0.000	0.000	0.016	0.000	0.000	0.000	0.000	0.000	0.000	0.000	0.000	0.000	0.000	0.000	0.005	0.000	0.000	0.000	0.000	0.000	0.000	0.000	0.000	0.000	0.000	0.000	0.000	0.000	0.000	0.000	0.000	0.000	0.000	0.000	0.000	0.000	0.000	0.000	0.000	0.000	0.000	0.000	0.000	0.000	0.000	0.000	0.005	0.000	0.000	0.000	0.000	0.000	0.000	0.000	0.000	0.000	0.000	0.000	0.000	0.000	0.000	0.000	0.000	0.000	0.000	0.000	0.000	0.000	0.000	0.000	0.000	0.000	0.000	0.000
TRCU1123	0.075	0.033	0.089	0.291	0.006	0.088	0.043	0.002	0.005	0.013	0.005	0.001	0.057	0.001	0.008	0.000	0.000	0.001	0.106	0.027	0.027	0.001	0.000	0.000	0.000	0.000	0.000	0.030	0.000	0.019	0.000	0.000	0.000	0.004	0.000	0.000	0.060	0.000	0.000	0.000	0.000	0.000	0.000	0.000	0.000	0.000	0.000	0.000	0.000	0.000	0.000	0.000	0.000	0.000	0.000	0.000	0.000	0.000	0.000	0.000	0.000	0.000	0.000	0.000	0.000	0.000	0.000	0.000	0.000	0.000	0.000	0.000	0.000	0.000	0.000	0.000	0.000	0.000	0.000	0.000	0.000	0.000	0.000	0.000	0.000	0.000	0.000	0.000	0.000	0.000	0.000	0.000	0.000	0.000	0.000	0.000	0.000	0.000	0.000	0.000
DBAN1016	0.040	0.055	0.094	0.020	0.092	0.008	0.098	0.025	0.014	0.080	0.047	0.002	0.035	0.018	0.035	0.023	0.001	0.001	0.001	0.012	0.045	0.001	0.000	0.001	0.001	0.000	0.000	0.000	0.000	0.000	0.000	0.000	0.006	0.000	0.000	0.000	0.000	0.000	0.000	0.123	0.000	0.000	0.000	0.000	0.000	0.000	0.000	0.000	0.000	0.000	0.000	0.000	0.000	0.000	0.000	0.000	0.022	0.000	0.039	0.000	0.000	0.039	0.000	0.000	0.000	0.000	0.000	0.000	0.000	0.000	0.000	0.000	0.000	0.000	0.000	0.000	0.000	0.000	0.000	0.000	0.000	0.000	0.000	0.000	0.017	0.000	0.000	0.000	0.000	0.000	0.000	0.000	0.000	0.000	0.000	0.000	0.000	0.000	0.000	0.000
RUMO2020	0.063	0.033	0.018	0.013	0.003	0.031	0.041	0.123	0.041	0.132	0.045	0.026	0.040	0.001	0.001	0.001	0.001	0.001	0.001	0.001	0.001	0.039	0.174	0.034	0.005	0.005	0.000	0.000	0.000	0.000	0.000	0.000	0.048	0.000	0.000	0.000	0.000	0.000	0.000	0.000	0.000	0.000	0.000	0.000	0.000	0.000	0.005	0.000	0.005	0.000	0.000	0.000	0.000	0.000	0.000	0.000	0.000	0.000	0.000	0.000	0.000	0.000	0.000	0.000	0.015	0.000	0.000	0.048	0.000	0.000	0.000	0.000	0.000	0.000	0.000	0.000	0.000	0.000	0.000	0.000	0.000	0.000	0.000	0.000	0.000	0.000	0.000	0.000	0.000	0.000	0.000	0.000	0.000	0.000	0.000	0.000	0.000	0.000	0.000	0.000
FRUB2022	0.173	0.095	0.054	0.071	0.025	0.107	0.093	0.016	0.006	0.102	0.038	0.002	0.001	0.128	0.001	0.000	0.005	0.001	0.001	0.010	0.060	0.001	0.000	0.000	0.001	0.000	0.000	0.000	0.000	0.000	0.000	0.000	0.000	0.000	0.000	0.005	0.000	0.000	0.000	0.000	0.000	0.000	0.000	0.000	0.000	0.000	0.000	0.000	0.000	0.000	0.000	0.000	0.000	0.000	0.000	0.000	0.000	0.000	0.000	0.000	0.000	0.000	0.000	0.000	0.000	0.000	0.000	0.000	0.000	0.000	0.000	0.000	0.000	0.000	0.000	0.000	0.000	0.000	0.000	0.000	0.000	0.000	0.000	0.000	0.000	0.000	0.000	0.000	0.000	0.000	0.000	0.000	0.000	0.000	0.000	0.000	0.000	0.000	0.000	0.000
TRCU1128	0.080	0.007	0.203	0.070	0.040	0.047	0.025	0.047	0.024	0.002	0.009	0.077	0.232	0.005	0.058	0.000	0.000	0.004	0.008	0.001	0.001	0.001	0.000	0.000	0.000	0.000	0.000	0.000	0.000	0.000	0.000	0.000	0.000	0.000	0.000	0.000	0.000	0.000	0.045	0.000	0.000	0.000	0.000	0.004	0.000	0.000	0.000	0.000	0.000	0.000	0.000	0.000	0.000	0.004	0.000	0.000	0.000	0.000	0.000	0.000	0.000	0.000	0.000	0.000	0.000	0.000	0.000	0.000	0.000	0.000	0.000	0.000	0.000	0.000	0.000	0.000	0.000	0.000	0.000	0.000	0.000	0.000	0.000	0.000	0.000	0.000	0.000	0.000	0.000	0.000	0.000	0.000	0.000	0.000	0.000	0.000	0.000	0.000	0.000	0.000
FIJY1050	0.182	0.060	0.079	0.017	0.112	0.036	0.006	0.006	0.009	0.062	0.062	0.039	0.001	0.001	0.001	0.000	0.004	0.095	0.001	0.001	0.061	0.001	0.004	0.000	0.000	0.000	0.000	0.000	0.000	0.000	0.000	0.000	0.000	0.000	0.000	0.000	0.000	0.000	0.000	0.000	0.004	0.000	0.030	0.000	0.000	0.000	0.023	0.004	0.000	0.000	0.000	0.000	0.000	0.000	0.000	0.000	0.000	0.000	0.000	0.000	0.004	0.000	0.000	0.000	0.000	0.000	0.000	0.000	0.000	0.000	0.000	0.000	0.000	0.000	0.000	0.000	0.023	0.064	0.000	0.000	0.000	0.000	0.000	0.000	0.004	0.000	0.000	0.000	0.000	0.000	0.000	0.000	0.000	0.000	0.000	0.000	0.000	0.000	0.000	0.000
CNUK1003	0.189	0.100	0.024	0.003	0.053	0.036	0.053	0.002	0.002	0.035	0.148	0.014	0.047	0.064	0.005	0.000	0.013	0.009	0.001	0.001	0.001	0.001	0.000	0.000	0.000	0.000	0.000	0.009	0.000	0.000	0.000	0.009	0.030	0.000	0.000	0.000	0.000	0.000	0.000	0.000	0.004	0.000	0.000	0.000	0.017	0.000	0.000	0.000	0.004	0.000	0.000	0.000	0.000	0.000	0.000	0.000	0.000	0.000	0.000	0.000	0.000	0.000	0.000	0.000	0.000	0.000	0.000	0.000	0.000	0.000	0.000	0.000	0.000	0.000	0.000	0.000	0.000	0.000	0.117	0.000	0.000	0.000	0.000	0.000	0.000	0.000	0.000	0.000	0.000	0.000	0.004	0.000	0.000	0.000	0.000	0.000	0.000	0.000	0.000	0.000
TSNO1435	0.064	0.005	0.045	0.032	0.026	0.003	0.026	0.009	0.008	0.002	0.002	0.014	0.008	0.001	0.013	0.001	0.001	0.001	0.001	0.012	0.001	0.012	0.000	0.006	0.001	0.000	0.645	0.000	0.000	0.000	0.023	0.000	0.000	0.000	0.000	0.000	0.000	0.000	0.000	0.000	0.000	0.000	0.000	0.000	0.000	0.023	0.000	0.000	0.000	0.000	0.000	0.006	0.000	0.000	0.000	0.000	0.000	0.000	0.000	0.000	0.000	0.000	0.000	0.000	0.000	0.000	0.000	0.000	0.000	0.000	0.000	0.000	0.000	0.000	0.000	0.000	0.000	0.000	0.000	0.000	0.000	0.000	0.000	0.000	0.000	0.000	0.000	0.000	0.000	0.000	0.000	0.000	0.000	0.000	0.000	0.000	0.000	0.000	0.000	0.000
TRCU1060	0.019	0.177	0.140	0.057	0.007	0.039	0.007	0.157	0.002	0.025	0.002	0.002	0.056	0.001	0.006	0.000	0.001	0.001	0.019	0.001	0.014	0.001	0.005	0.000	0.001	0.123	0.000	0.000	0.000	0.000	0.000	0.000	0.000	0.000	0.000	0.000	0.000	0.000	0.000	0.000	0.000	0.000	0.000	0.000	0.000	0.000	0.000	0.000	0.000	0.000	0.000	0.000	0.000	0.000	0.000	0.000	0.000	0.000	0.000	0.000	0.000	0.000	0.000	0.000	0.000	0.000	0.000	0.000	0.000	0.000	0.000	0.000	0.000	0.000	0.000	0.014	0.000	0.000	0.000	0.000	0.000	0.000	0.000	0.000	0.000	0.000	0.000	0.000	0.000	0.000	0.118	0.000	0.000	0.000	0.000	0.000	0.000	0.000	0.000	0.000
CNUK1139	0.112	0.008	0.055	0.024	0.002	0.002	0.101	0.019	0.010	0.053	0.217	0.045	0.001	0.001	0.070	0.005	0.009	0.001	0.005	0.001	0.001	0.013	0.000	0.082	0.000	0.000	0.000	0.078	0.000	0.000	0.000	0.043	0.000	0.000	0.000	0.000	0.000	0.000	0.000	0.009	0.000	0.000	0.000	0.000	0.000	0.000	0.000	0.000	0.004	0.000	0.000	0.000	0.000	0.000	0.000	0.000	0.000	0.000	0.000	0.000	0.000	0.000	0.000	0.000	0.000	0.000	0.000	0.000	0.000	0.000	0.000	0.000	0.000	0.000	0.000	0.000	0.000	0.000	0.000	0.000	0.000	0.000	0.000	0.000	0.000	0.000	0.000	0.000	0.000	0.000	0.000	0.000	0.000	0.000	0.000	0.000	0.000	0.000	0.000	0.022
RUMO3004	0.072	0.018	0.051	0.093	0.098	0.012	0.093	0.069	0.088	0.007	0.087	0.011	0.001	0.025	0.020	0.001	0.001	0.001	0.005	0.020	0.001	0.096	0.000	0.000	0.062	0.000	0.000	0.000	0.000	0.005	0.000	0.000	0.000	0.000	0.000	0.000	0.000	0.000	0.000	0.000	0.000	0.000	0.000	0.000	0.000	0.000	0.000	0.000	0.000	0.000	0.029	0.000	0.000	0.000	0.000	0.000	0.019	0.000	0.000	0.000	0.000	0.000	0.000	0.000	0.000	0.000	0.000	0.000	0.000	0.000	0.000	0.000	0.000	0.000	0.000	0.000	0.000	0.000	0.000	0.000	0.000	0.000	0.000	0.000	0.000	0.000	0.000	0.000	0.000	0.000	0.010	0.000	0.000	0.000	0.000	0.000	0.000	0.000	0.000	0.000
NOOS1003	0.049	0.038	0.009	0.143	0.003	0.094	0.061	0.070	0.012	0.060	0.011	0.002	0.040	0.001	0.001	0.155	0.049	0.001	0.010	0.001	0.030	0.001	0.000	0.000	0.001	0.000	0.000	0.000	0.000	0.000	0.000	0.010	0.000	0.000	0.000	0.000	0.000	0.000	0.000	0.000	0.000	0.000	0.000	0.000	0.000	0.000	0.000	0.000	0.000	0.015	0.000	0.034	0.000	0.000	0.000	0.000	0.000	0.000	0.000	0.000	0.000	0.000	0.000	0.000	0.000	0.000	0.010	0.000	0.000	0.029	0.000	0.000	0.000	0.000	0.000	0.005	0.000	0.000	0.000	0.000	0.000	0.000	0.000	0.000	0.000	0.000	0.000	0.000	0.000	0.000	0.000	0.000	0.000	0.000	0.000	0.000	0.000	0.000	0.053	0.000
TRME3007	0.004	0.080	0.225	0.002	0.002	0.002	0.029	0.008	0.005	0.133	0.001	0.025	0.001	0.001	0.014	0.000	0.000	0.007	0.000	0.000	0.000	0.011	0.000	0.000	0.021	0.027	0.000	0.000	0.118	0.004	0.007	0.000	0.267	0.000	0.000	0.000	0.000	0.000	0.000	0.000	0.000	0.000	0.000	0.000	0.000	0.000	0.000	0.000	0.000	0.000	0.000	0.000	0.000	0.000	0.000	0.000	0.000	0.000	0.000	0.000	0.000	0.000	0.000	0.000	0.000	0.000	0.000	0.000	0.000	0.000	0.000	0.000	0.000	0.000	0.000	0.000	0.000	0.000	0.000	0.000	0.000	0.000	0.000	0.000	0.000	0.000	0.000	0.000	0.000	0.000	0.000	0.000	0.000	0.000	0.000	0.000	0.000	0.000	0.000	0.000
CNUK4012	0.035	0.131	0.016	0.078	0.106	0.066	0.101	0.020	0.020	0.042	0.174	0.002	0.002	0.001	0.007	0.001	0.006	0.001	0.007	0.001	0.001	0.012	0.000	0.001	0.024	0.081	0.000	0.000	0.000	0.000	0.000	0.000	0.000	0.000	0.000	0.000	0.000	0.000	0.000	0.023	0.000	0.000	0.000	0.012	0.000	0.000	0.000	0.000	0.000	0.000	0.000	0.000	0.012	0.000	0.000	0.000	0.000	0.000	0.000	0.000	0.000	0.000	0.000	0.000	0.000	0.000	0.000	0.000	0.000	0.000	0.000	0.000	0.000	0.000	0.012	0.000	0.000	0.000	0.000	0.000	0.000	0.000	0.000	0.000	0.000	0.000	0.000	0.000	0.000	0.000	0.000	0.000	0.000	0.000	0.000	0.000	0.000	0.000	0.000	0.000
ITRS2021	0.180	0.092	0.039	0.071	0.097	0.003	0.070	0.063	0.036	0.089	0.056	0.049	0.009	0.008	0.021	0.001	0.001	0.001	0.001	0.001	0.001	0.001	0.020	0.001	0.001	0.001	0.000	0.000	0.000	0.000	0.000	0.000	0.000	0.000	0.000	0.000	0.000	0.027	0.000	0.000	0.000	0.000	0.000	0.000	0.000	0.000	0.000	0.000	0.000	0.000	0.000	0.000	0.000	0.000	0.000	0.000	0.000	0.000	0.000	0.000	0.000	0.000	0.000	0.000	0.000	0.000	0.000	0.000	0.000	0.000	0.000	0.000	0.000	0.000	0.000	0.000	0.013	0.000	0.000	0.000	0.000	0.000	0.000	0.000	0.000	0.040	0.000	0.000	0.000	0.000	0.000	0.000	0.000	0.000	0.000	0.000	0.000	0.000	0.000	0.000
TRME3018	0.096	0.065	0.021	0.099	0.016	0.176	0.007	0.011	0.002	0.032	0.050	0.102	0.071	0.010	0.001	0.000	0.001	0.001	0.049	0.001	0.001	0.001	0.000	0.000	0.014	0.000	0.000	0.000	0.000	0.000	0.000	0.000	0.031	0.000	0.000	0.000	0.000	0.000	0.000	0.000	0.000	0.000	0.000	0.000	0.000	0.000	0.000	0.000	0.000	0.139	0.000	0.000	0.000	0.000	0.000	0.000	0.000	0.000	0.000	0.000	0.000	0.000	0.000	0.000	0.000	0.000	0.000	0.000	0.000	0.000	0.000	0.000	0.000	0.000	0.000	0.000	0.000	0.000	0.000	0.000	0.000	0.000	0.000	0.000	0.000	0.000	0.000	0.000	0.000	0.000	0.000	0.000	0.000	0.000	0.000	0.000	0.000	0.000	0.000	0.000
NOHO1019	0.159	0.049	0.048	0.038	0.092	0.002	0.008	0.002	0.160	0.007	0.115	0.086	0.002	0.011	0.001	0.015	0.001	0.050	0.001	0.035	0.020	0.001	0.000	0.000	0.001	0.000	0.000	0.000	0.000	0.000	0.000	0.000	0.000	0.000	0.000	0.000	0.000	0.079	0.000	0.000	0.000	0.000	0.000	0.000	0.000	0.000	0.000	0.000	0.000	0.000	0.000	0.000	0.000	0.000	0.000	0.000	0.010	0.000	0.000	0.000	0.000	0.000	0.000	0.000	0.000	0.000	0.000	0.000	0.000	0.000	0.000	0.000	0.000	0.000	0.000	0.000	0.000	0.000	0.000	0.000	0.000	0.000	0.000	0.000	0.000	0.000	0.000	0.000	0.000	0.000	0.000	0.000	0.000	0.000	0.000	0.000	0.000	0.000	0.000	0.000
RUMO5044	0.108	0.023	0.023	0.004	0.111	0.093	0.021	0.021	0.026	0.026	0.008	0.032	0.008	0.001	0.001	0.001	0.001	0.001	0.007	0.067	0.001	0.001	0.024	0.054	0.001	0.000	0.000	0.000	0.000	0.138	0.000	0.000	0.000	0.048	0.012	0.000	0.000	0.000	0.000	0.000	0.000	0.000	0.000	0.000	0.000	0.000	0.000	0.048	0.000	0.000	0.000	0.000	0.000	0.000	0.000	0.000	0.000	0.000	0.000	0.000	0.000	0.000	0.000	0.000	0.000	0.018	0.000	0.018	0.000	0.000	0.000	0.000	0.000	0.000	0.000	0.000	0.000	0.000	0.000	0.000	0.000	0.000	0.048	0.000	0.000	0.000	0.000	0.000	0.000	0.000	0.000	0.000	0.000	0.000	0.000	0.000	0.000	0.000	0.000	0.000
ITTO5008	0.056	0.040	0.034	0.077	0.086	0.020	0.002	0.023	0.001	0.017	0.042	0.010	0.001	0.268	0.022	0.000	0.010	0.004	0.000	0.047	0.000	0.000	0.000	0.000	0.000	0.003	0.000	0.000	0.000	0.000	0.000	0.000	0.000	0.000	0.000	0.006	0.000	0.000	0.000	0.000	0.003	0.000	0.000	0.013	0.003	0.000	0.000	0.000	0.000	0.000	0.000	0.000	0.000	0.000	0.000	0.000	0.000	0.000	0.000	0.000	0.000	0.000	0.000	0.205	0.000	0.000	0.000	0.000	0.000	0.000	0.000	0.000	0.000	0.000	0.000	0.000	0.000	0.000	0.000	0.000	0.000	0.000	0.000	0.000	0.000	0.000	0.000	0.000	0.000	0.000	0.000	0.000	0.000	0.000	0.000	0.000	0.000	0.000	0.000	0.000
TRME3008	0.050	0.007	0.063	0.215	0.016	0.016	0.084	0.019	0.002	0.019	0.001	0.005	0.001	0.004	0.001	0.000	0.000	0.018	0.054	0.001	0.004	0.000	0.000	0.004	0.000	0.004	0.000	0.000	0.000	0.000	0.000	0.000	0.000	0.000	0.000	0.000	0.000	0.000	0.391	0.000	0.000	0.000	0.000	0.000	0.000	0.000	0.000	0.000	0.000	0.000	0.000	0.000	0.000	0.000	0.014	0.000	0.000	0.000	0.000	0.000	0.000	0.000	0.000	0.000	0.000	0.000	0.000	0.000	0.000	0.000	0.000	0.000	0.000	0.000	0.000	0.000	0.000	0.000	0.000	0.000	0.000	0.000	0.000	0.000	0.000	0.000	0.000	0.000	0.000	0.000	0.000	0.000	0.000	0.000	0.000	0.000	0.000	0.000	0.000	0.000
TRCU1130	0.086	0.102	0.146	0.074	0.019	0.009	0.026	0.002	0.005	0.001	0.025	0.018	0.028	0.018	0.001	0.000	0.004	0.004	0.141	0.000	0.000	0.000	0.000	0.021	0.000	0.151	0.000	0.000	0.072	0.000	0.000	0.000	0.000	0.031	0.000	0.004	0.000	0.000	0.000	0.000	0.000	0.000	0.000	0.000	0.000	0.000	0.000	0.000	0.000	0.000	0.000	0.000	0.000	0.000	0.000	0.000	0.000	0.000	0.000	0.000	0.000	0.000	0.000	0.000	0.000	0.000	0.000	0.000	0.003	0.000	0.000	0.000	0.000	0.000	0.000	0.000	0.000	0.000	0.000	0.000	0.000	0.000	0.000	0.000	0.000	0.000	0.000	0.003	0.000	0.000	0.000	0.000	0.000	0.000	0.000	0.000	0.000	0.000	0.000	0.000
NOBE1013	0.083	0.018	0.056	0.017	0.070	0.013	0.123	0.002	0.118	0.005	0.160	0.069	0.001	0.001	0.087	0.000	0.000	0.053	0.001	0.008	0.001	0.027	0.027	0.000	0.000	0.000	0.000	0.000	0.000	0.000	0.000	0.000	0.000	0.000	0.000	0.000	0.000	0.000	0.000	0.000	0.000	0.000	0.000	0.000	0.000	0.000	0.053	0.000	0.000	0.000	0.000	0.000	0.000	0.000	0.000	0.000	0.000	0.000	0.000	0.000	0.000	0.000	0.000	0.000	0.000	0.000	0.000	0.000	0.000	0.000	0.000	0.000	0.000	0.000	0.000	0.000	0.000	0.000	0.000	0.000	0.000	0.000	0.000	0.000	0.000	0.000	0.000	0.000	0.000	0.000	0.000	0.000	0.000	0.000	0.000	0.000	0.000	0.000	0.000	0.000
TSNO1442	0.009	0.022	0.091	0.028	0.112	0.104	0.066	0.027	0.003	0.003	0.003	0.003	0.049	0.010	0.025	0.001	0.001	0.001	0.001	0.001	0.047	0.009	0.001	0.001	0.039	0.001	0.000	0.001	0.000	0.008	0.000	0.001	0.000	0.000	0.000	0.247	0.000	0.000	0.000	0.000	0.000	0.000	0.000	0.000	0.000	0.008	0.000	0.008	0.000	0.000	0.000	0.000	0.000	0.000	0.000	0.000	0.000	0.000	0.000	0.000	0.000	0.000	0.000	0.000	0.000	0.000	0.000	0.023	0.000	0.000	0.000	0.000	0.000	0.000	0.000	0.000	0.000	0.000	0.000	0.000	0.000	0.000	0.000	0.000	0.000	0.000	0.039	0.000	0.000	0.000	0.000	0.000	0.000	0.000	0.000	0.000	0.000	0.000	0.000	0.000
CNUK1102	0.034	0.232	0.004	0.003	0.090	0.027	0.201	0.007	0.002	0.002	0.021	0.002	0.001	0.001	0.011	0.001	0.001	0.025	0.001	0.102	0.001	0.001	0.000	0.000	0.005	0.000	0.000	0.005	0.000	0.000	0.000	0.000	0.034	0.000	0.000	0.000	0.000	0.000	0.000	0.000	0.000	0.000	0.000	0.000	0.000	0.000	0.000	0.179	0.000	0.000	0.000	0.000	0.000	0.000	0.000	0.000	0.000	0.000	0.000	0.000	0.000	0.000	0.000	0.000	0.000	0.000	0.000	0.000	0.000	0.000	0.000	0.000	0.000	0.000	0.000	0.000	0.000	0.000	0.000	0.000	0.000	0.000	0.000	0.000	0.000	0.000	0.000	0.000	0.000	0.000	0.000	0.000	0.000	0.000	0.000	0.000	0.000	0.000	0.000	0.000
TRME3023	0.047	0.092	0.124	0.133	0.003	0.012	0.017	0.086	0.016	0.002	0.006	0.104	0.052	0.006	0.001	0.000	0.005	0.001	0.126	0.015	0.001	0.001	0.000	0.042	0.014	0.000	0.000	0.000	0.000	0.070	0.000	0.000	0.000	0.000	0.000	0.000	0.000	0.000	0.000	0.000	0.000	0.000	0.000	0.000	0.000	0.000	0.000	0.000	0.000	0.000	0.000	0.000	0.000	0.000	0.000	0.000	0.000	0.000	0.000	0.000	0.000	0.000	0.000	0.019	0.000	0.000	0.000	0.000	0.000	0.000	0.000	0.000	0.000	0.000	0.000	0.000	0.000	0.000	0.000	0.000	0.000	0.000	0.000	0.000	0.000	0.000	0.000	0.000	0.000	0.000	0.000	0.000	0.000	0.000	0.000	0.000	0.000	0.000	0.000	0.000
CNUK4009	0.171	0.132	0.108	0.088	0.192	0.007	0.003	0.016	0.073	0.002	0.021	0.077	0.006	0.001	0.001	0.001	0.001	0.034	0.001	0.001	0.001	0.001	0.000	0.000	0.001	0.010	0.000	0.000	0.000	0.005	0.000	0.005	0.000	0.000	0.033	0.000	0.000	0.000	0.000	0.000	0.000	0.000	0.000	0.000	0.000	0.000	0.000	0.000	0.000	0.000	0.000	0.000	0.000	0.000	0.000	0.000	0.000	0.000	0.000	0.000	0.000	0.000	0.000	0.005	0.000	0.000	0.000	0.000	0.000	0.000	0.000	0.000	0.000	0.000	0.000	0.000	0.000	0.000	0.000	0.000	0.000	0.000	0.000	0.000	0.000	0.000	0.000	0.000	0.000	0.000	0.000	0.000	0.000	0.000	0.000	0.000	0.000	0.000	0.000	0.000
ITRS2002	0.245	0.058	0.031	0.184	0.077	0.019	0.151	0.024	0.002	0.066	0.002	0.002	0.012	0.001	0.065	0.001	0.001	0.006	0.006	0.001	0.001	0.001	0.000	0.000	0.016	0.000	0.000	0.000	0.000	0.000	0.000	0.000	0.006	0.000	0.000	0.000	0.000	0.000	0.000	0.016	0.000	0.000	0.000	0.000	0.000	0.000	0.000	0.000	0.000	0.000	0.000	0.000	0.000	0.000	0.000	0.000	0.000	0.000	0.000	0.000	0.000	0.000	0.000	0.000	0.000	0.000	0.000	0.000	0.000	0.000	0.000	0.000	0.000	0.000	0.000	0.000	0.000	0.000	0.000	0.000	0.000	0.000	0.000	0.000	0.000	0.000	0.000	0.000	0.000	0.000	0.000	0.000	0.000	0.000	0.000	0.000	0.000	0.000	0.000	0.000
NOHO1001	0.061	0.013	0.008	0.050	0.003	0.489	0.007	0.002	0.077	0.044	0.011	0.011	0.001	0.001	0.001	0.127	0.001	0.001	0.001	0.001	0.001	0.001	0.000	0.000	0.001	0.000	0.000	0.000	0.000	0.000	0.000	0.000	0.000	0.000	0.000	0.000	0.000	0.000	0.000	0.000	0.014	0.000	0.000	0.000	0.000	0.000	0.000	0.000	0.000	0.000	0.000	0.000	0.000	0.000	0.000	0.000	0.000	0.000	0.000	0.000	0.000	0.066	0.000	0.000	0.000	0.000	0.000	0.000	0.000	0.000	0.000	0.000	0.000	0.000	0.000	0.000	0.000	0.000	0.000	0.000	0.000	0.000	0.000	0.000	0.000	0.000	0.000	0.000	0.000	0.000	0.000	0.000	0.000	0.000	0.000	0.000	0.000	0.000	0.000	0.000
NOHO1018	0.008	0.198	0.011	0.025	0.010	0.208	0.032	0.013	0.223	0.013	0.031	0.099	0.001	0.001	0.083	0.008	0.000	0.008	0.001	0.001	0.001	0.001	0.000	0.000	0.004	0.000	0.000	0.004	0.000	0.000	0.000	0.000	0.000	0.000	0.000	0.000	0.000	0.000	0.000	0.000	0.000	0.000	0.000	0.000	0.000	0.000	0.000	0.000	0.000	0.000	0.000	0.000	0.008	0.000	0.000	0.000	0.000	0.000	0.000	0.000	0.000	0.000	0.000	0.000	0.000	0.000	0.004	0.000	0.000	0.000	0.000	0.000	0.000	0.000	0.000	0.000	0.000	0.000	0.000	0.000	0.000	0.000	0.000	0.000	0.000	0.000	0.000	0.000	0.000	0.000	0.000	0.000	0.000	0.000	0.000	0.000	0.000	0.000	0.000	0.000
TRME3011	0.087	0.023	0.139	0.239	0.041	0.051	0.032	0.002	0.041	0.002	0.040	0.113	0.059	0.016	0.011	0.001	0.001	0.001	0.005	0.001	0.001	0.001	0.000	0.000	0.001	0.015	0.000	0.000	0.044	0.000	0.000	0.000	0.000	0.000	0.000	0.000	0.000	0.000	0.000	0.000	0.000	0.000	0.000	0.000	0.000	0.000	0.000	0.000	0.000	0.000	0.000	0.029	0.000	0.000	0.000	0.000	0.000	0.000	0.000	0.000	0.000	0.000	0.000	0.000	0.000	0.000	0.000	0.000	0.000	0.000	0.000	0.000	0.000	0.000	0.000	0.000	0.000	0.000	0.000	0.000	0.000	0.000	0.000	0.000	0.000	0.000	0.000	0.000	0.000	0.000	0.000	0.000	0.000	0.000	0.000	0.000	0.000	0.000	0.000	0.000
TRME3019	0.074	0.036	0.146	0.032	0.002	0.002	0.061	0.189	0.005	0.115	0.001	0.038	0.019	0.001	0.004	0.000	0.015	0.001	0.004	0.001	0.001	0.059	0.000	0.000	0.004	0.000	0.000	0.000	0.008	0.000	0.000	0.000	0.008	0.000	0.000	0.000	0.000	0.000	0.000	0.000	0.000	0.000	0.000	0.000	0.000	0.000	0.000	0.000	0.000	0.000	0.000	0.000	0.000	0.000	0.000	0.000	0.000	0.000	0.000	0.000	0.000	0.000	0.000	0.000	0.000	0.000	0.000	0.000	0.000	0.169	0.000	0.000	0.000	0.000	0.000	0.000	0.000	0.000	0.000	0.000	0.000	0.000	0.000	0.000	0.000	0.000	0.000	0.000	0.000	0.000	0.000	0.000	0.000	0.000	0.000	0.000	0.000	0.000	0.000	0.000
FIHE1019	0.155	0.081	0.077	0.031	0.051	0.022	0.019	0.002	0.095	0.022	0.128	0.006	0.001	0.001	0.009	0.000	0.001	0.021	0.005	0.017	0.001	0.094	0.000	0.000	0.017	0.021	0.000	0.000	0.000	0.000	0.000	0.000	0.000	0.000	0.000	0.000	0.000	0.000	0.000	0.000	0.000	0.000	0.000	0.000	0.000	0.000	0.077	0.000	0.000	0.000	0.000	0.000	0.000	0.000	0.000	0.000	0.000	0.000	0.000	0.000	0.000	0.000	0.000	0.000	0.000	0.000	0.000	0.000	0.000	0.000	0.000	0.000	0.000	0.000	0.000	0.000	0.000	0.000	0.020	0.000	0.000	0.000	0.000	0.000	0.000	0.000	0.000	0.000	0.000	0.000	0.000	0.020	0.000	0.000	0.000	0.000	0.000	0.000	0.000	0.000
FIHE1022	0.131	0.003	0.180	0.006	0.041	0.029	0.052	0.106	0.025	0.094	0.075	0.005	0.001	0.001	0.012	0.000	0.000	0.035	0.001	0.004	0.004	0.105	0.000	0.000	0.000	0.000	0.000	0.000	0.000	0.000	0.000	0.000	0.000	0.000	0.000	0.000	0.000	0.000	0.000	0.000	0.000	0.000	0.000	0.000	0.008	0.000	0.000	0.000	0.000	0.000	0.000	0.000	0.066	0.000	0.000	0.000	0.000	0.008	0.000	0.000	0.000	0.000	0.000	0.000	0.000	0.000	0.000	0.000	0.000	0.000	0.000	0.000	0.000	0.000	0.000	0.000	0.000	0.000	0.000	0.000	0.000	0.000	0.000	0.000	0.000	0.000	0.000	0.000	0.000	0.000	0.000	0.000	0.000	0.000	0.000	0.000	0.000	0.000	0.000	0.000
NOUO1083	0.109	0.013	0.139	0.012	0.016	0.034	0.034	0.038	0.052	0.065	0.006	0.128	0.006	0.024	0.001	0.046	0.014	0.001	0.001	0.001	0.046	0.055	0.000	0.000	0.037	0.000	0.000	0.000	0.000	0.000	0.000	0.000	0.000	0.005	0.000	0.000	0.000	0.000	0.000	0.000	0.000	0.000	0.000	0.027	0.000	0.000	0.000	0.000	0.000	0.000	0.000	0.000	0.000	0.005	0.000	0.000	0.000	0.000	0.000	0.000	0.000	0.000	0.000	0.000	0.000	0.000	0.000	0.000	0.000	0.000	0.000	0.000	0.000	0.000	0.000	0.000	0.000	0.000	0.000	0.000	0.000	0.000	0.000	0.000	0.000	0.068	0.000	0.000	0.000	0.014	0.000	0.000	0.000	0.000	0.000	0.000	0.000	0.000	0.000	0.000
FRUB1022	0.159	0.006	0.069	0.002	0.014	0.056	0.023	0.001	0.035	0.184	0.032	0.050	0.001	0.004	0.007	0.000	0.000	0.049	0.000	0.000	0.000	0.025	0.034	0.000	0.000	0.000	0.000	0.000	0.003	0.000	0.000	0.000	0.000	0.000	0.015	0.000	0.000	0.000	0.000	0.000	0.064	0.000	0.000	0.000	0.000	0.000	0.000	0.000	0.000	0.000	0.000	0.000	0.000	0.000	0.000	0.000	0.031	0.000	0.000	0.000	0.000	0.000	0.000	0.000	0.000	0.000	0.000	0.000	0.000	0.000	0.000	0.015	0.000	0.000	0.009	0.000	0.000	0.000	0.000	0.000	0.000	0.000	0.000	0.000	0.000	0.052	0.000	0.000	0.000	0.000	0.000	0.000	0.000	0.000	0.000	0.000	0.055	0.000	0.000	0.000
TRCU1071	0.031	0.004	0.230	0.386	0.003	0.046	0.029	0.028	0.002	0.002	0.015	0.010	0.027	0.018	0.001	0.000	0.001	0.001	0.018	0.001	0.009	0.001	0.000	0.000	0.000	0.000	0.000	0.000	0.031	0.005	0.000	0.000	0.000	0.000	0.092	0.000	0.000	0.000	0.000	0.000	0.000	0.000	0.000	0.000	0.000	0.000	0.000	0.000	0.000	0.000	0.000	0.000	0.000	0.000	0.000	0.000	0.000	0.000	0.000	0.004	0.000	0.000	0.000	0.000	0.000	0.000	0.000	0.000	0.000	0.000	0.000	0.000	0.000	0.000	0.000	0.000	0.000	0.000	0.000	0.000	0.000	0.000	0.000	0.000	0.000	0.000	0.000	0.000	0.000	0.000	0.000	0.000	0.000	0.000	0.000	0.000	0.000	0.000	0.000	0.000
ITTO5005	0.047	0.096	0.024	0.006	0.052	0.023	0.152	0.041	0.012	0.091	0.001	0.083	0.005	0.022	0.147	0.000	0.000	0.036	0.000	0.001	0.000	0.004	0.000	0.000	0.000	0.000	0.000	0.000	0.000	0.000	0.000	0.032	0.004	0.000	0.000	0.000	0.046	0.046	0.000	0.007	0.000	0.000	0.000	0.000	0.000	0.000	0.000	0.000	0.000	0.000	0.000	0.004	0.000	0.000	0.000	0.000	0.000	0.000	0.000	0.000	0.000	0.000	0.000	0.000	0.000	0.000	0.000	0.000	0.000	0.000	0.000	0.000	0.000	0.000	0.000	0.000	0.000	0.000	0.000	0.000	0.000	0.000	0.000	0.011	0.000	0.000	0.000	0.000	0.000	0.000	0.000	0.000	0.000	0.000	0.000	0.000	0.000	0.000	0.000	0.000
TRCU1073	0.064	0.132	0.161	0.152	0.015	0.049	0.007	0.138	0.002	0.002	0.002	0.014	0.048	0.005	0.027	0.000	0.001	0.001	0.005	0.001	0.043	0.039	0.000	0.000	0.009	0.000	0.000	0.000	0.000	0.060	0.000	0.000	0.000	0.013	0.000	0.000	0.000	0.000	0.000	0.000	0.000	0.000	0.004	0.000	0.000	0.000	0.000	0.000	0.000	0.000	0.000	0.000	0.000	0.000	0.000	0.000	0.000	0.000	0.000	0.000	0.000	0.000	0.000	0.000	0.000	0.000	0.000	0.000	0.000	0.000	0.000	0.000	0.000	0.000	0.000	0.000	0.000	0.000	0.000	0.000	0.000	0.000	0.000	0.000	0.000	0.000	0.000	0.000	0.000	0.000	0.000	0.000	0.000	0.000	0.000	0.000	0.000	0.000	0.000	0.000
TRME3006	0.019	0.022	0.239	0.188	0.007	0.007	0.007	0.016	0.007	0.053	0.011	0.002	0.001	0.033	0.006	0.000	0.001	0.005	0.213	0.005	0.001	0.001	0.000	0.005	0.001	0.023	0.000	0.000	0.056	0.065	0.000	0.000	0.000	0.000	0.000	0.000	0.000	0.000	0.000	0.000	0.000	0.000	0.000	0.000	0.000	0.000	0.000	0.000	0.000	0.000	0.000	0.000	0.000	0.000	0.000	0.000	0.000	0.000	0.000	0.000	0.000	0.000	0.000	0.000	0.000	0.000	0.000	0.000	0.000	0.000	0.000	0.000	0.000	0.000	0.000	0.000	0.000	0.000	0.000	0.000	0.000	0.000	0.000	0.000	0.000	0.000	0.000	0.000	0.000	0.000	0.000	0.000	0.000	0.000	0.000	0.000	0.000	0.000	0.000	0.000
TSNO1445	0.047	0.119	0.068	0.009	0.204	0.026	0.026	0.003	0.014	0.008	0.065	0.002	0.008	0.001	0.013	0.001	0.035	0.001	0.001	0.001	0.001	0.001	0.000	0.006	0.001	0.000	0.109	0.000	0.092	0.000	0.000	0.012	0.000	0.000	0.000	0.000	0.000	0.000	0.000	0.000	0.000	0.000	0.000	0.000	0.000	0.000	0.000	0.000	0.000	0.000	0.000	0.000	0.000	0.000	0.000	0.000	0.000	0.000	0.000	0.000	0.000	0.000	0.000	0.000	0.000	0.000	0.000	0.000	0.000	0.000	0.000	0.000	0.000	0.000	0.120	0.000	0.000	0.000	0.000	0.000	0.000	0.000	0.000	0.000	0.000	0.000	0.000	0.000	0.000	0.000	0.000	0.000	0.000	0.000	0.000	0.000	0.000	0.000	0.000	0.000
CNUK1072	0.223	0.030	0.047	0.059	0.042	0.002	0.116	0.020	0.002	0.076	0.045	0.010	0.110	0.005	0.123	0.000	0.001	0.001	0.001	0.001	0.001	0.018	0.000	0.000	0.009	0.000	0.000	0.000	0.000	0.000	0.000	0.000	0.000	0.000	0.000	0.000	0.000	0.000	0.000	0.000	0.000	0.000	0.000	0.000	0.000	0.000	0.000	0.000	0.000	0.000	0.000	0.000	0.000	0.000	0.000	0.000	0.000	0.000	0.000	0.000	0.000	0.000	0.000	0.009	0.000	0.000	0.000	0.000	0.000	0.000	0.000	0.000	0.039	0.000	0.000	0.000	0.000	0.000	0.000	0.000	0.000	0.000	0.000	0.000	0.000	0.000	0.000	0.000	0.000	0.000	0.000	0.000	0.000	0.000	0.000	0.000	0.000	0.000	0.000	0.004
CNUK1004	0.161	0.015	0.079	0.027	0.070	0.014	0.014	0.038	0.034	0.002	0.022	0.025	0.017	0.017	0.013	0.000	0.001	0.001	0.001	0.005	0.025	0.045	0.000	0.004	0.000	0.000	0.000	0.052	0.000	0.000	0.000	0.004	0.000	0.000	0.148	0.000	0.000	0.000	0.000	0.004	0.000	0.000	0.000	0.000	0.000	0.000	0.000	0.000	0.000	0.000	0.000	0.000	0.000	0.000	0.000	0.000	0.000	0.140	0.000	0.000	0.016	0.000	0.000	0.000	0.000	0.000	0.000	0.000	0.000	0.000	0.000	0.000	0.000	0.000	0.000	0.000	0.000	0.000	0.000	0.000	0.000	0.000	0.000	0.000	0.000	0.000	0.000	0.000	0.000	0.000	0.000	0.000	0.000	0.000	0.000	0.000	0.000	0.000	0.000	0.000
NOUO1058	0.195	0.056	0.056	0.084	0.175	0.009	0.020	0.009	0.031	0.117	0.031	0.042	0.082	0.001	0.001	0.001	0.006	0.001	0.001	0.001	0.001	0.001	0.000	0.006	0.001	0.000	0.000	0.000	0.000	0.000	0.000	0.000	0.000	0.000	0.000	0.006	0.000	0.000	0.000	0.017	0.000	0.000	0.000	0.000	0.000	0.000	0.000	0.000	0.000	0.006	0.034	0.000	0.000	0.000	0.000	0.000	0.000	0.000	0.000	0.000	0.000	0.000	0.000	0.000	0.000	0.000	0.000	0.000	0.000	0.000	0.000	0.000	0.000	0.000	0.000	0.000	0.000	0.000	0.000	0.000	0.000	0.000	0.000	0.000	0.000	0.000	0.000	0.000	0.000	0.000	0.000	0.000	0.000	0.000	0.000	0.000	0.000	0.000	0.000	0.000
NOUO1097	0.090	0.089	0.084	0.003	0.079	0.112	0.041	0.002	0.002	0.006	0.044	0.006	0.006	0.022	0.052	0.005	0.073	0.001	0.001	0.005	0.056	0.039	0.000	0.000	0.005	0.000	0.000	0.000	0.000	0.000	0.000	0.000	0.000	0.000	0.026	0.000	0.000	0.000	0.000	0.000	0.000	0.000	0.000	0.000	0.000	0.000	0.000	0.000	0.000	0.000	0.000	0.000	0.000	0.000	0.000	0.000	0.004	0.000	0.000	0.000	0.004	0.102	0.004	0.000	0.000	0.000	0.000	0.000	0.000	0.000	0.000	0.000	0.000	0.000	0.000	0.000	0.000	0.000	0.000	0.004	0.000	0.000	0.000	0.030	0.000	0.000	0.000	0.000	0.000	0.000	0.000	0.000	0.000	0.000	0.000	0.000	0.000	0.000	0.000	0.000
CNUK2034	0.201	0.227	0.033	0.004	0.066	0.017	0.191	0.031	0.024	0.003	0.003	0.002	0.002	0.002	0.015	0.021	0.001	0.001	0.001	0.001	0.001	0.001	0.008	0.070	0.001	0.001	0.000	0.000	0.000	0.000	0.000	0.000	0.000	0.000	0.000	0.000	0.000	0.000	0.000	0.000	0.007	0.000	0.000	0.000	0.000	0.000	0.000	0.000	0.000	0.000	0.000	0.000	0.000	0.000	0.000	0.000	0.000	0.000	0.000	0.000	0.000	0.000	0.042	0.000	0.000	0.000	0.000	0.000	0.000	0.000	0.000	0.000	0.000	0.000	0.000	0.000	0.000	0.000	0.000	0.000	0.000	0.000	0.000	0.000	0.000	0.000	0.000	0.000	0.000	0.014	0.000	0.000	0.000	0.000	0.000	0.000	0.000	0.000	0.000	0.000
ITTO5002	0.160	0.048	0.014	0.056	0.075	0.065	0.012	0.148	0.007	0.007	0.026	0.002	0.031	0.161	0.040	0.025	0.001	0.006	0.001	0.015	0.001	0.001	0.000	0.000	0.001	0.000	0.000	0.000	0.000	0.000	0.000	0.000	0.000	0.000	0.005	0.000	0.000	0.034	0.000	0.000	0.000	0.000	0.000	0.000	0.000	0.000	0.000	0.000	0.000	0.000	0.000	0.000	0.000	0.000	0.000	0.000	0.000	0.000	0.000	0.000	0.000	0.005	0.000	0.000	0.000	0.000	0.000	0.000	0.000	0.000	0.000	0.000	0.000	0.000	0.000	0.000	0.044	0.000	0.000	0.000	0.000	0.000	0.000	0.000	0.000	0.000	0.000	0.000	0.000	0.000	0.000	0.000	0.000	0.000	0.000	0.000	0.000	0.000	0.000	0.005
RUMO1020	0.134	0.066	0.108	0.011	0.002	0.006	0.011	0.065	0.014	0.052	0.077	0.002	0.089	0.051	0.005	0.067	0.021	0.001	0.001	0.001	0.001	0.001	0.046	0.030	0.000	0.000	0.000	0.000	0.000	0.000	0.000	0.000	0.000	0.000	0.000	0.000	0.000	0.000	0.000	0.000	0.000	0.000	0.000	0.000	0.000	0.000	0.000	0.000	0.000	0.000	0.000	0.000	0.000	0.000	0.000	0.000	0.000	0.046	0.000	0.000	0.000	0.000	0.000	0.000	0.000	0.000	0.000	0.088	0.000	0.000	0.000	0.000	0.000	0.000	0.000	0.000	0.000	0.000	0.000	0.000	0.000	0.000	0.000	0.000	0.000	0.000	0.000	0.000	0.000	0.000	0.000	0.000	0.000	0.000	0.000	0.000	0.000	0.000	0.000	0.000
TSNO1462	0.102	0.070	0.218	0.016	0.063	0.003	0.057	0.003	0.062	0.044	0.026	0.002	0.002	0.001	0.007	0.001	0.001	0.001	0.001	0.007	0.001	0.007	0.012	0.001	0.001	0.012	0.036	0.072	0.000	0.012	0.000	0.000	0.000	0.000	0.000	0.000	0.000	0.006	0.000	0.000	0.000	0.000	0.000	0.000	0.000	0.000	0.000	0.006	0.000	0.000	0.000	0.000	0.000	0.000	0.000	0.000	0.000	0.000	0.000	0.000	0.000	0.000	0.000	0.000	0.000	0.048	0.000	0.000	0.000	0.000	0.000	0.000	0.000	0.000	0.089	0.000	0.000	0.000	0.000	0.000	0.000	0.000	0.000	0.000	0.000	0.000	0.000	0.000	0.000	0.000	0.000	0.000	0.000	0.000	0.006	0.000	0.000	0.000	0.000	0.000
TRCU1124	0.101	0.085	0.018	0.142	0.041	0.090	0.017	0.123	0.001	0.004	0.001	0.074	0.019	0.004	0.001	0.000	0.000	0.001	0.104	0.000	0.010	0.006	0.000	0.000	0.000	0.003	0.009	0.000	0.000	0.000	0.000	0.000	0.000	0.000	0.000	0.000	0.000	0.000	0.000	0.000	0.000	0.000	0.000	0.000	0.003	0.000	0.000	0.000	0.000	0.000	0.137	0.000	0.000	0.000	0.000	0.000	0.000	0.000	0.000	0.000	0.000	0.000	0.000	0.000	0.000	0.000	0.000	0.000	0.000	0.000	0.000	0.000	0.000	0.000	0.000	0.000	0.000	0.000	0.000	0.000	0.000	0.000	0.000	0.000	0.000	0.000	0.000	0.000	0.000	0.000	0.000	0.000	0.000	0.000	0.000	0.000	0.000	0.000	0.000	0.000
FRUL1016	0.098	0.105	0.064	0.011	0.002	0.018	0.104	0.014	0.046	0.160	0.006	0.006	0.046	0.013	0.046	0.000	0.001	0.005	0.001	0.001	0.033	0.017	0.008	0.004	0.000	0.000	0.000	0.000	0.000	0.000	0.000	0.000	0.000	0.000	0.000	0.000	0.000	0.000	0.000	0.000	0.000	0.000	0.008	0.000	0.000	0.045	0.000	0.000	0.000	0.000	0.000	0.000	0.000	0.000	0.000	0.000	0.000	0.053	0.000	0.000	0.000	0.000	0.000	0.000	0.000	0.000	0.000	0.000	0.000	0.000	0.000	0.081	0.000	0.000	0.000	0.000	0.000	0.000	0.000	0.000	0.000	0.000	0.000	0.000	0.000	0.000	0.000	0.000	0.000	0.000	0.000	0.000	0.000	0.000	0.000	0.000	0.000	0.000	0.000	0.000
CNUK4020	0.096	0.065	0.041	0.052	0.052	0.013	0.110	0.155	0.005	0.048	0.051	0.017	0.009	0.005	0.051	0.000	0.047	0.001	0.001	0.012	0.004	0.001	0.000	0.000	0.000	0.000	0.000	0.000	0.000	0.000	0.000	0.004	0.000	0.000	0.000	0.000	0.000	0.000	0.000	0.000	0.000	0.000	0.000	0.000	0.027	0.000	0.000	0.019	0.000	0.000	0.000	0.000	0.000	0.000	0.000	0.000	0.000	0.000	0.054	0.000	0.000	0.000	0.000	0.000	0.000	0.000	0.000	0.000	0.000	0.000	0.035	0.000	0.000	0.000	0.000	0.000	0.000	0.000	0.000	0.000	0.000	0.000	0.000	0.000	0.000	0.000	0.000	0.000	0.000	0.000	0.000	0.000	0.000	0.000	0.000	0.019	0.000	0.000	0.000	0.000
TRME3024	0.198	0.043	0.168	0.013	0.002	0.005	0.006	0.002	0.091	0.077	0.001	0.080	0.102	0.001	0.001	0.000	0.000	0.037	0.000	0.001	0.000	0.026	0.000	0.000	0.000	0.000	0.007	0.000	0.000	0.000	0.000	0.000	0.000	0.000	0.000	0.000	0.000	0.133	0.000	0.000	0.000	0.000	0.000	0.000	0.000	0.000	0.000	0.000	0.000	0.000	0.000	0.000	0.000	0.000	0.000	0.000	0.000	0.000	0.000	0.000	0.000	0.000	0.000	0.000	0.000	0.000	0.000	0.000	0.000	0.000	0.000	0.000	0.000	0.000	0.000	0.000	0.000	0.000	0.000	0.000	0.000	0.000	0.000	0.000	0.000	0.000	0.000	0.000	0.000	0.000	0.000	0.000	0.000	0.000	0.000	0.000	0.000	0.000	0.000	0.000
FRUL2011	0.142	0.112	0.022	0.038	0.083	0.071	0.071	0.003	0.082	0.110	0.002	0.002	0.002	0.103	0.001	0.001	0.001	0.001	0.006	0.001	0.001	0.001	0.000	0.001	0.001	0.000	0.000	0.000	0.000	0.000	0.000	0.006	0.000	0.000	0.000	0.000	0.102	0.000	0.000	0.029	0.000	0.000	0.000	0.000	0.000	0.000	0.000	0.000	0.000	0.000	0.000	0.000	0.000	0.000	0.000	0.000	0.000	0.000	0.000	0.000	0.000	0.000	0.000	0.000	0.000	0.000	0.000	0.000	0.000	0.000	0.000	0.000	0.000	0.000	0.000	0.000	0.000	0.000	0.000	0.000	0.000	0.000	0.000	0.000	0.000	0.000	0.000	0.000	0.000	0.000	0.000	0.000	0.000	0.000	0.000	0.000	0.000	0.000	0.000	0.000
CNUK2006	0.140	0.205	0.045	0.051	0.010	0.017	0.083	0.056	0.009	0.096	0.002	0.002	0.068	0.028	0.028	0.001	0.001	0.001	0.001	0.001	0.001	0.001	0.001	0.001	0.007	0.001	0.000	0.000	0.000	0.000	0.000	0.000	0.000	0.000	0.000	0.000	0.000	0.000	0.000	0.000	0.000	0.000	0.000	0.000	0.000	0.000	0.000	0.000	0.000	0.000	0.000	0.000	0.000	0.000	0.000	0.000	0.000	0.000	0.000	0.000	0.000	0.000	0.000	0.000	0.000	0.000	0.000	0.000	0.000	0.000	0.000	0.000	0.000	0.000	0.000	0.000	0.000	0.000	0.073	0.000	0.000	0.000	0.000	0.000	0.000	0.000	0.000	0.000	0.000	0.000	0.000	0.000	0.000	0.060	0.000	0.000	0.000	0.000	0.000	0.000
CNUK1052	0.029	0.028	0.024	0.048	0.131	0.006	0.102	0.023	0.002	0.006	0.101	0.026	0.018	0.038	0.030	0.000	0.071	0.005	0.001	0.001	0.042	0.001	0.000	0.000	0.013	0.000	0.000	0.046	0.000	0.000	0.000	0.004	0.000	0.000	0.079	0.004	0.000	0.000	0.000	0.000	0.000	0.000	0.066	0.000	0.037	0.000	0.000	0.000	0.000	0.000	0.000	0.000	0.000	0.000	0.000	0.000	0.000	0.000	0.000	0.000	0.000	0.000	0.000	0.012	0.000	0.000	0.000	0.000	0.000	0.000	0.000	0.000	0.000	0.000	0.000	0.000	0.000	0.000	0.000	0.000	0.000	0.000	0.000	0.000	0.000	0.000	0.000	0.000	0.000	0.000	0.000	0.000	0.000	0.000	0.000	0.000	0.000	0.000	0.000	0.000
NOUO1052	0.085	0.047	0.036	0.014	0.066	0.103	0.056	0.082	0.087	0.002	0.071	0.081	0.039	0.017	0.001	0.027	0.001	0.001	0.006	0.001	0.006	0.001	0.000	0.000	0.001	0.000	0.000	0.000	0.000	0.000	0.000	0.000	0.000	0.000	0.000	0.042	0.000	0.005	0.000	0.000	0.016	0.000	0.000	0.005	0.000	0.000	0.000	0.000	0.000	0.000	0.000	0.000	0.000	0.000	0.000	0.000	0.000	0.000	0.000	0.000	0.000	0.095	0.000	0.000	0.000	0.000	0.000	0.000	0.000	0.000	0.000	0.000	0.000	0.000	0.000	0.000	0.000	0.000	0.000	0.000	0.000	0.000	0.000	0.000	0.000	0.000	0.000	0.000	0.000	0.000	0.000	0.000	0.000	0.000	0.000	0.000	0.000	0.000	0.000	0.000
SPM10007	0.185	0.067	0.110	0.008	0.003	0.027	0.017	0.002	0.012	0.147	0.016	0.036	0.001	0.093	0.049	0.025	0.001	0.001	0.010	0.001	0.035	0.001	0.000	0.005	0.088	0.034	0.000	0.000	0.000	0.000	0.000	0.005	0.000	0.000	0.000	0.000	0.000	0.000	0.000	0.000	0.000	0.000	0.000	0.000	0.000	0.000	0.000	0.000	0.000	0.000	0.000	0.000	0.000	0.000	0.000	0.000	0.000	0.000	0.000	0.000	0.000	0.000	0.000	0.000	0.000	0.000	0.000	0.000	0.000	0.000	0.000	0.000	0.000	0.000	0.000	0.000	0.000	0.000	0.000	0.000	0.000	0.000	0.000	0.000	0.000	0.000	0.000	0.000	0.000	0.000	0.000	0.000	0.000	0.000	0.000	0.000	0.000	0.000	0.015	0.000
TRME3010	0.010	0.099	0.063	0.136	0.005	0.014	0.031	0.094	0.005	0.001	0.062	0.030	0.100	0.004	0.010	0.000	0.000	0.001	0.000	0.013	0.010	0.023	0.000	0.026	0.000	0.003	0.035	0.010	0.007	0.000	0.000	0.000	0.000	0.000	0.000	0.000	0.000	0.000	0.000	0.000	0.000	0.000	0.067	0.000	0.000	0.000	0.000	0.000	0.000	0.000	0.000	0.000	0.000	0.000	0.000	0.128	0.000	0.000	0.000	0.000	0.000	0.000	0.000	0.000	0.000	0.000	0.000	0.000	0.000	0.000	0.000	0.000	0.000	0.000	0.000	0.000	0.000	0.000	0.000	0.000	0.000	0.000	0.000	0.000	0.000	0.000	0.000	0.000	0.000	0.006	0.000	0.000	0.000	0.000	0.000	0.000	0.000	0.000	0.000	0.000
TRME3027	0.065	0.007	0.056	0.139	0.030	0.034	0.115	0.030	0.014	0.018	0.006	0.170	0.005	0.041	0.009	0.000	0.001	0.001	0.157	0.001	0.001	0.001	0.000	0.000	0.013	0.000	0.000	0.000	0.000	0.057	0.000	0.000	0.000	0.000	0.000	0.004	0.000	0.000	0.000	0.004	0.000	0.000	0.000	0.000	0.000	0.000	0.000	0.000	0.000	0.016	0.000	0.000	0.000	0.000	0.000	0.000	0.000	0.000	0.000	0.000	0.000	0.000	0.000	0.000	0.000	0.000	0.000	0.000	0.000	0.000	0.000	0.000	0.000	0.000	0.000	0.000	0.000	0.000	0.000	0.000	0.000	0.000	0.000	0.000	0.000	0.000	0.000	0.000	0.000	0.000	0.000	0.000	0.000	0.000	0.000	0.000	0.000	0.000	0.000	0.000
TRME3021	0.010	0.033	0.115	0.192	0.022	0.012	0.158	0.046	0.007	0.007	0.002	0.021	0.031	0.001	0.001	0.001	0.001	0.001	0.001	0.001	0.001	0.001	0.000	0.000	0.001	0.000	0.000	0.000	0.000	0.000	0.000	0.058	0.000	0.020	0.000	0.000	0.252	0.000	0.000	0.000	0.000	0.000	0.000	0.000	0.000	0.000	0.000	0.000	0.000	0.000	0.000	0.000	0.000	0.000	0.000	0.000	0.000	0.000	0.000	0.000	0.000	0.000	0.000	0.000	0.000	0.000	0.000	0.000	0.000	0.000	0.000	0.000	0.000	0.000	0.000	0.000	0.000	0.000	0.000	0.000	0.000	0.000	0.000	0.000	0.000	0.000	0.000	0.000	0.000	0.000	0.000	0.000	0.000	0.000	0.000	0.000	0.000	0.000	0.000	0.000
TRCU1129	0.029	0.035	0.301	0.069	0.002	0.002	0.024	0.024	0.021	0.040	0.049	0.040	0.007	0.059	0.001	0.000	0.026	0.094	0.020	0.042	0.004	0.026	0.000	0.000	0.000	0.000	0.000	0.000	0.000	0.016	0.000	0.000	0.048	0.000	0.013	0.000	0.003	0.000	0.000	0.000	0.000	0.000	0.000	0.000	0.000	0.000	0.000	0.000	0.000	0.000	0.000	0.000	0.000	0.000	0.000	0.000	0.000	0.000	0.000	0.000	0.000	0.000	0.000	0.000	0.000	0.000	0.000	0.000	0.000	0.000	0.000	0.000	0.000	0.000	0.000	0.000	0.000	0.000	0.000	0.000	0.000	0.000	0.000	0.000	0.000	0.000	0.000	0.000	0.000	0.000	0.000	0.000	0.000	0.000	0.000	0.000	0.000	0.000	0.000	0.000
FRUC3093	0.235	0.116	0.069	0.004	0.003	0.009	0.062	0.050	0.055	0.079	0.031	0.002	0.002	0.001	0.013	0.001	0.001	0.030	0.001	0.007	0.024	0.001	0.001	0.001	0.012	0.000	0.000	0.000	0.000	0.000	0.000	0.000	0.000	0.000	0.000	0.000	0.000	0.000	0.000	0.000	0.000	0.000	0.006	0.024	0.076	0.000	0.000	0.000	0.000	0.012	0.000	0.000	0.000	0.000	0.000	0.000	0.000	0.006	0.000	0.000	0.000	0.000	0.000	0.000	0.000	0.000	0.000	0.000	0.000	0.000	0.000	0.000	0.000	0.000	0.000	0.000	0.000	0.059	0.000	0.000	0.000	0.000	0.000	0.000	0.000	0.000	0.000	0.000	0.000	0.000	0.000	0.000	0.000	0.000	0.000	0.000	0.000	0.000	0.000	0.000
TRME3001	0.188	0.161	0.136	0.018	0.003	0.023	0.013	0.043	0.007	0.032	0.002	0.057	0.002	0.001	0.026	0.001	0.001	0.001	0.107	0.001	0.001	0.001	0.000	0.000	0.001	0.000	0.000	0.000	0.005	0.000	0.000	0.021	0.000	0.000	0.015	0.112	0.000	0.000	0.000	0.000	0.000	0.000	0.000	0.000	0.000	0.000	0.005	0.000	0.000	0.000	0.005	0.000	0.000	0.000	0.000	0.000	0.000	0.000	0.000	0.000	0.000	0.000	0.000	0.000	0.000	0.000	0.000	0.000	0.000	0.000	0.000	0.000	0.000	0.000	0.005	0.000	0.000	0.000	0.000	0.000	0.000	0.000	0.000	0.000	0.000	0.000	0.000	0.000	0.000	0.000	0.000	0.000	0.000	0.000	0.000	0.000	0.000	0.000	0.000	0.000
RUMO5013	0.014	0.013	0.047	0.016	0.003	0.085	0.072	0.002	0.072	0.046	0.111	0.002	0.010	0.071	0.027	0.000	0.001	0.014	0.049	0.027	0.084	0.097	0.000	0.014	0.000	0.000	0.000	0.000	0.000	0.000	0.000	0.000	0.013	0.000	0.005	0.000	0.000	0.000	0.000	0.000	0.000	0.000	0.000	0.000	0.000	0.000	0.000	0.000	0.000	0.000	0.000	0.000	0.000	0.000	0.000	0.000	0.000	0.000	0.000	0.000	0.000	0.000	0.000	0.000	0.000	0.000	0.101	0.000	0.000	0.000	0.000	0.000	0.000	0.000	0.000	0.000	0.000	0.000	0.000	0.000	0.000	0.000	0.000	0.000	0.000	0.000	0.000	0.000	0.000	0.000	0.000	0.000	0.000	0.000	0.000	0.000	0.000	0.000	0.000	0.000
NOHO1011	0.142	0.017	0.005	0.169	0.015	0.227	0.003	0.003	0.185	0.002	0.043	0.002	0.014	0.001	0.001	0.130	0.007	0.001	0.001	0.001	0.001	0.001	0.001	0.001	0.001	0.000	0.000	0.000	0.000	0.018	0.000	0.000	0.000	0.000	0.000	0.000	0.000	0.000	0.000	0.000	0.000	0.000	0.000	0.000	0.000	0.000	0.000	0.000	0.000	0.000	0.000	0.000	0.000	0.000	0.000	0.000	0.000	0.000	0.000	0.000	0.000	0.000	0.000	0.000	0.000	0.000	0.000	0.000	0.000	0.000	0.000	0.000	0.000	0.000	0.000	0.000	0.000	0.000	0.000	0.000	0.000	0.000	0.000	0.000	0.000	0.000	0.000	0.000	0.000	0.000	0.000	0.000	0.000	0.000	0.000	0.000	0.000	0.000	0.000	0.000
CNUK1005	0.101	0.152	0.042	0.018	0.038	0.050	0.080	0.002	0.001	0.001	0.001	0.053	0.095	0.033	0.007	0.000	0.000	0.157	0.000	0.000	0.026	0.020	0.000	0.004	0.000	0.000	0.000	0.000	0.000	0.003	0.000	0.000	0.049	0.000	0.000	0.000	0.000	0.000	0.000	0.000	0.000	0.000	0.000	0.000	0.000	0.000	0.000	0.042	0.000	0.000	0.000	0.000	0.000	0.000	0.000	0.000	0.000	0.000	0.000	0.000	0.000	0.000	0.000	0.000	0.000	0.000	0.000	0.000	0.000	0.000	0.000	0.016	0.000	0.000	0.000	0.000	0.000	0.000	0.000	0.000	0.000	0.000	0.000	0.000	0.000	0.000	0.000	0.000	0.000	0.000	0.000	0.000	0.000	0.000	0.000	0.000	0.000	0.000	0.000	0.000
TRCU1147	0.013	0.066	0.111	0.040	0.024	0.106	0.069	0.046	0.001	0.014	0.001	0.023	0.128	0.004	0.001	0.004	0.010	0.001	0.061	0.000	0.029	0.000	0.000	0.003	0.000	0.003	0.000	0.000	0.000	0.000	0.000	0.000	0.000	0.000	0.019	0.000	0.045	0.000	0.000	0.000	0.000	0.000	0.000	0.000	0.000	0.000	0.000	0.000	0.000	0.108	0.000	0.000	0.000	0.000	0.064	0.000	0.000	0.000	0.000	0.000	0.000	0.000	0.000	0.000	0.000	0.000	0.000	0.000	0.000	0.000	0.000	0.000	0.000	0.000	0.000	0.000	0.000	0.000	0.000	0.000	0.000	0.000	0.000	0.000	0.000	0.000	0.000	0.000	0.000	0.000	0.000	0.000	0.000	0.000	0.000	0.000	0.000	0.000	0.000	0.000
FRUL1021	0.122	0.145	0.052	0.013	0.017	0.022	0.090	0.046	0.017	0.147	0.011	0.002	0.021	0.011	0.098	0.001	0.001	0.001	0.006	0.001	0.010	0.025	0.015	0.005	0.001	0.000	0.000	0.000	0.000	0.000	0.000	0.000	0.000	0.000	0.000	0.000	0.000	0.000	0.000	0.000	0.000	0.000	0.024	0.019	0.000	0.000	0.019	0.000	0.000	0.000	0.000	0.039	0.000	0.000	0.000	0.000	0.000	0.000	0.000	0.000	0.000	0.000	0.000	0.000	0.000	0.000	0.000	0.000	0.000	0.000	0.000	0.000	0.000	0.015	0.000	0.000	0.000	0.000	0.000	0.000	0.000	0.000	0.000	0.000	0.000	0.000	0.000	0.000	0.000	0.000	0.000	0.000	0.000	0.000	0.000	0.000	0.000	0.000	0.000	0.000
CNUK1114	0.168	0.135	0.135	0.012	0.111	0.011	0.111	0.011	0.015	0.052	0.002	0.038	0.019	0.015	0.024	0.019	0.001	0.023	0.001	0.005	0.001	0.001	0.000	0.005	0.000	0.000	0.000	0.000	0.000	0.000	0.000	0.005	0.000	0.005	0.000	0.000	0.000	0.000	0.000	0.000	0.000	0.000	0.000	0.000	0.000	0.000	0.000	0.000	0.000	0.000	0.000	0.000	0.000	0.000	0.000	0.000	0.000	0.000	0.000	0.000	0.000	0.000	0.000	0.000	0.000	0.000	0.000	0.000	0.000	0.000	0.000	0.000	0.072	0.000	0.000	0.000	0.000	0.000	0.000	0.000	0.000	0.000	0.000	0.000	0.000	0.000	0.000	0.000	0.000	0.000	0.000	0.000	0.000	0.000	0.000	0.000	0.000	0.000	0.000	0.000
FRUL1013	0.121	0.253	0.091	0.003	0.021	0.053	0.021	0.002	0.011	0.057	0.025	0.025	0.001	0.001	0.167	0.000	0.001	0.015	0.010	0.001	0.001	0.001	0.000	0.000	0.024	0.000	0.000	0.000	0.000	0.000	0.000	0.000	0.000	0.000	0.009	0.000	0.000	0.000	0.000	0.000	0.000	0.000	0.000	0.019	0.000	0.000	0.000	0.000	0.000	0.000	0.000	0.000	0.060	0.000	0.000	0.000	0.000	0.000	0.000	0.000	0.000	0.000	0.000	0.000	0.000	0.000	0.000	0.000	0.000	0.000	0.000	0.000	0.000	0.000	0.000	0.000	0.000	0.000	0.000	0.000	0.000	0.000	0.000	0.000	0.000	0.000	0.000	0.000	0.000	0.000	0.000	0.000	0.000	0.000	0.000	0.000	0.000	0.000	0.000	0.000
CNUK1129	0.124	0.180	0.056	0.012	0.012	0.002	0.330	0.012	0.012	0.035	0.021	0.011	0.020	0.001	0.001	0.001	0.005	0.010	0.001	0.053	0.001	0.001	0.000	0.000	0.034	0.000	0.000	0.048	0.000	0.000	0.000	0.000	0.000	0.000	0.010	0.000	0.000	0.000	0.000	0.000	0.000	0.000	0.000	0.000	0.000	0.000	0.000	0.000	0.000	0.000	0.000	0.000	0.000	0.000	0.000	0.000	0.000	0.000	0.000	0.000	0.000	0.000	0.000	0.000	0.000	0.000	0.000	0.000	0.000	0.000	0.000	0.000	0.000	0.000	0.000	0.000	0.000	0.000	0.000	0.000	0.000	0.000	0.000	0.000	0.000	0.000	0.000	0.000	0.000	0.000	0.000	0.000	0.000	0.000	0.000	0.000	0.000	0.000	0.000	0.000
CNUK1170	0.249	0.302	0.004	0.048	0.102	0.002	0.003	0.042	0.002	0.047	0.022	0.002	0.016	0.001	0.001	0.001	0.001	0.065	0.065	0.001	0.006	0.001	0.000	0.000	0.001	0.000	0.000	0.000	0.000	0.000	0.000	0.000	0.000	0.000	0.000	0.000	0.000	0.000	0.000	0.000	0.000	0.000	0.000	0.000	0.000	0.000	0.000	0.010	0.000	0.000	0.000	0.000	0.000	0.000	0.000	0.000	0.000	0.000	0.000	0.000	0.000	0.000	0.000	0.000	0.000	0.000	0.000	0.000	0.000	0.000	0.000	0.000	0.000	0.000	0.000	0.000	0.000	0.000	0.000	0.000	0.000	0.000	0.000	0.000	0.000	0.000	0.000	0.000	0.000	0.000	0.000	0.000	0.000	0.000	0.000	0.000	0.000	0.000	0.000	0.000
CNUK1125	0.192	0.027	0.095	0.003	0.089	0.011	0.034	0.057	0.116	0.088	0.093	0.002	0.015	0.001	0.001	0.000	0.001	0.078	0.001	0.001	0.001	0.014	0.000	0.014	0.001	0.000	0.000	0.000	0.000	0.000	0.000	0.005	0.000	0.000	0.000	0.000	0.000	0.000	0.000	0.000	0.000	0.000	0.000	0.000	0.000	0.018	0.000	0.000	0.000	0.000	0.000	0.000	0.000	0.000	0.000	0.000	0.000	0.000	0.000	0.000	0.000	0.000	0.000	0.005	0.000	0.000	0.000	0.014	0.000	0.000	0.000	0.000	0.000	0.000	0.000	0.000	0.009	0.000	0.009	0.000	0.000	0.000	0.000	0.000	0.000	0.000	0.000	0.000	0.000	0.000	0.000	0.000	0.000	0.000	0.000	0.000	0.000	0.000	0.000	0.000
DBAN2032	0.048	0.121	0.019	0.011	0.085	0.139	0.078	0.037	0.071	0.003	0.003	0.023	0.002	0.035	0.076	0.001	0.001	0.015	0.001	0.001	0.096	0.001	0.001	0.001	0.001	0.001	0.000	0.000	0.000	0.000	0.000	0.000	0.000	0.000	0.000	0.068	0.000	0.000	0.000	0.014	0.000	0.000	0.000	0.000	0.000	0.000	0.000	0.000	0.000	0.000	0.000	0.000	0.000	0.000	0.000	0.000	0.000	0.007	0.000	0.000	0.000	0.027	0.000	0.000	0.000	0.000	0.000	0.000	0.000	0.007	0.000	0.000	0.000	0.000	0.000	0.000	0.000	0.000	0.000	0.000	0.000	0.000	0.000	0.000	0.000	0.000	0.000	0.000	0.000	0.000	0.000	0.000	0.000	0.000	0.000	0.000	0.000	0.000	0.000	0.000
DBAN1017	0.174	0.287	0.028	0.165	0.044	0.003	0.003	0.032	0.002	0.043	0.042	0.025	0.008	0.001	0.007	0.001	0.001	0.001	0.001	0.001	0.001	0.001	0.000	0.001	0.001	0.000	0.000	0.000	0.000	0.000	0.000	0.000	0.000	0.000	0.000	0.023	0.006	0.000	0.000	0.035	0.000	0.000	0.000	0.000	0.000	0.000	0.000	0.000	0.000	0.000	0.000	0.000	0.000	0.000	0.000	0.000	0.000	0.000	0.000	0.000	0.000	0.000	0.000	0.000	0.000	0.000	0.000	0.000	0.000	0.000	0.000	0.000	0.000	0.000	0.000	0.000	0.000	0.058	0.000	0.000	0.000	0.000	0.000	0.000	0.000	0.000	0.000	0.000	0.000	0.000	0.000	0.000	0.000	0.000	0.000	0.000	0.000	0.000	0.000	0.000
TRME3030	0.298	0.191	0.220	0.017	0.008	0.002	0.060	0.022	0.012	0.060	0.002	0.011	0.011	0.001	0.001	0.001	0.001	0.001	0.001	0.001	0.001	0.001	0.000	0.000	0.005	0.000	0.000	0.000	0.024	0.000	0.000	0.000	0.000	0.000	0.000	0.000	0.000	0.000	0.000	0.000	0.000	0.000	0.000	0.000	0.000	0.000	0.000	0.000	0.000	0.000	0.038	0.000	0.005	0.000	0.000	0.000	0.000	0.000	0.000	0.000	0.000	0.000	0.000	0.000	0.000	0.000	0.000	0.000	0.000	0.000	0.000	0.000	0.000	0.000	0.000	0.000	0.000	0.000	0.000	0.000	0.000	0.000	0.000	0.000	0.000	0.000	0.000	0.000	0.000	0.000	0.000	0.000	0.000	0.000	0.000	0.000	0.000	0.000	0.000	0.000
NOHO1004	0.119	0.030	0.030	0.014	0.106	0.147	0.003	0.003	0.147	0.023	0.002	0.017	0.007	0.001	0.001	0.274	0.011	0.001	0.001	0.001	0.001	0.021	0.000	0.006	0.001	0.000	0.000	0.016	0.000	0.000	0.000	0.000	0.005	0.000	0.000	0.000	0.000	0.000	0.000	0.000	0.000	0.000	0.000	0.000	0.000	0.000	0.000	0.000	0.000	0.000	0.000	0.000	0.000	0.000	0.000	0.000	0.000	0.000	0.000	0.000	0.000	0.000	0.000	0.000	0.000	0.000	0.000	0.000	0.000	0.000	0.000	0.000	0.000	0.000	0.000	0.000	0.000	0.005	0.000	0.000	0.000	0.000	0.000	0.000	0.000	0.000	0.000	0.000	0.000	0.000	0.000	0.000	0.000	0.000	0.000	0.000	0.000	0.000	0.000	0.000
POPZ1006	0.087	0.105	0.003	0.014	0.014	0.002	0.286	0.021	0.055	0.047	0.001	0.092	0.001	0.046	0.001	0.000	0.000	0.012	0.004	0.053	0.027	0.042	0.004	0.034	0.000	0.000	0.000	0.004	0.000	0.000	0.000	0.000	0.000	0.019	0.000	0.000	0.000	0.000	0.000	0.000	0.000	0.000	0.000	0.000	0.000	0.000	0.000	0.000	0.000	0.011	0.000	0.000	0.000	0.000	0.000	0.000	0.000	0.000	0.000	0.000	0.000	0.000	0.000	0.000	0.000	0.000	0.000	0.000	0.000	0.000	0.008	0.000	0.000	0.000	0.000	0.000	0.000	0.000	0.000	0.000	0.000	0.000	0.000	0.000	0.000	0.000	0.000	0.000	0.000	0.000	0.000	0.000	0.000	0.000	0.000	0.000	0.000	0.000	0.000	0.000
TRME3029	0.100	0.049	0.126	0.143	0.003	0.002	0.139	0.002	0.034	0.002	0.006	0.124	0.101	0.001	0.001	0.000	0.001	0.001	0.005	0.005	0.001	0.001	0.000	0.037	0.001	0.000	0.000	0.000	0.018	0.000	0.000	0.005	0.000	0.009	0.000	0.000	0.000	0.000	0.000	0.000	0.000	0.000	0.000	0.000	0.000	0.000	0.000	0.000	0.000	0.000	0.000	0.000	0.000	0.000	0.000	0.000	0.000	0.000	0.000	0.000	0.000	0.000	0.000	0.000	0.000	0.000	0.000	0.000	0.000	0.000	0.000	0.000	0.000	0.000	0.000	0.000	0.000	0.000	0.000	0.000	0.000	0.000	0.000	0.000	0.000	0.000	0.000	0.000	0.077	0.000	0.000	0.000	0.000	0.000	0.000	0.000	0.000	0.000	0.000	0.000
CNUK1183	0.085	0.188	0.044	0.063	0.048	0.002	0.057	0.002	0.032	0.002	0.012	0.027	0.002	0.001	0.080	0.025	0.011	0.001	0.001	0.050	0.001	0.025	0.000	0.000	0.001	0.000	0.000	0.149	0.000	0.000	0.005	0.000	0.000	0.000	0.000	0.000	0.000	0.000	0.000	0.000	0.000	0.005	0.000	0.005	0.000	0.000	0.000	0.000	0.000	0.000	0.000	0.000	0.005	0.000	0.000	0.000	0.000	0.000	0.000	0.000	0.000	0.000	0.000	0.000	0.000	0.000	0.000	0.000	0.000	0.000	0.010	0.000	0.000	0.000	0.000	0.000	0.000	0.000	0.000	0.000	0.000	0.000	0.000	0.000	0.000	0.000	0.000	0.000	0.000	0.000	0.000	0.000	0.000	0.000	0.000	0.000	0.000	0.055	0.000	0.000
RUMO5046	0.007	0.135	0.069	0.005	0.035	0.012	0.081	0.085	0.021	0.008	0.014	0.008	0.034	0.070	0.001	0.000	0.000	0.034	0.010	0.000	0.000	0.093	0.000	0.004	0.000	0.000	0.000	0.000	0.000	0.000	0.000	0.000	0.017	0.000	0.023	0.000	0.000	0.000	0.000	0.000	0.000	0.000	0.000	0.000	0.000	0.000	0.000	0.000	0.000	0.000	0.000	0.000	0.000	0.000	0.000	0.010	0.000	0.000	0.000	0.000	0.182	0.000	0.000	0.000	0.000	0.000	0.000	0.000	0.000	0.000	0.000	0.000	0.000	0.000	0.000	0.000	0.030	0.000	0.000	0.000	0.000	0.000	0.000	0.000	0.000	0.000	0.000	0.000	0.000	0.000	0.000	0.000	0.000	0.000	0.003	0.000	0.000	0.000	0.000	0.000
TRCU1125	0.011	0.097	0.144	0.029	0.024	0.003	0.003	0.106	0.007	0.095	0.002	0.054	0.027	0.001	0.032	0.001	0.001	0.001	0.089	0.001	0.001	0.006	0.000	0.042	0.001	0.068	0.000	0.021	0.000	0.000	0.000	0.000	0.000	0.000	0.026	0.000	0.000	0.000	0.000	0.052	0.000	0.000	0.000	0.000	0.000	0.000	0.000	0.000	0.000	0.052	0.000	0.000	0.000	0.000	0.000	0.000	0.000	0.000	0.000	0.000	0.000	0.000	0.000	0.000	0.000	0.000	0.000	0.000	0.000	0.000	0.000	0.000	0.000	0.000	0.000	0.000	0.000	0.000	0.000	0.000	0.000	0.000	0.000	0.000	0.000	0.000	0.000	0.000	0.000	0.000	0.000	0.000	0.000	0.000	0.000	0.000	0.000	0.000	0.000	0.000
CZPR2016	0.224	0.015	0.050	0.057	0.026	0.045	0.030	0.018	0.049	0.009	0.001	0.001	0.001	0.021	0.001	0.000	0.008	0.001	0.001	0.001	0.004	0.016	0.000	0.000	0.000	0.067	0.000	0.000	0.028	0.000	0.000	0.000	0.000	0.000	0.000	0.000	0.000	0.000	0.000	0.000	0.000	0.000	0.000	0.000	0.000	0.000	0.000	0.000	0.000	0.000	0.000	0.000	0.000	0.000	0.000	0.000	0.000	0.000	0.000	0.000	0.000	0.000	0.306	0.000	0.000	0.000	0.000	0.000	0.000	0.008	0.000	0.000	0.000	0.000	0.000	0.000	0.000	0.000	0.000	0.000	0.000	0.000	0.000	0.000	0.000	0.000	0.000	0.000	0.000	0.000	0.000	0.000	0.000	0.000	0.000	0.000	0.000	0.004	0.000	0.000
TSNO1479	0.017	0.443	0.037	0.014	0.058	0.019	0.020	0.014	0.008	0.008	0.002	0.002	0.046	0.007	0.001	0.001	0.017	0.001	0.001	0.001	0.001	0.001	0.000	0.001	0.001	0.000	0.000	0.000	0.000	0.000	0.066	0.000	0.000	0.000	0.006	0.000	0.000	0.000	0.000	0.000	0.000	0.000	0.000	0.000	0.000	0.000	0.000	0.000	0.000	0.000	0.000	0.000	0.000	0.000	0.000	0.000	0.000	0.000	0.088	0.000	0.000	0.000	0.000	0.000	0.000	0.000	0.000	0.000	0.000	0.000	0.115	0.000	0.000	0.000	0.000	0.000	0.000	0.000	0.000	0.000	0.000	0.000	0.000	0.000	0.000	0.000	0.000	0.000	0.000	0.000	0.000	0.000	0.000	0.000	0.000	0.000	0.000	0.000	0.000	0.000
NOHO1002	0.145	0.027	0.071	0.020	0.009	0.246	0.025	0.003	0.058	0.047	0.002	0.091	0.002	0.001	0.001	0.222	0.001	0.001	0.001	0.001	0.001	0.001	0.000	0.001	0.001	0.000	0.000	0.000	0.006	0.000	0.000	0.000	0.000	0.011	0.000	0.000	0.000	0.000	0.000	0.000	0.000	0.000	0.000	0.000	0.000	0.000	0.000	0.000	0.000	0.000	0.000	0.000	0.000	0.000	0.000	0.000	0.000	0.000	0.000	0.000	0.000	0.000	0.000	0.000	0.000	0.000	0.000	0.000	0.000	0.000	0.000	0.000	0.000	0.000	0.000	0.000	0.000	0.000	0.000	0.000	0.000	0.000	0.000	0.000	0.000	0.000	0.000	0.000	0.000	0.000	0.000	0.000	0.000	0.000	0.000	0.000	0.000	0.000	0.000	0.000
TSNO1457	0.007	0.085	0.005	0.004	0.195	0.076	0.037	0.069	0.003	0.088	0.075	0.035	0.035	0.002	0.001	0.001	0.073	0.001	0.001	0.008	0.040	0.001	0.001	0.001	0.060	0.001	0.000	0.000	0.000	0.000	0.000	0.033	0.000	0.000	0.000	0.000	0.000	0.000	0.000	0.000	0.000	0.000	0.000	0.000	0.040	0.000	0.000	0.000	0.000	0.000	0.000	0.000	0.000	0.000	0.000	0.000	0.000	0.000	0.000	0.000	0.000	0.000	0.000	0.000	0.000	0.000	0.000	0.000	0.013	0.000	0.000	0.000	0.000	0.000	0.000	0.000	0.000	0.000	0.000	0.000	0.000	0.000	0.000	0.000	0.000	0.000	0.000	0.000	0.000	0.000	0.000	0.000	0.000	0.000	0.000	0.000	0.000	0.000	0.000	0.000
TRCU1064	0.059	0.046	0.150	0.200	0.002	0.002	0.011	0.036	0.010	0.006	0.002	0.010	0.274	0.001	0.018	0.000	0.001	0.001	0.051	0.001	0.013	0.030	0.000	0.000	0.005	0.021	0.000	0.000	0.004	0.000	0.000	0.000	0.000	0.000	0.000	0.000	0.000	0.000	0.000	0.000	0.000	0.000	0.017	0.000	0.000	0.000	0.000	0.000	0.000	0.000	0.000	0.000	0.000	0.000	0.000	0.000	0.000	0.000	0.000	0.000	0.000	0.000	0.000	0.000	0.000	0.000	0.000	0.000	0.000	0.000	0.000	0.021	0.000	0.000	0.000	0.004	0.000	0.000	0.000	0.000	0.000	0.000	0.000	0.000	0.000	0.000	0.000	0.000	0.000	0.000	0.000	0.000	0.000	0.000	0.000	0.000	0.000	0.000	0.000	0.000
CNUK4023	0.254	0.007	0.028	0.009	0.049	0.001	0.035	0.004	0.103	0.053	0.045	0.058	0.014	0.011	0.150	0.000	0.016	0.034	0.006	0.003	0.000	0.003	0.000	0.000	0.000	0.000	0.000	0.000	0.000	0.000	0.000	0.000	0.000	0.000	0.000	0.000	0.000	0.000	0.000	0.000	0.000	0.000	0.000	0.008	0.073	0.024	0.000	0.000	0.000	0.000	0.000	0.000	0.000	0.000	0.000	0.000	0.000	0.000	0.000	0.000	0.000	0.000	0.000	0.000	0.000	0.000	0.000	0.000	0.000	0.000	0.000	0.000	0.000	0.000	0.000	0.000	0.005	0.000	0.000	0.000	0.000	0.000	0.000	0.000	0.000	0.000	0.000	0.000	0.000	0.000	0.000	0.000	0.000	0.000	0.000	0.000	0.000	0.000	0.000	0.000
NOHO1003	0.127	0.060	0.115	0.064	0.003	0.098	0.038	0.023	0.128	0.017	0.032	0.002	0.002	0.001	0.001	0.237	0.001	0.006	0.006	0.001	0.001	0.001	0.000	0.000	0.001	0.031	0.000	0.000	0.000	0.000	0.000	0.000	0.000	0.000	0.000	0.000	0.000	0.000	0.000	0.000	0.000	0.000	0.000	0.000	0.000	0.000	0.000	0.000	0.000	0.000	0.000	0.000	0.000	0.000	0.000	0.000	0.000	0.000	0.000	0.000	0.000	0.000	0.000	0.000	0.000	0.000	0.000	0.000	0.000	0.000	0.000	0.000	0.000	0.000	0.000	0.000	0.000	0.000	0.000	0.000	0.000	0.000	0.000	0.000	0.000	0.000	0.000	0.000	0.000	0.000	0.000	0.000	0.000	0.000	0.000	0.000	0.000	0.000	0.000	0.000
TRCU1070	0.042	0.125	0.041	0.086	0.002	0.010	0.165	0.161	0.002	0.002	0.010	0.077	0.035	0.001	0.022	0.000	0.001	0.001	0.013	0.001	0.001	0.001	0.000	0.000	0.000	0.000	0.000	0.000	0.000	0.021	0.000	0.000	0.000	0.000	0.000	0.000	0.000	0.000	0.000	0.000	0.000	0.000	0.000	0.000	0.000	0.000	0.000	0.000	0.000	0.000	0.000	0.000	0.000	0.000	0.000	0.000	0.000	0.000	0.000	0.000	0.000	0.000	0.000	0.000	0.000	0.000	0.000	0.000	0.000	0.000	0.000	0.000	0.000	0.000	0.000	0.000	0.000	0.000	0.000	0.000	0.000	0.000	0.000	0.000	0.000	0.000	0.000	0.175	0.000	0.000	0.000	0.000	0.000	0.000	0.000	0.000	0.000	0.000	0.000	0.000
RUMO5040	0.142	0.032	0.035	0.018	0.025	0.005	0.068	0.057	0.005	0.018	0.106	0.021	0.017	0.093	0.007	0.007	0.000	0.001	0.000	0.000	0.020	0.092	0.023	0.043	0.007	0.000	0.000	0.000	0.000	0.000	0.000	0.000	0.007	0.000	0.000	0.000	0.000	0.000	0.000	0.000	0.000	0.000	0.000	0.000	0.000	0.000	0.000	0.000	0.000	0.000	0.000	0.000	0.000	0.000	0.000	0.000	0.000	0.000	0.000	0.000	0.003	0.000	0.000	0.000	0.000	0.000	0.141	0.000	0.000	0.000	0.000	0.000	0.000	0.000	0.000	0.000	0.000	0.000	0.000	0.000	0.000	0.000	0.000	0.000	0.000	0.000	0.000	0.000	0.000	0.000	0.000	0.000	0.000	0.000	0.000	0.000	0.000	0.000	0.000	0.000
TSNO1490	0.167	0.117	0.026	0.101	0.004	0.003	0.004	0.128	0.003	0.003	0.003	0.002	0.044	0.002	0.002	0.001	0.146	0.001	0.001	0.001	0.001	0.001	0.001	0.001	0.001	0.001	0.000	0.000	0.000	0.000	0.035	0.000	0.000	0.000	0.000	0.000	0.000	0.000	0.000	0.000	0.000	0.000	0.000	0.000	0.000	0.000	0.000	0.000	0.000	0.000	0.000	0.000	0.000	0.000	0.000	0.000	0.000	0.000	0.000	0.000	0.000	0.000	0.000	0.000	0.000	0.000	0.000	0.000	0.000	0.000	0.000	0.000	0.000	0.000	0.000	0.000	0.000	0.000	0.000	0.000	0.000	0.000	0.000	0.000	0.194	0.000	0.000	0.000	0.000	0.000	0.000	0.000	0.000	0.000	0.000	0.000	0.000	0.000	0.000	0.000
NOUO1074	0.155	0.051	0.045	0.034	0.018	0.023	0.003	0.002	0.305	0.002	0.125	0.002	0.012	0.017	0.001	0.021	0.001	0.001	0.006	0.001	0.001	0.057	0.036	0.011	0.001	0.000	0.000	0.000	0.000	0.000	0.000	0.000	0.000	0.000	0.000	0.000	0.000	0.000	0.000	0.000	0.000	0.000	0.000	0.000	0.000	0.000	0.000	0.000	0.062	0.000	0.000	0.000	0.000	0.000	0.000	0.000	0.000	0.000	0.000	0.000	0.000	0.000	0.000	0.000	0.000	0.000	0.000	0.000	0.000	0.000	0.000	0.000	0.000	0.000	0.000	0.000	0.000	0.000	0.000	0.000	0.000	0.000	0.000	0.000	0.000	0.000	0.000	0.000	0.000	0.000	0.000	0.000	0.000	0.000	0.000	0.000	0.000	0.000	0.000	0.000
TSNO1486	0.044	0.033	0.042	0.017	0.136	0.002	0.027	0.012	0.031	0.007	0.054	0.002	0.021	0.020	0.001	0.001	0.077	0.010	0.001	0.001	0.077	0.001	0.000	0.000	0.001	0.000	0.124	0.000	0.000	0.000	0.057	0.000	0.000	0.000	0.000	0.000	0.000	0.000	0.000	0.000	0.000	0.000	0.000	0.000	0.000	0.000	0.000	0.000	0.181	0.000	0.000	0.000	0.000	0.000	0.000	0.000	0.000	0.000	0.000	0.000	0.000	0.000	0.000	0.000	0.000	0.000	0.000	0.000	0.000	0.000	0.000	0.000	0.014	0.000	0.000	0.000	0.000	0.000	0.000	0.000	0.000	0.000	0.000	0.000	0.000	0.000	0.000	0.000	0.000	0.000	0.000	0.000	0.000	0.000	0.000	0.000	0.000	0.000	0.000	0.000
FRUL2002	0.151	0.088	0.194	0.070	0.009	0.036	0.031	0.008	0.080	0.064	0.063	0.002	0.002	0.024	0.001	0.001	0.001	0.001	0.006	0.012	0.045	0.001	0.034	0.001	0.006	0.000	0.000	0.000	0.000	0.000	0.000	0.000	0.000	0.000	0.000	0.000	0.000	0.000	0.000	0.000	0.000	0.000	0.000	0.000	0.000	0.000	0.000	0.000	0.000	0.000	0.000	0.000	0.000	0.000	0.000	0.000	0.000	0.000	0.000	0.000	0.000	0.000	0.000	0.000	0.000	0.000	0.000	0.000	0.000	0.000	0.000	0.000	0.000	0.000	0.000	0.011	0.000	0.050	0.000	0.000	0.000	0.000	0.000	0.000	0.000	0.000	0.000	0.000	0.000	0.000	0.000	0.000	0.000	0.000	0.000	0.000	0.000	0.000	0.000	0.000
TRME3015	0.078	0.041	0.083	0.313	0.020	0.061	0.008	0.001	0.010	0.040	0.022	0.001	0.034	0.013	0.001	0.000	0.000	0.001	0.072	0.000	0.000	0.000	0.000	0.000	0.000	0.000	0.000	0.000	0.153	0.000	0.000	0.000	0.000	0.000	0.000	0.000	0.012	0.000	0.015	0.000	0.000	0.000	0.000	0.000	0.000	0.000	0.000	0.000	0.000	0.000	0.000	0.003	0.000	0.000	0.000	0.000	0.000	0.000	0.000	0.000	0.000	0.000	0.000	0.000	0.000	0.000	0.000	0.003	0.000	0.000	0.000	0.000	0.000	0.000	0.000	0.000	0.000	0.000	0.000	0.000	0.000	0.000	0.000	0.000	0.000	0.000	0.000	0.000	0.000	0.000	0.000	0.000	0.000	0.000	0.000	0.000	0.000	0.009	0.000	0.000
FRUC3092	0.153	0.021	0.038	0.103	0.024	0.024	0.011	0.033	0.093	0.106	0.045	0.015	0.001	0.001	0.036	0.000	0.001	0.053	0.005	0.001	0.062	0.001	0.000	0.000	0.048	0.000	0.000	0.000	0.000	0.000	0.000	0.000	0.000	0.000	0.000	0.000	0.000	0.000	0.000	0.000	0.000	0.000	0.000	0.000	0.000	0.000	0.000	0.000	0.000	0.000	0.000	0.000	0.000	0.000	0.000	0.000	0.000	0.000	0.000	0.000	0.000	0.000	0.000	0.000	0.000	0.000	0.000	0.109	0.000	0.000	0.000	0.000	0.000	0.009	0.000	0.000	0.000	0.000	0.000	0.000	0.000	0.000	0.000	0.000	0.000	0.000	0.000	0.000	0.000	0.000	0.000	0.000	0.000	0.000	0.000	0.000	0.000	0.000	0.000	0.000
TRCU1058	0.096	0.019	0.062	0.108	0.012	0.183	0.068	0.002	0.011	0.031	0.005	0.011	0.077	0.004	0.001	0.000	0.000	0.001	0.034	0.014	0.027	0.000	0.000	0.000	0.007	0.000	0.000	0.000	0.000	0.000	0.000	0.000	0.000	0.000	0.033	0.000	0.000	0.000	0.000	0.003	0.000	0.000	0.000	0.000	0.000	0.000	0.000	0.000	0.000	0.000	0.000	0.000	0.000	0.000	0.000	0.000	0.000	0.000	0.000	0.000	0.000	0.000	0.000	0.000	0.000	0.000	0.000	0.000	0.000	0.000	0.000	0.000	0.000	0.185	0.000	0.000	0.000	0.000	0.000	0.000	0.000	0.000	0.000	0.000	0.000	0.000	0.000	0.000	0.000	0.000	0.000	0.000	0.000	0.000	0.000	0.000	0.000	0.000	0.000	0.000
TSNO1482	0.027	0.045	0.044	0.037	0.277	0.003	0.088	0.133	0.009	0.003	0.009	0.015	0.080	0.002	0.001	0.014	0.066	0.001	0.001	0.001	0.001	0.001	0.001	0.001	0.001	0.007	0.000	0.000	0.000	0.000	0.000	0.013	0.000	0.000	0.007	0.000	0.000	0.000	0.000	0.000	0.000	0.000	0.000	0.013	0.000	0.000	0.000	0.000	0.026	0.000	0.000	0.000	0.000	0.000	0.000	0.000	0.000	0.000	0.000	0.065	0.000	0.000	0.000	0.000	0.000	0.000	0.000	0.000	0.000	0.000	0.000	0.000	0.000	0.000	0.000	0.000	0.000	0.000	0.000	0.000	0.000	0.000	0.000	0.000	0.000	0.000	0.000	0.000	0.000	0.000	0.000	0.000	0.000	0.000	0.000	0.000	0.000	0.000	0.000	0.000
TRME3013	0.085	0.299	0.036	0.033	0.027	0.016	0.010	0.142	0.001	0.001	0.001	0.001	0.026	0.006	0.001	0.000	0.003	0.003	0.000	0.012	0.009	0.009	0.000	0.000	0.000	0.000	0.000	0.000	0.268	0.000	0.000	0.000	0.000	0.000	0.003	0.000	0.000	0.000	0.000	0.000	0.000	0.000	0.000	0.000	0.000	0.000	0.000	0.000	0.000	0.000	0.000	0.000	0.000	0.000	0.000	0.000	0.000	0.000	0.000	0.000	0.000	0.000	0.000	0.000	0.000	0.000	0.000	0.000	0.000	0.000	0.000	0.000	0.000	0.000	0.000	0.000	0.000	0.000	0.000	0.000	0.000	0.000	0.000	0.000	0.000	0.000	0.000	0.000	0.000	0.000	0.000	0.000	0.000	0.000	0.000	0.000	0.003	0.000	0.000	0.000
CNUK1015	0.186	0.061	0.052	0.051	0.011	0.002	0.104	0.029	0.059	0.108	0.152	0.006	0.019	0.019	0.014	0.000	0.027	0.058	0.001	0.001	0.001	0.001	0.000	0.000	0.000	0.000	0.005	0.005	0.000	0.000	0.018	0.000	0.000	0.000	0.000	0.000	0.000	0.000	0.000	0.000	0.000	0.000	0.000	0.000	0.000	0.000	0.000	0.000	0.000	0.000	0.000	0.000	0.000	0.000	0.000	0.000	0.000	0.000	0.000	0.000	0.000	0.000	0.000	0.000	0.000	0.000	0.000	0.000	0.000	0.004	0.000	0.000	0.000	0.000	0.000	0.000	0.000	0.000	0.000	0.000	0.000	0.000	0.000	0.000	0.000	0.000	0.000	0.000	0.000	0.000	0.000	0.000	0.000	0.000	0.000	0.000	0.000	0.000	0.000	0.000
TRCU1065	0.037	0.009	0.183	0.081	0.026	0.002	0.016	0.002	0.011	0.094	0.011	0.098	0.199	0.006	0.079	0.005	0.005	0.001	0.037	0.001	0.001	0.001	0.000	0.000	0.001	0.000	0.000	0.000	0.000	0.005	0.000	0.065	0.000	0.000	0.000	0.000	0.000	0.000	0.000	0.000	0.000	0.000	0.000	0.000	0.000	0.000	0.000	0.000	0.000	0.000	0.000	0.000	0.000	0.000	0.000	0.000	0.000	0.000	0.000	0.018	0.000	0.000	0.000	0.000	0.000	0.000	0.000	0.000	0.000	0.000	0.000	0.000	0.000	0.000	0.000	0.000	0.000	0.000	0.000	0.000	0.000	0.000	0.000	0.000	0.000	0.000	0.000	0.000	0.000	0.000	0.000	0.000	0.000	0.000	0.000	0.000	0.000	0.000	0.000	0.000
TRME3026	0.153	0.038	0.521	0.002	0.006	0.025	0.033	0.025	0.002	0.002	0.017	0.051	0.024	0.005	0.001	0.000	0.000	0.012	0.001	0.001	0.016	0.001	0.000	0.000	0.000	0.012	0.000	0.000	0.004	0.000	0.000	0.000	0.000	0.000	0.000	0.000	0.008	0.023	0.000	0.000	0.000	0.000	0.000	0.000	0.004	0.000	0.000	0.000	0.000	0.000	0.000	0.000	0.000	0.000	0.000	0.000	0.004	0.000	0.000	0.000	0.000	0.000	0.000	0.000	0.000	0.000	0.000	0.000	0.000	0.000	0.000	0.000	0.000	0.000	0.000	0.000	0.004	0.000	0.000	0.000	0.000	0.000	0.000	0.000	0.000	0.000	0.000	0.000	0.000	0.000	0.000	0.000	0.000	0.000	0.000	0.000	0.000	0.004	0.000	0.000
SPM04001	0.214	0.205	0.098	0.117	0.002	0.002	0.033	0.006	0.097	0.002	0.001	0.039	0.001	0.001	0.001	0.016	0.000	0.001	0.001	0.069	0.008	0.001	0.000	0.000	0.069	0.000	0.000	0.000	0.000	0.000	0.000	0.000	0.000	0.000	0.000	0.000	0.000	0.000	0.000	0.000	0.000	0.000	0.000	0.000	0.000	0.000	0.000	0.000	0.000	0.000	0.000	0.000	0.000	0.000	0.000	0.000	0.000	0.000	0.000	0.000	0.000	0.000	0.000	0.000	0.000	0.000	0.000	0.000	0.004	0.000	0.000	0.000	0.000	0.000	0.008	0.000	0.000	0.000	0.000	0.000	0.000	0.000	0.000	0.000	0.000	0.000	0.000	0.000	0.000	0.000	0.000	0.000	0.000	0.000	0.000	0.000	0.000	0.000	0.000	0.000
TSNO1461	0.027	0.157	0.078	0.011	0.268	0.043	0.004	0.003	0.003	0.003	0.002	0.002	0.009	0.008	0.015	0.001	0.034	0.001	0.001	0.001	0.001	0.001	0.001	0.001	0.001	0.001	0.013	0.033	0.000	0.000	0.046	0.000	0.000	0.000	0.000	0.000	0.000	0.000	0.000	0.000	0.000	0.013	0.000	0.000	0.000	0.000	0.000	0.000	0.000	0.000	0.007	0.000	0.000	0.000	0.000	0.205	0.000	0.000	0.000	0.000	0.000	0.000	0.000	0.000	0.000	0.000	0.000	0.000	0.000	0.000	0.000	0.000	0.000	0.000	0.000	0.000	0.000	0.000	0.000	0.000	0.000	0.000	0.000	0.000	0.000	0.000	0.000	0.000	0.000	0.000	0.000	0.000	0.000	0.000	0.000	0.000	0.000	0.000	0.000	0.000
ITVE3003	0.216	0.107	0.071	0.012	0.016	0.020	0.003	0.025	0.002	0.146	0.002	0.069	0.001	0.091	0.010	0.009	0.001	0.023	0.001	0.001	0.001	0.001	0.014	0.005	0.095	0.036	0.000	0.000	0.000	0.000	0.000	0.000	0.000	0.000	0.000	0.000	0.000	0.018	0.000	0.000	0.000	0.000	0.000	0.000	0.000	0.000	0.000	0.000	0.000	0.000	0.000	0.000	0.000	0.000	0.000	0.000	0.000	0.000	0.000	0.000	0.000	0.000	0.000	0.000	0.000	0.000	0.000	0.000	0.000	0.000	0.000	0.000	0.000	0.000	0.000	0.000	0.000	0.000	0.000	0.000	0.000	0.000	0.000	0.000	0.000	0.000	0.000	0.000	0.000	0.000	0.000	0.000	0.000	0.000	0.000	0.000	0.000	0.000	0.000	0.000
TRME3003	0.070	0.003	0.194	0.127	0.002	0.090	0.031	0.057	0.038	0.016	0.001	0.078	0.012	0.045	0.008	0.004	0.000	0.001	0.151	0.001	0.001	0.000	0.000	0.000	0.000	0.000	0.000	0.000	0.000	0.000	0.000	0.000	0.000	0.000	0.004	0.000	0.004	0.000	0.000	0.000	0.000	0.000	0.000	0.000	0.000	0.000	0.000	0.000	0.000	0.000	0.011	0.000	0.000	0.000	0.000	0.000	0.000	0.000	0.000	0.000	0.000	0.000	0.000	0.000	0.044	0.000	0.000	0.000	0.000	0.000	0.000	0.000	0.000	0.000	0.000	0.000	0.000	0.000	0.000	0.000	0.000	0.000	0.000	0.000	0.000	0.000	0.000	0.000	0.000	0.000	0.000	0.000	0.000	0.000	0.000	0.000	0.000	0.000	0.000	0.000
TRCU1059	0.073	0.043	0.095	0.085	0.089	0.027	0.008	0.104	0.002	0.002	0.002	0.166	0.146	0.001	0.025	0.001	0.001	0.015	0.001	0.001	0.001	0.030	0.000	0.000	0.005	0.000	0.000	0.000	0.000	0.000	0.000	0.000	0.000	0.000	0.000	0.000	0.000	0.000	0.000	0.000	0.000	0.000	0.000	0.000	0.000	0.000	0.000	0.000	0.000	0.000	0.000	0.000	0.000	0.000	0.000	0.000	0.000	0.000	0.000	0.000	0.000	0.000	0.000	0.000	0.000	0.000	0.000	0.000	0.000	0.000	0.000	0.000	0.000	0.000	0.000	0.000	0.000	0.000	0.000	0.000	0.000	0.072	0.000	0.000	0.000	0.000	0.000	0.000	0.000	0.000	0.000	0.000	0.000	0.000	0.000	0.000	0.000	0.000	0.000	0.000
ITTO5003	0.108	0.177	0.008	0.012	0.003	0.030	0.021	0.002	0.030	0.002	0.002	0.002	0.001	0.254	0.001	0.001	0.001	0.066	0.001	0.001	0.015	0.001	0.043	0.000	0.005	0.000	0.000	0.000	0.000	0.033	0.000	0.005	0.000	0.000	0.000	0.000	0.019	0.000	0.000	0.005	0.000	0.005	0.000	0.000	0.000	0.000	0.000	0.000	0.000	0.000	0.000	0.136	0.000	0.000	0.000	0.000	0.000	0.000	0.000	0.000	0.000	0.000	0.000	0.000	0.000	0.000	0.000	0.000	0.000	0.000	0.000	0.000	0.000	0.000	0.000	0.000	0.000	0.000	0.000	0.000	0.000	0.000	0.000	0.000	0.000	0.000	0.000	0.000	0.000	0.005	0.000	0.000	0.000	0.000	0.000	0.000	0.000	0.000	0.000	0.000
TRME3002	0.133	0.031	0.227	0.126	0.021	0.016	0.025	0.116	0.002	0.002	0.024	0.029	0.061	0.006	0.001	0.000	0.001	0.001	0.001	0.001	0.001	0.010	0.000	0.000	0.001	0.000	0.000	0.000	0.028	0.000	0.000	0.000	0.000	0.000	0.000	0.000	0.000	0.000	0.123	0.000	0.000	0.000	0.000	0.000	0.000	0.000	0.000	0.000	0.000	0.000	0.000	0.000	0.000	0.000	0.000	0.000	0.000	0.000	0.000	0.000	0.000	0.000	0.000	0.000	0.000	0.000	0.000	0.000	0.000	0.000	0.000	0.000	0.000	0.000	0.000	0.000	0.000	0.000	0.000	0.000	0.000	0.000	0.000	0.000	0.000	0.000	0.000	0.000	0.000	0.000	0.000	0.000	0.000	0.000	0.000	0.000	0.009	0.000	0.000	0.000
TRCU1072	0.062	0.141	0.242	0.095	0.025	0.042	0.002	0.068	0.006	0.011	0.006	0.032	0.076	0.001	0.001	0.000	0.001	0.001	0.058	0.001	0.001	0.001	0.009	0.000	0.000	0.000	0.000	0.000	0.071	0.000	0.000	0.000	0.000	0.000	0.000	0.009	0.000	0.000	0.018	0.000	0.000	0.009	0.000	0.000	0.000	0.000	0.000	0.000	0.000	0.000	0.000	0.000	0.000	0.000	0.000	0.000	0.000	0.000	0.000	0.000	0.000	0.000	0.000	0.000	0.000	0.000	0.000	0.000	0.000	0.000	0.000	0.000	0.000	0.000	0.000	0.000	0.000	0.000	0.000	0.000	0.000	0.000	0.000	0.000	0.000	0.000	0.000	0.000	0.000	0.000	0.000	0.000	0.000	0.004	0.000	0.000	0.000	0.000	0.000	0.000
FRUL2021	0.019	0.046	0.027	0.017	0.059	0.059	0.115	0.110	0.007	0.002	0.035	0.020	0.011	0.071	0.118	0.001	0.047	0.029	0.001	0.043	0.001	0.001	0.000	0.000	0.015	0.019	0.000	0.019	0.000	0.000	0.000	0.000	0.000	0.000	0.010	0.000	0.000	0.000	0.000	0.000	0.000	0.000	0.033	0.056	0.000	0.000	0.000	0.000	0.000	0.000	0.000	0.000	0.000	0.000	0.000	0.000	0.005	0.000	0.000	0.000	0.000	0.000	0.000	0.000	0.000	0.000	0.000	0.000	0.000	0.000	0.000	0.000	0.000	0.000	0.000	0.000	0.000	0.000	0.000	0.000	0.000	0.000	0.000	0.000	0.000	0.000	0.000	0.000	0.000	0.000	0.000	0.000	0.000	0.000	0.000	0.000	0.000	0.000	0.000	0.000
TRME3020	0.199	0.028	0.028	0.032	0.085	0.075	0.061	0.031	0.031	0.041	0.007	0.060	0.031	0.001	0.006	0.001	0.001	0.001	0.093	0.001	0.001	0.001	0.000	0.000	0.001	0.034	0.000	0.000	0.092	0.000	0.000	0.020	0.000	0.000	0.000	0.000	0.015	0.000	0.000	0.000	0.000	0.000	0.000	0.000	0.000	0.000	0.005	0.000	0.000	0.000	0.000	0.000	0.000	0.000	0.000	0.000	0.000	0.000	0.000	0.000	0.000	0.000	0.000	0.015	0.000	0.000	0.000	0.000	0.000	0.000	0.000	0.000	0.000	0.000	0.000	0.000	0.000	0.000	0.000	0.000	0.000	0.000	0.000	0.000	0.000	0.000	0.000	0.000	0.000	0.000	0.000	0.000	0.000	0.000	0.000	0.000	0.000	0.000	0.000	0.000
TRCU1062	0.039	0.009	0.104	0.272	0.002	0.002	0.008	0.049	0.005	0.027	0.049	0.077	0.004	0.023	0.004	0.000	0.023	0.001	0.000	0.000	0.004	0.016	0.003	0.000	0.010	0.023	0.000	0.000	0.007	0.000	0.000	0.032	0.000	0.000	0.000	0.000	0.000	0.000	0.000	0.000	0.000	0.032	0.159	0.000	0.000	0.000	0.000	0.000	0.000	0.000	0.003	0.000	0.000	0.000	0.000	0.000	0.000	0.000	0.000	0.000	0.000	0.000	0.000	0.000	0.000	0.000	0.000	0.000	0.000	0.000	0.000	0.000	0.000	0.000	0.000	0.000	0.000	0.000	0.003	0.006	0.000	0.000	0.000	0.000	0.000	0.000	0.000	0.000	0.000	0.000	0.000	0.000	0.000	0.000	0.000	0.000	0.000	0.000	0.000	0.000
TRME3028	0.040	0.027	0.116	0.037	0.064	0.187	0.025	0.064	0.002	0.025	0.002	0.008	0.052	0.096	0.001	0.012	0.006	0.001	0.168	0.001	0.001	0.006	0.000	0.006	0.001	0.000	0.000	0.000	0.028	0.000	0.000	0.000	0.000	0.000	0.006	0.000	0.000	0.000	0.000	0.000	0.000	0.000	0.000	0.000	0.000	0.000	0.000	0.011	0.000	0.000	0.000	0.000	0.000	0.000	0.000	0.000	0.000	0.000	0.000	0.000	0.000	0.000	0.000	0.000	0.000	0.000	0.000	0.000	0.000	0.000	0.000	0.000	0.000	0.000	0.000	0.000	0.000	0.000	0.000	0.000	0.000	0.000	0.000	0.000	0.000	0.000	0.000	0.000	0.000	0.000	0.000	0.000	0.000	0.000	0.000	0.000	0.000	0.000	0.000	0.000
CNUK1171	0.090	0.223	0.206	0.267	0.020	0.020	0.009	0.003	0.014	0.025	0.024	0.019	0.002	0.001	0.001	0.001	0.001	0.001	0.001	0.001	0.001	0.001	0.000	0.001	0.001	0.006	0.000	0.045	0.000	0.000	0.000	0.000	0.000	0.000	0.000	0.000	0.000	0.000	0.000	0.000	0.000	0.000	0.000	0.011	0.000	0.000	0.000	0.000	0.000	0.000	0.000	0.000	0.000	0.000	0.000	0.000	0.000	0.000	0.000	0.000	0.000	0.000	0.000	0.000	0.000	0.000	0.000	0.000	0.000	0.000	0.000	0.000	0.000	0.000	0.000	0.000	0.000	0.000	0.000	0.000	0.000	0.000	0.000	0.000	0.000	0.000	0.000	0.000	0.000	0.000	0.000	0.000	0.000	0.000	0.000	0.000	0.000	0.000	0.000	0.000
CNUK1028	0.058	0.032	0.073	0.003	0.002	0.006	0.039	0.248	0.002	0.047	0.084	0.059	0.026	0.009	0.063	0.000	0.005	0.001	0.001	0.042	0.001	0.001	0.000	0.000	0.025	0.000	0.000	0.091	0.000	0.000	0.000	0.000	0.000	0.000	0.000	0.000	0.000	0.000	0.000	0.000	0.000	0.000	0.000	0.000	0.000	0.000	0.000	0.000	0.000	0.000	0.000	0.000	0.000	0.000	0.000	0.000	0.000	0.008	0.000	0.000	0.000	0.000	0.000	0.000	0.000	0.000	0.000	0.000	0.000	0.000	0.000	0.000	0.070	0.000	0.000	0.000	0.000	0.000	0.000	0.000	0.000	0.000	0.000	0.000	0.000	0.000	0.000	0.000	0.000	0.000	0.000	0.000	0.000	0.000	0.000	0.000	0.000	0.000	0.000	0.000
TRCU1068	0.059	0.035	0.179	0.206	0.010	0.010	0.139	0.002	0.006	0.021	0.001	0.060	0.048	0.001	0.001	0.004	0.000	0.001	0.001	0.001	0.001	0.001	0.000	0.000	0.000	0.000	0.153	0.000	0.000	0.000	0.000	0.051	0.000	0.004	0.000	0.000	0.000	0.000	0.000	0.000	0.000	0.000	0.000	0.000	0.000	0.000	0.000	0.000	0.000	0.000	0.000	0.000	0.000	0.000	0.000	0.000	0.000	0.000	0.000	0.000	0.000	0.000	0.000	0.000	0.000	0.000	0.000	0.000	0.000	0.000	0.000	0.000	0.000	0.000	0.000	0.000	0.000	0.000	0.000	0.000	0.000	0.000	0.000	0.000	0.000	0.000	0.000	0.000	0.000	0.000	0.000	0.000	0.000	0.000	0.000	0.000	0.000	0.000	0.000	0.000
RUMO2009	0.136	0.017	0.227	0.015	0.003	0.044	0.015	0.085	0.032	0.108	0.026	0.014	0.031	0.013	0.001	0.001	0.001	0.001	0.001	0.007	0.001	0.001	0.006	0.018	0.001	0.000	0.006	0.000	0.000	0.059	0.000	0.000	0.012	0.000	0.000	0.100	0.000	0.000	0.000	0.000	0.000	0.000	0.000	0.000	0.000	0.000	0.000	0.000	0.000	0.000	0.000	0.000	0.000	0.000	0.000	0.000	0.000	0.012	0.000	0.000	0.000	0.000	0.000	0.000	0.000	0.000	0.000	0.000	0.000	0.000	0.000	0.000	0.000	0.000	0.000	0.000	0.000	0.000	0.000	0.000	0.000	0.000	0.000	0.000	0.000	0.000	0.000	0.000	0.000	0.000	0.000	0.000	0.000	0.000	0.000	0.000	0.000	0.000	0.000	0.000
TSNO1455	0.130	0.006	0.063	0.076	0.341	0.032	0.054	0.003	0.010	0.010	0.038	0.046	0.009	0.002	0.002	0.001	0.001	0.001	0.001	0.001	0.116	0.001	0.001	0.001	0.015	0.001	0.000	0.000	0.000	0.000	0.000	0.000	0.000	0.000	0.000	0.000	0.000	0.000	0.000	0.000	0.000	0.000	0.000	0.000	0.000	0.000	0.000	0.000	0.000	0.000	0.000	0.000	0.000	0.000	0.029	0.000	0.000	0.000	0.000	0.000	0.000	0.000	0.000	0.000	0.000	0.000	0.000	0.000	0.000	0.000	0.000	0.000	0.000	0.000	0.000	0.000	0.000	0.000	0.000	0.000	0.000	0.000	0.000	0.000	0.000	0.000	0.000	0.000	0.000	0.000	0.000	0.000	0.000	0.000	0.000	0.000	0.000	0.000	0.000	0.000
TSNO1516	0.119	0.284	0.021	0.013	0.048	0.016	0.044	0.033	0.001	0.005	0.001	0.001	0.001	0.043	0.054	0.004	0.001	0.015	0.000	0.000	0.000	0.021	0.000	0.000	0.000	0.000	0.000	0.000	0.000	0.000	0.000	0.000	0.000	0.000	0.000	0.000	0.000	0.000	0.000	0.000	0.000	0.000	0.188	0.000	0.000	0.000	0.000	0.081	0.000	0.000	0.000	0.000	0.000	0.000	0.000	0.000	0.000	0.000	0.000	0.000	0.000	0.000	0.000	0.000	0.000	0.000	0.000	0.000	0.000	0.000	0.000	0.000	0.000	0.000	0.000	0.000	0.000	0.000	0.000	0.000	0.000	0.000	0.000	0.000	0.000	0.000	0.000	0.000	0.000	0.000	0.000	0.000	0.000	0.000	0.000	0.000	0.000	0.000	0.000	0.000
RUMO5033	0.318	0.053	0.042	0.056	0.003	0.027	0.003	0.041	0.055	0.130	0.002	0.082	0.001	0.001	0.001	0.006	0.006	0.039	0.006	0.006	0.001	0.053	0.001	0.005	0.029	0.001	0.005	0.005	0.001	0.000	0.000	0.000	0.000	0.000	0.000	0.000	0.000	0.000	0.000	0.000	0.000	0.000	0.000	0.000	0.000	0.000	0.000	0.000	0.000	0.000	0.000	0.000	0.000	0.000	0.000	0.000	0.000	0.000	0.000	0.000	0.000	0.000	0.000	0.005	0.000	0.000	0.014	0.000	0.000	0.000	0.000	0.000	0.000	0.000	0.000	0.000	0.000	0.000	0.000	0.000	0.000	0.000	0.000	0.000	0.000	0.000	0.000	0.000	0.000	0.000	0.000	0.000	0.000	0.000	0.000	0.000	0.000	0.000	0.000	0.000
RUMO5045	0.005	0.005	0.029	0.108	0.074	0.107	0.078	0.269	0.069	0.002	0.073	0.002	0.001	0.001	0.001	0.005	0.018	0.001	0.001	0.001	0.001	0.001	0.001	0.000	0.000	0.001	0.000	0.000	0.000	0.000	0.000	0.000	0.000	0.000	0.000	0.000	0.000	0.000	0.000	0.000	0.000	0.000	0.000	0.000	0.000	0.000	0.000	0.000	0.000	0.000	0.000	0.000	0.000	0.000	0.000	0.000	0.000	0.000	0.000	0.000	0.000	0.000	0.000	0.000	0.000	0.000	0.000	0.000	0.000	0.000	0.000	0.000	0.000	0.000	0.000	0.000	0.000	0.000	0.000	0.000	0.000	0.000	0.000	0.142	0.000	0.000	0.000	0.000	0.000	0.000	0.000	0.000	0.000	0.000	0.000	0.000	0.000	0.000	0.000	0.000
CZPR2051	0.073	0.101	0.250	0.035	0.017	0.056	0.027	0.002	0.031	0.056	0.009	0.009	0.087	0.019	0.001	0.018	0.001	0.001	0.001	0.011	0.040	0.004	0.036	0.029	0.000	0.000	0.015	0.008	0.000	0.000	0.000	0.015	0.004	0.000	0.000	0.000	0.000	0.029	0.000	0.000	0.000	0.000	0.000	0.000	0.007	0.000	0.000	0.000	0.000	0.000	0.000	0.000	0.000	0.000	0.000	0.000	0.007	0.000	0.000	0.000	0.000	0.000	0.000	0.000	0.000	0.000	0.000	0.000	0.000	0.000	0.000	0.000	0.000	0.000	0.000	0.000	0.000	0.000	0.000	0.000	0.000	0.000	0.000	0.000	0.000	0.000	0.000	0.000	0.000	0.000	0.000	0.000	0.000	0.000	0.000	0.000	0.000	0.000	0.000	0.000
SWUL4001	0.113	0.092	0.219	0.078	0.019	0.007	0.003	0.023	0.006	0.122	0.019	0.002	0.005	0.005	0.001	0.001	0.001	0.001	0.001	0.001	0.001	0.001	0.001	0.034	0.000	0.001	0.000	0.000	0.000	0.000	0.000	0.000	0.000	0.000	0.000	0.000	0.008	0.000	0.000	0.000	0.000	0.000	0.000	0.000	0.000	0.008	0.000	0.000	0.008	0.000	0.000	0.215	0.000	0.000	0.000	0.000	0.000	0.000	0.000	0.000	0.000	0.000	0.000	0.000	0.000	0.000	0.000	0.000	0.000	0.000	0.000	0.000	0.000	0.000	0.000	0.000	0.000	0.000	0.000	0.000	0.000	0.000	0.000	0.000	0.000	0.000	0.000	0.000	0.000	0.000	0.000	0.000	0.000	0.000	0.000	0.000	0.000	0.000	0.000	0.000
FRUB1015	0.250	0.050	0.234	0.034	0.091	0.038	0.003	0.008	0.012	0.027	0.056	0.012	0.001	0.006	0.006	0.045	0.001	0.001	0.001	0.001	0.006	0.010	0.001	0.001	0.001	0.040	0.000	0.025	0.001	0.000	0.000	0.000	0.000	0.000	0.000	0.000	0.005	0.000	0.000	0.000	0.000	0.000	0.000	0.000	0.000	0.000	0.000	0.000	0.000	0.000	0.000	0.000	0.000	0.000	0.000	0.000	0.000	0.000	0.000	0.000	0.000	0.000	0.000	0.000	0.000	0.000	0.000	0.000	0.000	0.000	0.000	0.000	0.000	0.000	0.000	0.000	0.000	0.000	0.000	0.000	0.000	0.000	0.000	0.000	0.000	0.000	0.000	0.029	0.000	0.000	0.000	0.000	0.000	0.000	0.000	0.000	0.000	0.000	0.000	0.000
BGSU1078	0.164	0.077	0.038	0.038	0.003	0.032	0.003	0.017	0.084	0.032	0.084	0.002	0.001	0.001	0.001	0.001	0.082	0.006	0.006	0.015	0.025	0.001	0.077	0.001	0.001	0.001	0.010	0.000	0.001	0.000	0.000	0.005	0.000	0.000	0.000	0.000	0.000	0.000	0.000	0.000	0.000	0.000	0.000	0.000	0.000	0.000	0.000	0.000	0.029	0.000	0.000	0.000	0.000	0.000	0.000	0.000	0.000	0.000	0.000	0.000	0.000	0.000	0.000	0.000	0.000	0.000	0.000	0.000	0.000	0.000	0.000	0.000	0.000	0.000	0.000	0.000	0.000	0.000	0.158	0.000	0.000	0.000	0.000	0.000	0.000	0.000	0.000	0.000	0.000	0.000	0.000	0.000	0.000	0.000	0.000	0.000	0.000	0.000	0.000	0.000
BGSU1096	0.040	0.177	0.013	0.025	0.042	0.212	0.029	0.004	0.016	0.218	0.003	0.040	0.001	0.001	0.026	0.001	0.001	0.001	0.001	0.001	0.001	0.001	0.001	0.001	0.001	0.007	0.001	0.001	0.001	0.019	0.001	0.013	0.000	0.000	0.000	0.000	0.000	0.000	0.000	0.000	0.000	0.000	0.000	0.000	0.000	0.000	0.000	0.000	0.000	0.000	0.095	0.000	0.000	0.000	0.000	0.000	0.000	0.000	0.000	0.000	0.000	0.000	0.000	0.000	0.000	0.000	0.000	0.000	0.000	0.000	0.000	0.000	0.000	0.000	0.000	0.000	0.000	0.000	0.000	0.000	0.000	0.000	0.000	0.000	0.000	0.000	0.000	0.000	0.000	0.000	0.000	0.000	0.000	0.000	0.000	0.000	0.000	0.000	0.000	0.000
NOHO1042	0.035	0.021	0.026	0.231	0.077	0.104	0.263	0.004	0.004	0.004	0.083	0.036	0.008	0.001	0.001	0.001	0.001	0.001	0.001	0.001	0.008	0.008	0.027	0.001	0.001	0.001	0.001	0.007	0.034	0.001	0.001	0.001	0.000	0.000	0.000	0.000	0.000	0.000	0.000	0.000	0.000	0.000	0.000	0.000	0.000	0.000	0.000	0.000	0.000	0.000	0.000	0.000	0.000	0.000	0.000	0.000	0.000	0.000	0.000	0.000	0.000	0.000	0.000	0.000	0.000	0.000	0.000	0.000	0.000	0.000	0.000	0.000	0.000	0.000	0.000	0.000	0.000	0.000	0.000	0.000	0.000	0.000	0.000	0.000	0.000	0.000	0.000	0.000	0.000	0.000	0.000	0.000	0.000	0.000	0.000	0.000	0.000	0.000	0.000	0.000
BGSU1001	0.169	0.073	0.104	0.176	0.003	0.008	0.008	0.044	0.075	0.125	0.043	0.020	0.001	0.001	0.051	0.001	0.001	0.001	0.001	0.001	0.001	0.001	0.028	0.000	0.001	0.001	0.000	0.010	0.001	0.000	0.000	0.000	0.000	0.000	0.000	0.000	0.000	0.000	0.000	0.000	0.000	0.000	0.000	0.000	0.000	0.000	0.000	0.000	0.000	0.000	0.000	0.000	0.000	0.000	0.032	0.000	0.000	0.000	0.000	0.000	0.000	0.000	0.018	0.000	0.000	0.000	0.000	0.000	0.000	0.000	0.000	0.000	0.000	0.000	0.000	0.000	0.000	0.000	0.000	0.000	0.000	0.000	0.000	0.000	0.000	0.000	0.000	0.000	0.000	0.000	0.000	0.000	0.000	0.000	0.000	0.000	0.000	0.000	0.000	0.000
RUMO3005	0.034	0.075	0.107	0.096	0.013	0.103	0.002	0.021	0.024	0.006	0.035	0.016	0.004	0.016	0.001	0.001	0.064	0.090	0.001	0.001	0.000	0.012	0.026	0.000	0.000	0.000	0.000	0.000	0.034	0.000	0.063	0.000	0.000	0.000	0.000	0.000	0.000	0.000	0.000	0.000	0.004	0.000	0.000	0.000	0.000	0.007	0.000	0.007	0.000	0.000	0.000	0.000	0.000	0.011	0.000	0.000	0.000	0.000	0.000	0.000	0.000	0.000	0.000	0.000	0.000	0.000	0.000	0.000	0.000	0.000	0.000	0.000	0.000	0.000	0.000	0.000	0.000	0.000	0.000	0.000	0.000	0.000	0.000	0.000	0.000	0.000	0.119	0.000	0.000	0.000	0.000	0.000	0.000	0.000	0.000	0.000	0.000	0.000	0.000	0.000
TSNO1434	0.091	0.007	0.006	0.017	0.110	0.022	0.105	0.004	0.009	0.004	0.246	0.002	0.001	0.001	0.001	0.001	0.054	0.007	0.202	0.001	0.001	0.007	0.001	0.001	0.013	0.001	0.001	0.001	0.001	0.001	0.000	0.000	0.000	0.006	0.000	0.006	0.000	0.000	0.000	0.000	0.000	0.000	0.000	0.000	0.000	0.000	0.000	0.000	0.000	0.000	0.000	0.000	0.000	0.000	0.000	0.000	0.000	0.000	0.000	0.053	0.000	0.000	0.000	0.000	0.000	0.000	0.000	0.000	0.000	0.000	0.000	0.000	0.000	0.000	0.000	0.012	0.000	0.000	0.000	0.000	0.000	0.000	0.000	0.000	0.000	0.000	0.000	0.000	0.000	0.000	0.000	0.000	0.000	0.000	0.000	0.000	0.000	0.000	0.000	0.000
RUMO6001	0.148	0.070	0.035	0.021	0.069	0.055	0.002	0.114	0.002	0.163	0.002	0.036	0.050	0.001	0.036	0.032	0.018	0.001	0.001	0.043	0.004	0.004	0.000	0.000	0.000	0.000	0.021	0.000	0.004	0.000	0.000	0.000	0.000	0.000	0.000	0.000	0.000	0.000	0.000	0.000	0.000	0.004	0.000	0.025	0.000	0.028	0.000	0.007	0.000	0.000	0.000	0.000	0.000	0.000	0.000	0.000	0.000	0.000	0.000	0.000	0.000	0.000	0.000	0.000	0.000	0.000	0.000	0.000	0.000	0.000	0.000	0.000	0.000	0.000	0.000	0.000	0.000	0.000	0.000	0.000	0.000	0.000	0.000	0.000	0.000	0.000	0.000	0.000	0.000	0.000	0.000	0.000	0.000	0.000	0.000	0.000	0.000	0.000	0.000	0.000
RUMO6008	0.218	0.141	0.017	0.123	0.003	0.016	0.003	0.147	0.066	0.011	0.057	0.019	0.005	0.001	0.009	0.035	0.031	0.001	0.001	0.013	0.001	0.022	0.001	0.000	0.000	0.001	0.000	0.000	0.000	0.000	0.005	0.000	0.000	0.000	0.000	0.000	0.000	0.000	0.000	0.000	0.000	0.000	0.000	0.000	0.000	0.000	0.000	0.000	0.000	0.000	0.000	0.000	0.000	0.000	0.000	0.000	0.000	0.030	0.000	0.000	0.000	0.000	0.021	0.000	0.000	0.000	0.000	0.000	0.000	0.000	0.000	0.000	0.000	0.000	0.000	0.000	0.000	0.000	0.000	0.000	0.000	0.000	0.000	0.000	0.000	0.000	0.000	0.000	0.000	0.000	0.000	0.000	0.000	0.000	0.000	0.000	0.000	0.000	0.000	0.000
BGSU1066	0.117	0.142	0.121	0.047	0.066	0.025	0.009	0.008	0.003	0.008	0.003	0.002	0.101	0.011	0.001	0.001	0.074	0.001	0.011	0.001	0.001	0.001	0.001	0.001	0.001	0.001	0.000	0.048	0.053	0.000	0.000	0.011	0.000	0.000	0.000	0.000	0.053	0.000	0.000	0.000	0.000	0.000	0.000	0.000	0.000	0.000	0.000	0.000	0.068	0.000	0.000	0.000	0.000	0.000	0.000	0.000	0.000	0.005	0.000	0.000	0.000	0.000	0.000	0.000	0.000	0.000	0.000	0.000	0.000	0.000	0.000	0.000	0.000	0.000	0.000	0.000	0.000	0.000	0.000	0.000	0.000	0.000	0.000	0.000	0.000	0.000	0.000	0.000	0.000	0.000	0.000	0.000	0.000	0.000	0.000	0.000	0.000	0.000	0.000	0.000
BGSU1011	0.030	0.108	0.041	0.070	0.077	0.023	0.003	0.105	0.015	0.077	0.014	0.051	0.001	0.017	0.013	0.001	0.001	0.001	0.009	0.005	0.001	0.021	0.001	0.000	0.000	0.001	0.000	0.062	0.000	0.000	0.009	0.000	0.000	0.000	0.000	0.000	0.000	0.000	0.000	0.000	0.000	0.000	0.000	0.000	0.000	0.000	0.000	0.000	0.000	0.000	0.000	0.000	0.000	0.000	0.000	0.000	0.000	0.000	0.000	0.000	0.000	0.000	0.000	0.000	0.000	0.000	0.000	0.000	0.000	0.000	0.000	0.000	0.000	0.000	0.000	0.235	0.000	0.000	0.000	0.000	0.000	0.000	0.000	0.000	0.004	0.000	0.000	0.000	0.000	0.000	0.000	0.000	0.000	0.000	0.000	0.000	0.000	0.000	0.000	0.000
NOAG1011	0.099	0.036	0.138	0.148	0.223	0.003	0.049	0.008	0.049	0.008	0.084	0.012	0.001	0.001	0.001	0.001	0.021	0.001	0.006	0.001	0.001	0.001	0.001	0.001	0.001	0.001	0.062	0.001	0.001	0.000	0.000	0.000	0.000	0.000	0.000	0.000	0.000	0.000	0.000	0.000	0.000	0.000	0.000	0.026	0.000	0.000	0.000	0.000	0.000	0.005	0.000	0.000	0.000	0.000	0.000	0.000	0.000	0.000	0.005	0.000	0.000	0.000	0.000	0.000	0.000	0.000	0.000	0.000	0.000	0.000	0.000	0.000	0.000	0.000	0.000	0.000	0.000	0.000	0.000	0.000	0.000	0.000	0.000	0.000	0.000	0.000	0.000	0.000	0.000	0.000	0.000	0.000	0.000	0.000	0.000	0.000	0.000	0.000	0.000	0.000
BGSU1212	0.071	0.026	0.012	0.212	0.148	0.004	0.048	0.004	0.003	0.166	0.009	0.002	0.008	0.001	0.001	0.001	0.001	0.001	0.039	0.001	0.032	0.013	0.001	0.001	0.001	0.038	0.001	0.001	0.007	0.032	0.001	0.000	0.000	0.000	0.000	0.000	0.075	0.000	0.000	0.000	0.000	0.000	0.000	0.006	0.000	0.000	0.000	0.000	0.000	0.000	0.000	0.000	0.000	0.000	0.000	0.000	0.000	0.000	0.000	0.000	0.000	0.000	0.025	0.000	0.000	0.000	0.000	0.000	0.000	0.000	0.000	0.000	0.000	0.000	0.000	0.000	0.000	0.000	0.000	0.000	0.000	0.000	0.000	0.000	0.000	0.000	0.000	0.000	0.000	0.000	0.000	0.000	0.000	0.000	0.000	0.000	0.000	0.000	0.000	0.000
BGSU1213	0.073	0.268	0.056	0.101	0.044	0.059	0.025	0.002	0.051	0.096	0.002	0.001	0.001	0.001	0.001	0.001	0.001	0.019	0.001	0.004	0.001	0.004	0.012	0.000	0.015	0.000	0.000	0.000	0.000	0.000	0.004	0.027	0.000	0.000	0.000	0.000	0.000	0.094	0.000	0.000	0.000	0.000	0.000	0.000	0.000	0.000	0.000	0.000	0.000	0.000	0.000	0.030	0.000	0.000	0.000	0.000	0.000	0.000	0.000	0.000	0.000	0.000	0.000	0.000	0.000	0.000	0.000	0.000	0.000	0.000	0.000	0.000	0.000	0.000	0.000	0.000	0.000	0.000	0.000	0.000	0.000	0.000	0.000	0.000	0.000	0.000	0.000	0.000	0.000	0.000	0.000	0.000	0.000	0.000	0.000	0.000	0.000	0.000	0.000	0.000
FRUC3009	0.083	0.088	0.256	0.146	0.003	0.004	0.042	0.003	0.068	0.020	0.139	0.002	0.001	0.001	0.017	0.006	0.001	0.001	0.001	0.001	0.001	0.001	0.001	0.011	0.001	0.001	0.000	0.001	0.001	0.000	0.000	0.000	0.000	0.000	0.038	0.000	0.000	0.000	0.000	0.000	0.000	0.000	0.000	0.000	0.000	0.000	0.038	0.000	0.000	0.000	0.000	0.000	0.000	0.000	0.000	0.000	0.000	0.000	0.000	0.000	0.000	0.000	0.000	0.000	0.000	0.000	0.016	0.000	0.000	0.000	0.000	0.000	0.000	0.000	0.000	0.000	0.000	0.000	0.000	0.000	0.000	0.000	0.000	0.000	0.000	0.000	0.000	0.000	0.000	0.000	0.000	0.000	0.000	0.000	0.000	0.000	0.000	0.000	0.000	0.000
FRUC3015	0.080	0.063	0.062	0.157	0.088	0.088	0.021	0.026	0.059	0.020	0.003	0.002	0.187	0.018	0.018	0.001	0.001	0.007	0.001	0.001	0.001	0.001	0.001	0.001	0.001	0.001	0.000	0.006	0.006	0.001	0.006	0.000	0.000	0.000	0.000	0.000	0.000	0.000	0.000	0.000	0.000	0.000	0.017	0.000	0.000	0.000	0.000	0.000	0.000	0.000	0.000	0.000	0.000	0.006	0.000	0.000	0.000	0.000	0.000	0.000	0.000	0.000	0.000	0.000	0.000	0.000	0.000	0.000	0.045	0.000	0.000	0.000	0.000	0.000	0.000	0.000	0.000	0.000	0.000	0.000	0.000	0.000	0.000	0.000	0.000	0.000	0.000	0.000	0.000	0.000	0.000	0.000	0.000	0.000	0.000	0.000	0.000	0.000	0.000	0.000
BGSU1237	0.177	0.077	0.055	0.060	0.157	0.009	0.004	0.020	0.003	0.156	0.008	0.062	0.001	0.001	0.056	0.001	0.001	0.001	0.017	0.006	0.001	0.077	0.001	0.001	0.001	0.001	0.000	0.001	0.001	0.039	0.000	0.000	0.000	0.000	0.000	0.000	0.000	0.000	0.000	0.000	0.000	0.000	0.000	0.000	0.000	0.000	0.000	0.000	0.000	0.000	0.000	0.000	0.000	0.000	0.000	0.000	0.000	0.000	0.000	0.000	0.000	0.000	0.000	0.000	0.000	0.000	0.000	0.000	0.000	0.000	0.000	0.000	0.000	0.000	0.000	0.000	0.000	0.000	0.000	0.000	0.000	0.000	0.000	0.000	0.000	0.000	0.000	0.000	0.000	0.000	0.000	0.000	0.000	0.000	0.000	0.000	0.000	0.000	0.000	0.000
BGSU1239	0.027	0.114	0.013	0.069	0.067	0.036	0.117	0.004	0.167	0.004	0.097	0.002	0.020	0.001	0.001	0.001	0.001	0.001	0.114	0.083	0.020	0.001	0.001	0.001	0.001	0.007	0.001	0.001	0.001	0.001	0.001	0.001	0.000	0.000	0.000	0.000	0.000	0.000	0.000	0.000	0.000	0.000	0.000	0.000	0.000	0.000	0.000	0.000	0.000	0.000	0.000	0.000	0.006	0.006	0.000	0.000	0.000	0.000	0.000	0.000	0.000	0.000	0.000	0.000	0.000	0.000	0.000	0.000	0.000	0.000	0.000	0.000	0.000	0.000	0.000	0.000	0.000	0.000	0.000	0.000	0.000	0.000	0.000	0.000	0.000	0.000	0.000	0.000	0.000	0.000	0.000	0.000	0.000	0.000	0.000	0.000	0.006	0.000	0.000	0.000
RUMO4012	0.100	0.105	0.016	0.155	0.002	0.002	0.012	0.002	0.052	0.004	0.033	0.052	0.001	0.006	0.000	0.000	0.017	0.000	0.000	0.011	0.000	0.000	0.000	0.000	0.260	0.000	0.003	0.043	0.000	0.016	0.000	0.000	0.000	0.000	0.089	0.000	0.000	0.000	0.000	0.000	0.000	0.000	0.000	0.000	0.000	0.000	0.000	0.000	0.000	0.000	0.000	0.008	0.000	0.000	0.000	0.000	0.000	0.000	0.000	0.000	0.000	0.000	0.000	0.000	0.000	0.000	0.003	0.000	0.000	0.000	0.000	0.000	0.000	0.000	0.000	0.000	0.000	0.000	0.000	0.000	0.000	0.000	0.000	0.000	0.000	0.000	0.000	0.000	0.000	0.000	0.000	0.000	0.000	0.000	0.000	0.000	0.000	0.000	0.000	0.000
FRUB2026	0.110	0.248	0.013	0.033	0.003	0.003	0.007	0.015	0.011	0.023	0.056	0.023	0.009	0.051	0.101	0.001	0.080	0.001	0.001	0.038	0.005	0.005	0.001	0.000	0.005	0.001	0.000	0.000	0.000	0.000	0.000	0.025	0.000	0.000	0.000	0.059	0.000	0.000	0.000	0.000	0.000	0.000	0.000	0.000	0.000	0.000	0.000	0.000	0.000	0.000	0.000	0.000	0.000	0.050	0.000	0.000	0.000	0.000	0.000	0.000	0.000	0.000	0.000	0.000	0.000	0.000	0.000	0.004	0.000	0.000	0.000	0.008	0.000	0.000	0.000	0.000	0.000	0.000	0.000	0.000	0.000	0.000	0.000	0.000	0.000	0.000	0.000	0.000	0.000	0.000	0.000	0.000	0.000	0.000	0.000	0.000	0.000	0.004	0.000	0.000
TSNO1496	0.114	0.084	0.142	0.165	0.093	0.028	0.087	0.057	0.009	0.051	0.003	0.008	0.001	0.001	0.001	0.001	0.001	0.007	0.007	0.001	0.001	0.001	0.001	0.001	0.001	0.013	0.042	0.001	0.001	0.001	0.000	0.000	0.024	0.000	0.000	0.006	0.000	0.000	0.000	0.000	0.000	0.000	0.000	0.000	0.000	0.000	0.000	0.000	0.000	0.000	0.000	0.000	0.000	0.000	0.000	0.000	0.000	0.000	0.000	0.000	0.000	0.000	0.000	0.006	0.000	0.000	0.000	0.000	0.000	0.000	0.000	0.000	0.000	0.000	0.000	0.000	0.006	0.000	0.000	0.018	0.000	0.000	0.000	0.006	0.000	0.000	0.000	0.000	0.000	0.000	0.000	0.006	0.000	0.000	0.000	0.000	0.000	0.000	0.000	0.000
BGSU1074	0.042	0.165	0.007	0.003	0.016	0.071	0.002	0.064	0.002	0.167	0.026	0.001	0.011	0.014	0.007	0.001	0.008	0.001	0.001	0.007	0.048	0.004	0.000	0.004	0.000	0.021	0.000	0.007	0.011	0.035	0.000	0.014	0.000	0.000	0.000	0.000	0.000	0.000	0.000	0.000	0.000	0.000	0.000	0.004	0.000	0.134	0.000	0.000	0.027	0.000	0.000	0.000	0.000	0.000	0.000	0.000	0.000	0.000	0.000	0.000	0.000	0.000	0.000	0.000	0.000	0.000	0.000	0.000	0.000	0.000	0.000	0.000	0.000	0.000	0.000	0.000	0.000	0.000	0.000	0.000	0.000	0.000	0.000	0.000	0.000	0.000	0.000	0.000	0.024	0.000	0.000	0.048	0.000	0.000	0.000	0.000	0.000	0.000	0.000	0.000
RUMO3012	0.085	0.042	0.015	0.092	0.002	0.080	0.029	0.068	0.067	0.026	0.067	0.040	0.001	0.001	0.003	0.018	0.001	0.000	0.001	0.001	0.006	0.003	0.000	0.000	0.000	0.000	0.117	0.006	0.000	0.000	0.000	0.000	0.000	0.000	0.006	0.135	0.009	0.000	0.000	0.000	0.000	0.000	0.000	0.000	0.000	0.000	0.000	0.000	0.000	0.000	0.003	0.000	0.000	0.009	0.000	0.024	0.000	0.000	0.000	0.000	0.000	0.000	0.006	0.000	0.000	0.000	0.000	0.000	0.000	0.000	0.000	0.000	0.033	0.000	0.000	0.000	0.000	0.000	0.000	0.000	0.000	0.000	0.000	0.000	0.000	0.000	0.000	0.000	0.000	0.000	0.000	0.000	0.000	0.000	0.000	0.000	0.000	0.000	0.000	0.000
NOUO1031	0.134	0.064	0.159	0.100	0.003	0.020	0.014	0.056	0.072	0.088	0.018	0.002	0.001	0.001	0.001	0.001	0.001	0.006	0.033	0.054	0.001	0.001	0.017	0.016	0.001	0.001	0.000	0.043	0.001	0.000	0.011	0.000	0.000	0.000	0.000	0.000	0.000	0.000	0.000	0.000	0.000	0.000	0.000	0.000	0.000	0.000	0.000	0.064	0.000	0.000	0.000	0.000	0.000	0.000	0.000	0.000	0.000	0.000	0.000	0.000	0.000	0.000	0.000	0.000	0.000	0.000	0.000	0.000	0.000	0.000	0.000	0.000	0.000	0.000	0.000	0.005	0.000	0.005	0.000	0.000	0.000	0.000	0.000	0.000	0.000	0.000	0.000	0.000	0.000	0.000	0.000	0.000	0.000	0.000	0.000	0.000	0.000	0.000	0.000	0.000
BGSU1009	0.061	0.180	0.143	0.065	0.010	0.076	0.022	0.010	0.033	0.045	0.033	0.104	0.001	0.031	0.001	0.001	0.001	0.043	0.007	0.031	0.013	0.001	0.001	0.001	0.001	0.001	0.001	0.001	0.007	0.048	0.000	0.000	0.000	0.000	0.000	0.006	0.000	0.000	0.000	0.000	0.000	0.000	0.000	0.000	0.000	0.000	0.000	0.000	0.000	0.000	0.000	0.000	0.000	0.000	0.000	0.000	0.000	0.000	0.000	0.000	0.000	0.000	0.000	0.000	0.000	0.000	0.000	0.000	0.000	0.000	0.000	0.000	0.000	0.000	0.000	0.000	0.018	0.000	0.000	0.000	0.000	0.000	0.000	0.000	0.000	0.000	0.000	0.000	0.000	0.000	0.000	0.000	0.000	0.000	0.000	0.000	0.000	0.000	0.000	0.000
FRUL1024	0.292	0.029	0.052	0.119	0.003	0.008	0.017	0.003	0.103	0.117	0.179	0.002	0.001	0.001	0.001	0.010	0.001	0.001	0.010	0.001	0.001	0.005	0.001	0.001	0.001	0.001	0.000	0.000	0.001	0.000	0.000	0.010	0.000	0.000	0.000	0.000	0.000	0.000	0.000	0.000	0.010	0.000	0.000	0.000	0.000	0.000	0.000	0.000	0.000	0.000	0.000	0.000	0.000	0.000	0.000	0.000	0.000	0.000	0.000	0.000	0.000	0.005	0.000	0.000	0.000	0.000	0.000	0.000	0.000	0.000	0.000	0.000	0.000	0.000	0.000	0.000	0.000	0.000	0.000	0.010	0.000	0.000	0.000	0.000	0.000	0.000	0.000	0.000	0.000	0.000	0.000	0.000	0.000	0.000	0.000	0.000	0.000	0.000	0.000	0.000
BGSU1057	0.058	0.118	0.143	0.137	0.049	0.085	0.065	0.059	0.018	0.075	0.079	0.007	0.032	0.001	0.001	0.011	0.001	0.001	0.016	0.001	0.001	0.001	0.001	0.001	0.001	0.001	0.000	0.011	0.001	0.000	0.000	0.000	0.000	0.000	0.000	0.000	0.000	0.000	0.000	0.000	0.000	0.000	0.000	0.021	0.000	0.000	0.000	0.000	0.000	0.000	0.000	0.000	0.000	0.000	0.000	0.000	0.000	0.000	0.000	0.000	0.000	0.000	0.000	0.000	0.000	0.000	0.000	0.000	0.000	0.000	0.000	0.000	0.000	0.000	0.000	0.000	0.000	0.000	0.000	0.000	0.000	0.000	0.000	0.000	0.000	0.000	0.000	0.000	0.000	0.000	0.000	0.000	0.000	0.000	0.000	0.000	0.000	0.000	0.000	0.000
BGSU1157	0.276	0.031	0.160	0.003	0.002	0.029	0.003	0.060	0.002	0.075	0.002	0.021	0.001	0.005	0.001	0.001	0.001	0.001	0.001	0.016	0.023	0.001	0.000	0.000	0.000	0.073	0.000	0.000	0.012	0.008	0.000	0.000	0.000	0.000	0.004	0.000	0.000	0.000	0.000	0.000	0.000	0.069	0.000	0.000	0.000	0.000	0.000	0.000	0.000	0.000	0.000	0.000	0.000	0.000	0.000	0.000	0.000	0.000	0.000	0.000	0.000	0.000	0.000	0.000	0.000	0.000	0.000	0.000	0.000	0.115	0.000	0.000	0.000	0.000	0.000	0.000	0.000	0.000	0.000	0.000	0.000	0.000	0.000	0.000	0.000	0.000	0.000	0.000	0.000	0.000	0.000	0.000	0.000	0.000	0.000	0.000	0.000	0.000	0.000	0.000
SPM01007	0.159	0.072	0.011	0.212	0.134	0.004	0.004	0.090	0.003	0.058	0.008	0.013	0.001	0.001	0.077	0.001	0.001	0.001	0.001	0.001	0.104	0.001	0.001	0.006	0.001	0.006	0.000	0.001	0.001	0.000	0.000	0.011	0.000	0.000	0.000	0.006	0.000	0.000	0.000	0.000	0.000	0.000	0.000	0.000	0.000	0.000	0.000	0.000	0.006	0.000	0.000	0.000	0.000	0.000	0.000	0.000	0.000	0.000	0.000	0.000	0.000	0.000	0.000	0.000	0.000	0.000	0.000	0.000	0.000	0.000	0.000	0.000	0.000	0.000	0.000	0.000	0.000	0.000	0.000	0.000	0.000	0.000	0.000	0.000	0.000	0.000	0.000	0.000	0.000	0.000	0.000	0.000	0.000	0.000	0.000	0.000	0.000	0.000	0.000	0.000
FRUC3085	0.113	0.061	0.028	0.107	0.017	0.040	0.022	0.049	0.133	0.017	0.044	0.002	0.001	0.006	0.001	0.224	0.015	0.001	0.001	0.015	0.001	0.001	0.001	0.001	0.019	0.001	0.000	0.000	0.001	0.005	0.005	0.000	0.000	0.000	0.005	0.000	0.000	0.000	0.033	0.000	0.000	0.000	0.000	0.000	0.000	0.000	0.019	0.000	0.000	0.000	0.000	0.000	0.000	0.000	0.000	0.000	0.009	0.000	0.000	0.000	0.000	0.000	0.000	0.000	0.000	0.000	0.000	0.000	0.000	0.000	0.000	0.000	0.000	0.000	0.000	0.000	0.000	0.000	0.000	0.000	0.000	0.000	0.000	0.000	0.000	0.000	0.000	0.000	0.000	0.000	0.000	0.000	0.000	0.000	0.000	0.000	0.000	0.000	0.000	0.000
FRUC3003	0.118	0.152	0.113	0.017	0.042	0.003	0.033	0.072	0.002	0.085	0.063	0.080	0.031	0.044	0.061	0.005	0.001	0.001	0.001	0.001	0.001	0.001	0.001	0.000	0.000	0.001	0.005	0.000	0.000	0.009	0.000	0.000	0.000	0.000	0.000	0.000	0.000	0.004	0.000	0.000	0.000	0.000	0.000	0.000	0.000	0.000	0.000	0.000	0.000	0.000	0.000	0.000	0.000	0.000	0.000	0.000	0.000	0.000	0.000	0.000	0.000	0.000	0.017	0.000	0.000	0.000	0.000	0.004	0.000	0.000	0.017	0.000	0.000	0.000	0.000	0.009	0.000	0.000	0.000	0.000	0.000	0.000	0.000	0.000	0.000	0.000	0.000	0.000	0.000	0.000	0.000	0.000	0.000	0.000	0.000	0.000	0.000	0.000	0.000	0.000
FIAB3005	0.069	0.087	0.038	0.158	0.181	0.042	0.003	0.027	0.022	0.022	0.180	0.012	0.006	0.006	0.001	0.025	0.001	0.001	0.006	0.078	0.001	0.001	0.001	0.001	0.001	0.001	0.000	0.000	0.001	0.020	0.000	0.000	0.000	0.000	0.000	0.000	0.000	0.000	0.000	0.000	0.000	0.000	0.000	0.000	0.000	0.000	0.000	0.000	0.000	0.000	0.000	0.000	0.000	0.000	0.000	0.000	0.000	0.000	0.000	0.000	0.000	0.000	0.000	0.000	0.000	0.000	0.000	0.000	0.000	0.000	0.000	0.000	0.000	0.005	0.000	0.000	0.000	0.000	0.000	0.000	0.000	0.000	0.000	0.000	0.000	0.000	0.000	0.000	0.000	0.000	0.000	0.000	0.000	0.000	0.000	0.000	0.000	0.000	0.000	0.000
NOOS1041	0.011	0.050	0.334	0.068	0.003	0.052	0.077	0.003	0.052	0.003	0.032	0.002	0.006	0.001	0.020	0.123	0.016	0.011	0.001	0.001	0.001	0.001	0.001	0.015	0.001	0.001	0.010	0.001	0.001	0.030	0.000	0.000	0.000	0.000	0.000	0.000	0.000	0.000	0.000	0.000	0.000	0.000	0.000	0.000	0.000	0.000	0.000	0.000	0.000	0.000	0.000	0.000	0.000	0.000	0.000	0.000	0.000	0.064	0.000	0.000	0.000	0.000	0.000	0.000	0.000	0.000	0.000	0.000	0.000	0.000	0.000	0.000	0.000	0.000	0.000	0.000	0.000	0.000	0.000	0.000	0.000	0.000	0.000	0.000	0.000	0.005	0.000	0.000	0.000	0.000	0.000	0.000	0.000	0.000	0.000	0.000	0.000	0.000	0.000	0.000
BGSU1089	0.123	0.105	0.011	0.154	0.124	0.004	0.015	0.014	0.003	0.020	0.003	0.046	0.062	0.007	0.006	0.012	0.001	0.001	0.001	0.045	0.017	0.001	0.094	0.017	0.001	0.006	0.000	0.001	0.001	0.001	0.000	0.017	0.028	0.000	0.000	0.000	0.000	0.000	0.000	0.000	0.000	0.011	0.000	0.000	0.000	0.000	0.000	0.000	0.000	0.000	0.000	0.000	0.000	0.000	0.000	0.000	0.000	0.000	0.044	0.000	0.000	0.000	0.000	0.000	0.000	0.000	0.000	0.000	0.000	0.000	0.000	0.000	0.000	0.000	0.000	0.000	0.000	0.000	0.000	0.000	0.000	0.000	0.000	0.000	0.000	0.000	0.000	0.000	0.000	0.000	0.000	0.000	0.000	0.000	0.000	0.000	0.000	0.000	0.000	0.000
CZPR2031	0.026	0.031	0.174	0.293	0.028	0.016	0.154	0.076	0.027	0.004	0.045	0.002	0.001	0.001	0.001	0.031	0.001	0.001	0.007	0.001	0.001	0.001	0.001	0.013	0.001	0.001	0.025	0.001	0.001	0.001	0.000	0.000	0.000	0.000	0.000	0.000	0.006	0.000	0.000	0.000	0.006	0.000	0.000	0.000	0.000	0.000	0.000	0.000	0.000	0.000	0.000	0.000	0.000	0.000	0.006	0.000	0.000	0.000	0.000	0.000	0.000	0.000	0.000	0.000	0.000	0.000	0.000	0.000	0.000	0.000	0.000	0.000	0.000	0.000	0.000	0.000	0.000	0.000	0.006	0.000	0.000	0.000	0.000	0.000	0.000	0.000	0.000	0.006	0.000	0.000	0.000	0.000	0.000	0.000	0.000	0.000	0.000	0.000	0.000	0.000
BGSU1054	0.114	0.130	0.006	0.294	0.210	0.045	0.075	0.004	0.003	0.033	0.015	0.002	0.001	0.001	0.001	0.013	0.019	0.001	0.001	0.001	0.001	0.001	0.001	0.001	0.001	0.001	0.001	0.001	0.001	0.001	0.000	0.000	0.000	0.000	0.000	0.000	0.000	0.000	0.000	0.000	0.000	0.000	0.000	0.018	0.000	0.000	0.000	0.000	0.000	0.000	0.000	0.000	0.000	0.000	0.000	0.000	0.000	0.000	0.000	0.000	0.000	0.000	0.000	0.000	0.000	0.000	0.000	0.000	0.000	0.000	0.000	0.000	0.000	0.000	0.000	0.000	0.000	0.000	0.000	0.000	0.000	0.000	0.000	0.000	0.000	0.000	0.000	0.000	0.000	0.000	0.000	0.000	0.000	0.000	0.000	0.000	0.000	0.000	0.000	0.000
NOUO2025	0.036	0.041	0.134	0.054	0.098	0.018	0.043	0.118	0.033	0.048	0.112	0.067	0.001	0.001	0.001	0.001	0.006	0.001	0.006	0.026	0.001	0.001	0.001	0.001	0.011	0.006	0.000	0.005	0.006	0.000	0.000	0.000	0.000	0.000	0.000	0.000	0.035	0.000	0.000	0.000	0.035	0.000	0.000	0.000	0.000	0.000	0.000	0.000	0.000	0.000	0.000	0.000	0.000	0.000	0.000	0.005	0.000	0.000	0.000	0.000	0.020	0.000	0.020	0.000	0.000	0.000	0.000	0.000	0.000	0.000	0.000	0.000	0.000	0.000	0.005	0.000	0.000	0.000	0.000	0.000	0.000	0.000	0.000	0.000	0.000	0.000	0.000	0.000	0.000	0.000	0.000	0.000	0.000	0.000	0.000	0.000	0.000	0.000	0.000	0.000
TSNO1426	0.154	0.034	0.010	0.209	0.089	0.003	0.032	0.027	0.007	0.008	0.045	0.011	0.001	0.001	0.001	0.029	0.001	0.001	0.101	0.001	0.001	0.001	0.001	0.001	0.005	0.001	0.000	0.000	0.001	0.000	0.000	0.000	0.000	0.000	0.010	0.000	0.000	0.000	0.000	0.000	0.000	0.000	0.000	0.000	0.000	0.000	0.010	0.000	0.000	0.000	0.000	0.000	0.000	0.000	0.000	0.000	0.000	0.000	0.000	0.000	0.000	0.000	0.000	0.000	0.000	0.000	0.000	0.000	0.000	0.000	0.000	0.000	0.000	0.000	0.000	0.000	0.000	0.000	0.000	0.000	0.000	0.000	0.000	0.000	0.200	0.000	0.000	0.000	0.000	0.000	0.000	0.000	0.000	0.000	0.000	0.000	0.000	0.000	0.000	0.000
BGSU1092	0.180	0.062	0.020	0.081	0.019	0.044	0.003	0.008	0.003	0.131	0.002	0.073	0.001	0.001	0.093	0.001	0.032	0.006	0.001	0.001	0.001	0.001	0.128	0.001	0.001	0.001	0.000	0.001	0.047	0.006	0.000	0.000	0.000	0.000	0.000	0.000	0.026	0.000	0.000	0.000	0.000	0.000	0.000	0.000	0.000	0.000	0.000	0.000	0.000	0.000	0.000	0.000	0.000	0.000	0.000	0.000	0.000	0.000	0.000	0.000	0.000	0.000	0.000	0.000	0.021	0.000	0.000	0.000	0.000	0.000	0.000	0.000	0.000	0.000	0.000	0.000	0.000	0.000	0.000	0.000	0.000	0.000	0.000	0.000	0.000	0.000	0.000	0.000	0.000	0.000	0.000	0.000	0.000	0.000	0.000	0.000	0.000	0.000	0.000	0.000
BGSU1205	0.005	0.082	0.171	0.003	0.052	0.042	0.141	0.002	0.134	0.123	0.005	0.041	0.047	0.001	0.001	0.033	0.001	0.001	0.054	0.018	0.000	0.004	0.000	0.000	0.000	0.000	0.000	0.000	0.000	0.000	0.000	0.000	0.000	0.000	0.000	0.000	0.000	0.000	0.000	0.000	0.000	0.000	0.000	0.000	0.000	0.000	0.004	0.000	0.000	0.000	0.000	0.000	0.000	0.000	0.000	0.000	0.000	0.000	0.000	0.000	0.000	0.000	0.000	0.000	0.000	0.000	0.000	0.011	0.000	0.000	0.000	0.007	0.000	0.000	0.000	0.007	0.004	0.000	0.000	0.000	0.000	0.000	0.000	0.000	0.000	0.000	0.000	0.000	0.000	0.000	0.000	0.000	0.000	0.000	0.000	0.000	0.000	0.000	0.000	0.000
FRUB2011	0.042	0.095	0.089	0.054	0.002	0.078	0.002	0.065	0.024	0.049	0.033	0.061	0.001	0.054	0.086	0.013	0.042	0.001	0.001	0.020	0.000	0.000	0.007	0.000	0.000	0.004	0.003	0.000	0.000	0.000	0.003	0.000	0.000	0.048	0.000	0.000	0.000	0.000	0.000	0.000	0.016	0.000	0.000	0.000	0.000	0.000	0.000	0.000	0.000	0.000	0.000	0.000	0.000	0.000	0.000	0.000	0.000	0.000	0.000	0.000	0.000	0.000	0.000	0.000	0.000	0.000	0.000	0.000	0.000	0.000	0.000	0.016	0.000	0.000	0.000	0.000	0.000	0.000	0.000	0.000	0.000	0.000	0.016	0.000	0.000	0.000	0.000	0.067	0.003	0.000	0.000	0.000	0.000	0.000	0.000	0.000	0.000	0.000	0.000	0.000
RUMO8012	0.156	0.086	0.055	0.151	0.129	0.033	0.054	0.006	0.002	0.009	0.091	0.074	0.001	0.004	0.001	0.001	0.028	0.032	0.001	0.007	0.000	0.000	0.000	0.000	0.000	0.000	0.000	0.000	0.024	0.000	0.004	0.000	0.000	0.000	0.000	0.000	0.000	0.000	0.000	0.000	0.000	0.000	0.000	0.000	0.000	0.000	0.000	0.000	0.000	0.000	0.000	0.000	0.000	0.000	0.000	0.000	0.000	0.000	0.000	0.000	0.000	0.000	0.000	0.000	0.000	0.000	0.000	0.000	0.000	0.000	0.000	0.000	0.045	0.000	0.000	0.000	0.000	0.000	0.000	0.000	0.000	0.000	0.000	0.000	0.000	0.000	0.000	0.000	0.000	0.000	0.000	0.000	0.000	0.000	0.000	0.000	0.000	0.000	0.000	0.000
FRUC3073	0.123	0.136	0.119	0.032	0.005	0.002	0.060	0.031	0.011	0.008	0.127	0.033	0.004	0.052	0.000	0.020	0.042	0.001	0.001	0.091	0.000	0.017	0.000	0.007	0.000	0.000	0.000	0.016	0.029	0.000	0.000	0.000	0.013	0.000	0.000	0.000	0.000	0.000	0.000	0.000	0.000	0.000	0.000	0.000	0.000	0.000	0.000	0.000	0.000	0.000	0.000	0.000	0.000	0.000	0.000	0.000	0.000	0.000	0.000	0.000	0.000	0.000	0.000	0.000	0.000	0.003	0.000	0.000	0.010	0.000	0.000	0.000	0.000	0.000	0.000	0.000	0.000	0.000	0.000	0.000	0.000	0.000	0.000	0.000	0.000	0.000	0.000	0.000	0.000	0.000	0.000	0.000	0.000	0.000	0.000	0.000	0.000	0.000	0.000	0.000
BGSU1119	0.104	0.072	0.133	0.178	0.044	0.034	0.049	0.024	0.003	0.034	0.002	0.073	0.001	0.021	0.001	0.016	0.001	0.006	0.001	0.016	0.062	0.026	0.001	0.001	0.001	0.001	0.000	0.001	0.001	0.046	0.000	0.026	0.000	0.005	0.000	0.000	0.000	0.000	0.000	0.000	0.000	0.000	0.000	0.000	0.000	0.000	0.005	0.000	0.000	0.000	0.000	0.000	0.000	0.000	0.000	0.000	0.005	0.000	0.000	0.000	0.000	0.000	0.000	0.000	0.000	0.000	0.000	0.000	0.000	0.000	0.000	0.000	0.000	0.000	0.000	0.000	0.000	0.000	0.000	0.000	0.000	0.000	0.000	0.000	0.000	0.000	0.000	0.000	0.000	0.000	0.000	0.000	0.000	0.000	0.000	0.000	0.000	0.000	0.000	0.000
BGSU1087	0.118	0.037	0.105	0.040	0.003	0.007	0.003	0.124	0.010	0.257	0.042	0.022	0.017	0.005	0.009	0.001	0.001	0.001	0.021	0.001	0.001	0.001	0.001	0.000	0.000	0.000	0.012	0.000	0.000	0.033	0.008	0.000	0.065	0.000	0.000	0.000	0.000	0.000	0.000	0.000	0.000	0.000	0.000	0.000	0.000	0.000	0.053	0.000	0.000	0.000	0.000	0.000	0.000	0.000	0.000	0.000	0.000	0.000	0.000	0.000	0.000	0.000	0.000	0.000	0.000	0.000	0.000	0.000	0.000	0.000	0.000	0.000	0.000	0.000	0.000	0.000	0.000	0.000	0.000	0.000	0.000	0.000	0.000	0.000	0.000	0.000	0.000	0.000	0.000	0.000	0.000	0.000	0.000	0.000	0.000	0.000	0.000	0.000	0.000	0.000
BGSU1051	0.104	0.133	0.115	0.026	0.064	0.179	0.049	0.055	0.002	0.055	0.019	0.001	0.001	0.003	0.021	0.036	0.001	0.000	0.006	0.018	0.003	0.006	0.009	0.000	0.006	0.000	0.003	0.000	0.015	0.000	0.000	0.000	0.000	0.009	0.000	0.000	0.000	0.018	0.000	0.000	0.000	0.000	0.000	0.000	0.000	0.000	0.000	0.000	0.000	0.000	0.000	0.000	0.000	0.003	0.000	0.000	0.000	0.000	0.006	0.000	0.000	0.000	0.000	0.000	0.006	0.000	0.000	0.000	0.000	0.000	0.000	0.000	0.000	0.000	0.000	0.000	0.000	0.000	0.000	0.000	0.000	0.000	0.000	0.003	0.000	0.018	0.000	0.000	0.000	0.000	0.000	0.000	0.000	0.000	0.000	0.000	0.000	0.000	0.000	0.000
POPZ1001	0.044	0.077	0.050	0.010	0.019	0.075	0.012	0.005	0.065	0.098	0.002	0.001	0.001	0.001	0.004	0.044	0.027	0.001	0.001	0.014	0.007	0.063	0.014	0.007	0.000	0.014	0.000	0.010	0.000	0.000	0.000	0.004	0.090	0.000	0.053	0.000	0.000	0.000	0.000	0.000	0.000	0.000	0.000	0.000	0.000	0.007	0.000	0.000	0.000	0.000	0.000	0.000	0.000	0.000	0.000	0.000	0.000	0.000	0.000	0.000	0.000	0.000	0.000	0.000	0.000	0.000	0.000	0.000	0.000	0.000	0.000	0.000	0.007	0.000	0.000	0.000	0.013	0.000	0.000	0.000	0.000	0.000	0.000	0.000	0.000	0.000	0.000	0.000	0.000	0.000	0.000	0.133	0.027	0.000	0.000	0.000	0.000	0.000	0.000	0.000
CZPR2057	0.013	0.093	0.046	0.100	0.010	0.049	0.060	0.134	0.319	0.002	0.064	0.005	0.009	0.001	0.001	0.020	0.001	0.016	0.012	0.016	0.001	0.001	0.000	0.000	0.000	0.000	0.000	0.004	0.000	0.000	0.004	0.000	0.000	0.000	0.000	0.000	0.000	0.000	0.000	0.000	0.000	0.000	0.000	0.012	0.000	0.000	0.000	0.000	0.000	0.000	0.000	0.000	0.000	0.000	0.000	0.000	0.000	0.000	0.000	0.000	0.000	0.000	0.000	0.000	0.000	0.000	0.000	0.000	0.000	0.000	0.000	0.000	0.000	0.000	0.000	0.000	0.000	0.000	0.000	0.000	0.000	0.000	0.000	0.000	0.000	0.000	0.000	0.000	0.000	0.000	0.000	0.000	0.000	0.000	0.000	0.000	0.000	0.000	0.000	0.000
BGSU1262	0.067	0.060	0.065	0.011	0.075	0.123	0.128	0.027	0.080	0.045	0.003	0.002	0.001	0.007	0.001	0.013	0.054	0.001	0.090	0.001	0.001	0.013	0.001	0.001	0.024	0.001	0.006	0.001	0.018	0.001	0.030	0.000	0.000	0.000	0.024	0.000	0.000	0.000	0.000	0.000	0.000	0.000	0.000	0.000	0.000	0.000	0.000	0.000	0.000	0.000	0.000	0.000	0.000	0.000	0.000	0.000	0.000	0.000	0.018	0.000	0.000	0.000	0.000	0.000	0.000	0.000	0.000	0.000	0.000	0.000	0.000	0.000	0.000	0.000	0.000	0.000	0.000	0.000	0.000	0.000	0.000	0.000	0.000	0.000	0.000	0.000	0.000	0.000	0.000	0.000	0.000	0.000	0.000	0.000	0.000	0.000	0.000	0.000	0.000	0.000
RUMO4014	0.024	0.104	0.077	0.113	0.025	0.059	0.002	0.059	0.102	0.142	0.035	0.081	0.001	0.001	0.001	0.001	0.001	0.007	0.014	0.001	0.000	0.000	0.004	0.000	0.000	0.000	0.000	0.000	0.007	0.000	0.000	0.000	0.064	0.000	0.000	0.000	0.000	0.000	0.000	0.000	0.070	0.000	0.000	0.000	0.000	0.000	0.000	0.000	0.000	0.000	0.000	0.000	0.000	0.000	0.000	0.000	0.000	0.000	0.000	0.000	0.000	0.000	0.000	0.000	0.000	0.000	0.000	0.000	0.000	0.000	0.000	0.000	0.000	0.000	0.000	0.000	0.000	0.000	0.000	0.000	0.000	0.000	0.000	0.000	0.000	0.000	0.000	0.000	0.000	0.000	0.000	0.000	0.000	0.000	0.000	0.000	0.000	0.000	0.000	0.000
ITRS1015	0.200	0.020	0.206	0.003	0.029	0.142	0.022	0.002	0.032	0.002	0.008	0.021	0.001	0.074	0.060	0.001	0.001	0.001	0.001	0.001	0.004	0.000	0.027	0.007	0.000	0.000	0.000	0.000	0.000	0.000	0.000	0.057	0.000	0.043	0.000	0.000	0.000	0.000	0.000	0.000	0.000	0.000	0.000	0.010	0.000	0.000	0.000	0.000	0.000	0.020	0.000	0.000	0.000	0.000	0.000	0.000	0.000	0.000	0.000	0.000	0.000	0.000	0.000	0.000	0.000	0.000	0.000	0.000	0.000	0.000	0.000	0.000	0.000	0.000	0.000	0.000	0.000	0.000	0.000	0.000	0.000	0.000	0.000	0.000	0.000	0.000	0.000	0.000	0.000	0.000	0.000	0.000	0.000	0.000	0.000	0.000	0.000	0.000	0.000	0.000
RUMO2005	0.223	0.060	0.031	0.191	0.027	0.002	0.002	0.051	0.061	0.002	0.019	0.116	0.008	0.001	0.001	0.004	0.001	0.035	0.011	0.015	0.025	0.001	0.000	0.004	0.000	0.000	0.070	0.007	0.000	0.000	0.000	0.000	0.000	0.000	0.025	0.000	0.004	0.000	0.000	0.000	0.000	0.000	0.000	0.000	0.000	0.000	0.000	0.000	0.000	0.000	0.000	0.000	0.000	0.000	0.000	0.000	0.000	0.000	0.000	0.000	0.000	0.000	0.000	0.000	0.000	0.000	0.000	0.000	0.000	0.000	0.000	0.000	0.000	0.000	0.000	0.000	0.000	0.000	0.000	0.000	0.000	0.000	0.000	0.000	0.000	0.000	0.000	0.000	0.000	0.000	0.000	0.000	0.000	0.000	0.000	0.000	0.000	0.000	0.000	0.000
SPM03047	0.112	0.133	0.048	0.055	0.028	0.006	0.036	0.069	0.068	0.028	0.061	0.072	0.001	0.001	0.001	0.001	0.001	0.004	0.001	0.019	0.023	0.019	0.000	0.063	0.000	0.008	0.000	0.019	0.000	0.011	0.000	0.000	0.019	0.000	0.000	0.000	0.000	0.007	0.000	0.000	0.000	0.000	0.000	0.000	0.004	0.000	0.000	0.019	0.000	0.000	0.000	0.000	0.000	0.007	0.000	0.000	0.000	0.000	0.000	0.000	0.000	0.033	0.000	0.000	0.000	0.000	0.019	0.000	0.000	0.000	0.000	0.000	0.000	0.000	0.000	0.000	0.000	0.000	0.000	0.000	0.000	0.000	0.000	0.000	0.000	0.000	0.000	0.000	0.000	0.000	0.000	0.000	0.000	0.000	0.000	0.000	0.000	0.000	0.000	0.000
BGSU1188	0.008	0.038	0.037	0.068	0.023	0.110	0.035	0.054	0.010	0.047	0.009	0.021	0.001	0.001	0.001	0.026	0.001	0.088	0.088	0.001	0.082	0.001	0.001	0.001	0.001	0.001	0.001	0.013	0.050	0.001	0.032	0.000	0.000	0.000	0.000	0.000	0.006	0.000	0.000	0.000	0.006	0.000	0.000	0.000	0.000	0.000	0.013	0.000	0.031	0.019	0.000	0.000	0.000	0.000	0.000	0.000	0.000	0.000	0.000	0.000	0.000	0.019	0.000	0.000	0.006	0.025	0.000	0.000	0.000	0.000	0.000	0.000	0.000	0.000	0.000	0.000	0.000	0.000	0.000	0.000	0.019	0.000	0.000	0.000	0.000	0.000	0.000	0.000	0.000	0.000	0.000	0.000	0.000	0.000	0.000	0.000	0.000	0.000	0.000	0.000
RUMO2004	0.160	0.018	0.045	0.086	0.016	0.044	0.006	0.175	0.009	0.019	0.116	0.022	0.001	0.039	0.001	0.001	0.028	0.049	0.001	0.042	0.000	0.063	0.000	0.004	0.000	0.000	0.000	0.000	0.000	0.004	0.000	0.000	0.000	0.004	0.000	0.000	0.024	0.000	0.000	0.000	0.000	0.000	0.000	0.000	0.000	0.000	0.000	0.000	0.000	0.000	0.000	0.000	0.000	0.000	0.000	0.000	0.000	0.007	0.000	0.000	0.000	0.000	0.000	0.000	0.000	0.000	0.000	0.000	0.000	0.000	0.000	0.000	0.000	0.000	0.000	0.000	0.000	0.000	0.000	0.000	0.000	0.000	0.000	0.000	0.000	0.000	0.000	0.000	0.000	0.000	0.000	0.000	0.000	0.000	0.000	0.000	0.000	0.014	0.000	0.000
CZUN1005	0.038	0.146	0.082	0.119	0.010	0.148	0.111	0.002	0.002	0.028	0.002	0.001	0.001	0.060	0.027	0.004	0.008	0.012	0.001	0.008	0.001	0.001	0.000	0.000	0.000	0.004	0.000	0.000	0.000	0.000	0.004	0.000	0.000	0.000	0.000	0.000	0.000	0.000	0.000	0.000	0.000	0.000	0.000	0.000	0.000	0.000	0.000	0.000	0.000	0.000	0.000	0.000	0.000	0.000	0.000	0.000	0.049	0.000	0.000	0.000	0.000	0.000	0.000	0.000	0.000	0.000	0.000	0.000	0.000	0.000	0.000	0.000	0.000	0.000	0.000	0.000	0.000	0.000	0.000	0.000	0.000	0.000	0.000	0.000	0.000	0.000	0.000	0.000	0.000	0.000	0.000	0.000	0.000	0.000	0.000	0.000	0.000	0.123	0.000	0.000
BGSU1005	0.188	0.104	0.192	0.065	0.022	0.013	0.003	0.008	0.003	0.157	0.002	0.091	0.001	0.024	0.001	0.005	0.001	0.001	0.001	0.020	0.001	0.015	0.001	0.001	0.015	0.001	0.000	0.000	0.005	0.000	0.000	0.000	0.000	0.000	0.038	0.000	0.000	0.000	0.000	0.000	0.000	0.000	0.000	0.005	0.000	0.000	0.000	0.000	0.000	0.000	0.000	0.000	0.000	0.000	0.000	0.000	0.000	0.000	0.000	0.000	0.000	0.014	0.000	0.000	0.000	0.000	0.000	0.000	0.000	0.000	0.000	0.000	0.000	0.000	0.000	0.000	0.000	0.000	0.000	0.000	0.000	0.000	0.000	0.000	0.000	0.000	0.000	0.000	0.000	0.000	0.000	0.000	0.000	0.000	0.000	0.000	0.000	0.000	0.000	0.000
RUMO4025	0.023	0.094	0.044	0.187	0.030	0.046	0.155	0.149	0.030	0.077	0.052	0.020	0.001	0.013	0.004	0.001	0.001	0.001	0.001	0.007	0.000	0.000	0.000	0.010	0.000	0.000	0.007	0.032	0.000	0.000	0.000	0.003	0.000	0.000	0.003	0.000	0.000	0.000	0.000	0.000	0.000	0.000	0.000	0.000	0.000	0.000	0.000	0.000	0.000	0.000	0.000	0.000	0.006	0.000	0.000	0.000	0.000	0.000	0.000	0.000	0.000	0.000	0.000	0.000	0.000	0.000	0.000	0.000	0.000	0.000	0.000	0.000	0.000	0.000	0.000	0.000	0.000	0.000	0.000	0.000	0.000	0.000	0.000	0.000	0.000	0.000	0.000	0.000	0.000	0.000	0.000	0.000	0.000	0.000	0.000	0.000	0.000	0.000	0.000	0.000
FRUC3087	0.057	0.108	0.009	0.065	0.181	0.087	0.003	0.026	0.012	0.003	0.026	0.025	0.057	0.015	0.080	0.001	0.001	0.024	0.001	0.001	0.001	0.010	0.019	0.001	0.005	0.001	0.000	0.000	0.019	0.005	0.000	0.005	0.000	0.000	0.000	0.005	0.010	0.000	0.000	0.000	0.000	0.000	0.000	0.000	0.000	0.000	0.000	0.000	0.000	0.000	0.000	0.000	0.000	0.000	0.000	0.000	0.000	0.000	0.000	0.000	0.000	0.005	0.000	0.000	0.000	0.000	0.126	0.000	0.000	0.000	0.000	0.000	0.000	0.000	0.000	0.000	0.000	0.000	0.000	0.000	0.000	0.000	0.000	0.000	0.000	0.000	0.000	0.000	0.000	0.000	0.000	0.000	0.000	0.000	0.000	0.000	0.000	0.000	0.000	0.000
SWUL6003	0.113	0.011	0.040	0.050	0.125	0.024	0.034	0.054	0.008	0.084	0.007	0.002	0.006	0.001	0.016	0.309	0.011	0.001	0.001	0.001	0.051	0.001	0.001	0.001	0.001	0.001	0.000	0.006	0.001	0.000	0.005	0.000	0.000	0.000	0.000	0.000	0.000	0.000	0.000	0.000	0.000	0.000	0.000	0.000	0.000	0.000	0.000	0.000	0.000	0.000	0.000	0.000	0.000	0.000	0.000	0.000	0.000	0.000	0.000	0.000	0.000	0.000	0.000	0.000	0.000	0.000	0.000	0.000	0.000	0.000	0.000	0.000	0.000	0.000	0.000	0.030	0.000	0.000	0.000	0.000	0.000	0.000	0.000	0.000	0.000	0.000	0.000	0.000	0.000	0.000	0.000	0.000	0.000	0.000	0.000	0.000	0.000	0.000	0.000	0.000
RUMO4002	0.059	0.173	0.048	0.004	0.060	0.003	0.065	0.075	0.027	0.012	0.050	0.059	0.001	0.001	0.053	0.049	0.039	0.001	0.010	0.010	0.015	0.010	0.039	0.001	0.001	0.001	0.000	0.000	0.001	0.029	0.000	0.034	0.000	0.000	0.000	0.010	0.000	0.000	0.000	0.000	0.000	0.000	0.000	0.000	0.000	0.000	0.000	0.000	0.000	0.000	0.000	0.000	0.000	0.000	0.000	0.000	0.000	0.000	0.000	0.000	0.000	0.010	0.000	0.000	0.000	0.000	0.000	0.000	0.000	0.000	0.000	0.000	0.000	0.000	0.000	0.000	0.000	0.000	0.000	0.000	0.000	0.000	0.000	0.000	0.000	0.000	0.000	0.000	0.000	0.000	0.000	0.000	0.043	0.000	0.000	0.000	0.000	0.000	0.000	0.000
DBAN2051	0.028	0.080	0.057	0.057	0.016	0.078	0.148	0.003	0.253	0.029	0.006	0.002	0.010	0.001	0.005	0.040	0.014	0.001	0.001	0.001	0.001	0.031	0.049	0.000	0.000	0.001	0.000	0.000	0.031	0.000	0.000	0.000	0.013	0.000	0.005	0.000	0.013	0.000	0.000	0.000	0.000	0.000	0.000	0.000	0.000	0.000	0.000	0.000	0.000	0.000	0.000	0.000	0.000	0.000	0.000	0.000	0.000	0.000	0.000	0.000	0.000	0.000	0.000	0.000	0.000	0.000	0.000	0.000	0.000	0.000	0.000	0.000	0.000	0.000	0.000	0.000	0.000	0.000	0.000	0.022	0.000	0.000	0.000	0.000	0.000	0.000	0.000	0.000	0.000	0.000	0.000	0.000	0.000	0.000	0.000	0.000	0.000	0.000	0.000	0.000
FIHE1003	0.115	0.032	0.104	0.009	0.091	0.065	0.110	0.011	0.005	0.087	0.074	0.068	0.099	0.007	0.000	0.001	0.010	0.004	0.039	0.001	0.026	0.004	0.000	0.000	0.010	0.000	0.000	0.000	0.000	0.000	0.000	0.000	0.000	0.000	0.000	0.013	0.000	0.000	0.000	0.000	0.000	0.000	0.000	0.000	0.000	0.000	0.000	0.000	0.000	0.000	0.000	0.000	0.000	0.000	0.000	0.000	0.000	0.000	0.000	0.000	0.000	0.000	0.000	0.000	0.000	0.000	0.000	0.000	0.000	0.000	0.000	0.010	0.000	0.000	0.000	0.000	0.000	0.000	0.000	0.000	0.000	0.000	0.000	0.000	0.000	0.000	0.000	0.000	0.000	0.000	0.000	0.000	0.000	0.000	0.000	0.000	0.000	0.000	0.000	0.000
NOHO1045	0.097	0.028	0.159	0.077	0.080	0.071	0.135	0.012	0.053	0.016	0.029	0.002	0.005	0.001	0.001	0.001	0.001	0.001	0.001	0.005	0.019	0.001	0.001	0.000	0.014	0.001	0.119	0.000	0.001	0.000	0.005	0.000	0.000	0.000	0.000	0.000	0.000	0.005	0.000	0.000	0.000	0.000	0.000	0.000	0.046	0.000	0.000	0.000	0.000	0.000	0.000	0.000	0.000	0.000	0.000	0.000	0.000	0.000	0.000	0.000	0.000	0.000	0.000	0.000	0.009	0.000	0.000	0.000	0.000	0.000	0.000	0.000	0.000	0.000	0.000	0.000	0.000	0.000	0.000	0.000	0.000	0.000	0.000	0.000	0.000	0.000	0.000	0.000	0.000	0.000	0.000	0.000	0.000	0.000	0.000	0.000	0.000	0.000	0.000	0.000
BGSU1241	0.016	0.161	0.015	0.038	0.018	0.062	0.120	0.081	0.134	0.051	0.012	0.002	0.001	0.001	0.001	0.054	0.040	0.001	0.045	0.001	0.006	0.001	0.005	0.064	0.001	0.001	0.000	0.015	0.001	0.000	0.000	0.000	0.000	0.000	0.000	0.024	0.000	0.000	0.000	0.000	0.005	0.000	0.000	0.000	0.000	0.000	0.000	0.000	0.000	0.020	0.000	0.000	0.000	0.000	0.000	0.000	0.000	0.000	0.000	0.000	0.000	0.000	0.000	0.000	0.000	0.000	0.000	0.000	0.000	0.000	0.000	0.000	0.000	0.000	0.000	0.000	0.000	0.000	0.000	0.000	0.000	0.000	0.000	0.000	0.000	0.000	0.000	0.000	0.000	0.000	0.000	0.000	0.000	0.000	0.000	0.000	0.000	0.000	0.000	0.000
BGSU1144	0.157	0.306	0.064	0.016	0.003	0.030	0.009	0.009	0.008	0.014	0.003	0.013	0.001	0.001	0.001	0.012	0.001	0.012	0.006	0.006	0.001	0.049	0.001	0.001	0.001	0.001	0.006	0.001	0.001	0.017	0.000	0.000	0.000	0.000	0.000	0.000	0.000	0.000	0.000	0.000	0.000	0.000	0.011	0.000	0.000	0.000	0.000	0.000	0.000	0.000	0.000	0.000	0.000	0.000	0.000	0.016	0.000	0.198	0.000	0.000	0.000	0.022	0.000	0.000	0.000	0.000	0.000	0.000	0.000	0.000	0.000	0.000	0.000	0.000	0.000	0.000	0.000	0.000	0.000	0.000	0.000	0.000	0.000	0.000	0.000	0.000	0.000	0.000	0.000	0.000	0.000	0.000	0.000	0.000	0.000	0.000	0.000	0.000	0.000	0.000
BGSU1042	0.010	0.080	0.053	0.123	0.051	0.052	0.056	0.034	0.020	0.051	0.002	0.041	0.067	0.001	0.001	0.001	0.001	0.001	0.040	0.001	0.150	0.001	0.018	0.049	0.000	0.045	0.000	0.005	0.040	0.000	0.000	0.000	0.000	0.000	0.000	0.000	0.000	0.000	0.000	0.000	0.000	0.000	0.000	0.000	0.000	0.000	0.000	0.000	0.000	0.000	0.000	0.000	0.000	0.000	0.000	0.000	0.000	0.000	0.000	0.000	0.000	0.000	0.000	0.000	0.000	0.000	0.000	0.000	0.000	0.000	0.000	0.000	0.000	0.000	0.000	0.000	0.000	0.000	0.000	0.000	0.000	0.000	0.000	0.000	0.000	0.000	0.000	0.000	0.000	0.000	0.000	0.000	0.000	0.000	0.000	0.000	0.000	0.000	0.000	0.000
FRUL1022	0.281	0.092	0.078	0.018	0.072	0.008	0.044	0.003	0.039	0.003	0.030	0.002	0.084	0.056	0.001	0.010	0.005	0.001	0.001	0.005	0.001	0.001	0.001	0.000	0.019	0.001	0.000	0.000	0.001	0.000	0.000	0.000	0.032	0.032	0.014	0.000	0.000	0.000	0.000	0.000	0.005	0.000	0.000	0.000	0.000	0.000	0.000	0.000	0.000	0.000	0.000	0.000	0.000	0.005	0.000	0.000	0.000	0.000	0.000	0.000	0.000	0.000	0.000	0.000	0.000	0.000	0.000	0.000	0.000	0.000	0.000	0.000	0.000	0.000	0.000	0.000	0.000	0.000	0.000	0.000	0.000	0.000	0.000	0.000	0.000	0.000	0.000	0.000	0.000	0.051	0.000	0.000	0.000	0.000	0.000	0.000	0.000	0.000	0.000	0.000
SWUL4032	0.034	0.130	0.032	0.118	0.326	0.009	0.036	0.062	0.105	0.003	0.019	0.002	0.001	0.001	0.001	0.001	0.012	0.001	0.001	0.006	0.001	0.001	0.001	0.001	0.001	0.006	0.000	0.001	0.001	0.000	0.000	0.000	0.000	0.000	0.000	0.000	0.000	0.000	0.000	0.016	0.000	0.000	0.000	0.000	0.065	0.000	0.000	0.000	0.000	0.000	0.000	0.000	0.000	0.000	0.000	0.000	0.000	0.000	0.000	0.000	0.000	0.000	0.000	0.000	0.000	0.000	0.000	0.000	0.000	0.000	0.000	0.000	0.000	0.000	0.000	0.000	0.000	0.000	0.000	0.000	0.000	0.000	0.000	0.000	0.000	0.000	0.000	0.000	0.000	0.000	0.000	0.000	0.000	0.000	0.000	0.000	0.000	0.000	0.000	0.000
SPM03029	0.053	0.138	0.439	0.004	0.012	0.003	0.060	0.003	0.050	0.008	0.016	0.021	0.020	0.001	0.001	0.001	0.001	0.001	0.001	0.001	0.001	0.001	0.001	0.052	0.001	0.001	0.000	0.034	0.005	0.000	0.000	0.000	0.000	0.000	0.000	0.000	0.000	0.000	0.000	0.000	0.000	0.000	0.000	0.000	0.000	0.000	0.000	0.000	0.000	0.000	0.000	0.000	0.000	0.000	0.000	0.000	0.000	0.000	0.000	0.000	0.000	0.000	0.000	0.000	0.000	0.000	0.000	0.000	0.066	0.000	0.000	0.000	0.000	0.000	0.000	0.000	0.000	0.000	0.000	0.000	0.000	0.000	0.000	0.000	0.000	0.000	0.000	0.000	0.000	0.000	0.000	0.000	0.000	0.000	0.000	0.000	0.000	0.000	0.000	0.000
RUMO2014	0.144	0.225	0.056	0.013	0.046	0.055	0.007	0.076	0.033	0.011	0.058	0.002	0.001	0.001	0.031	0.009	0.027	0.009	0.005	0.048	0.001	0.001	0.052	0.000	0.000	0.001	0.000	0.000	0.000	0.000	0.000	0.000	0.000	0.000	0.000	0.000	0.000	0.000	0.000	0.000	0.000	0.000	0.013	0.026	0.000	0.000	0.000	0.000	0.000	0.000	0.000	0.000	0.000	0.000	0.000	0.000	0.000	0.000	0.000	0.000	0.000	0.026	0.017	0.000	0.000	0.000	0.000	0.000	0.000	0.000	0.000	0.000	0.000	0.000	0.000	0.000	0.000	0.000	0.000	0.000	0.000	0.000	0.000	0.000	0.000	0.000	0.000	0.000	0.000	0.000	0.000	0.000	0.000	0.000	0.000	0.000	0.000	0.000	0.000	0.000
BGSU1049	0.007	0.068	0.073	0.073	0.116	0.009	0.150	0.003	0.031	0.043	0.003	0.008	0.097	0.001	0.001	0.001	0.001	0.023	0.085	0.012	0.046	0.001	0.001	0.046	0.001	0.006	0.017	0.001	0.029	0.012	0.000	0.000	0.000	0.000	0.000	0.000	0.000	0.000	0.000	0.000	0.000	0.000	0.000	0.000	0.000	0.000	0.000	0.000	0.000	0.000	0.000	0.000	0.000	0.000	0.000	0.000	0.000	0.000	0.000	0.000	0.000	0.000	0.000	0.023	0.000	0.000	0.000	0.000	0.000	0.000	0.000	0.000	0.000	0.000	0.000	0.000	0.000	0.006	0.000	0.000	0.000	0.000	0.000	0.000	0.000	0.000	0.000	0.000	0.000	0.000	0.000	0.000	0.000	0.000	0.000	0.000	0.000	0.000	0.000	0.000
FIJY1078	0.029	0.144	0.079	0.185	0.040	0.124	0.008	0.012	0.044	0.044	0.002	0.002	0.010	0.047	0.001	0.001	0.001	0.001	0.010	0.029	0.001	0.010	0.001	0.014	0.001	0.001	0.000	0.000	0.001	0.000	0.000	0.000	0.000	0.000	0.000	0.000	0.000	0.000	0.000	0.000	0.000	0.000	0.065	0.000	0.000	0.000	0.000	0.000	0.000	0.000	0.000	0.000	0.000	0.000	0.000	0.000	0.000	0.000	0.000	0.000	0.000	0.000	0.000	0.000	0.000	0.000	0.000	0.000	0.000	0.000	0.088	0.000	0.000	0.000	0.000	0.000	0.000	0.000	0.000	0.000	0.000	0.000	0.000	0.000	0.000	0.000	0.000	0.000	0.000	0.000	0.000	0.000	0.000	0.000	0.000	0.000	0.000	0.000	0.000	0.000
BGSU1270	0.127	0.073	0.072	0.028	0.080	0.042	0.085	0.017	0.070	0.012	0.031	0.021	0.006	0.035	0.001	0.001	0.001	0.034	0.049	0.049	0.001	0.054	0.001	0.001	0.001	0.015	0.000	0.000	0.015	0.005	0.005	0.000	0.015	0.000	0.000	0.000	0.000	0.000	0.000	0.048	0.000	0.000	0.000	0.000	0.000	0.000	0.000	0.000	0.000	0.000	0.000	0.000	0.000	0.000	0.000	0.000	0.000	0.000	0.000	0.000	0.000	0.000	0.000	0.000	0.000	0.000	0.000	0.000	0.000	0.000	0.000	0.000	0.000	0.000	0.000	0.000	0.000	0.000	0.000	0.000	0.000	0.000	0.000	0.000	0.000	0.000	0.000	0.000	0.000	0.000	0.000	0.000	0.000	0.000	0.000	0.000	0.000	0.000	0.000	0.000
FRUC3067	0.104	0.052	0.094	0.017	0.067	0.011	0.003	0.182	0.007	0.045	0.028	0.164	0.009	0.082	0.022	0.001	0.001	0.001	0.001	0.018	0.005	0.013	0.001	0.000	0.000	0.001	0.000	0.035	0.000	0.000	0.000	0.000	0.000	0.000	0.000	0.013	0.000	0.000	0.000	0.000	0.000	0.000	0.000	0.000	0.000	0.000	0.000	0.000	0.000	0.000	0.000	0.000	0.000	0.000	0.000	0.000	0.000	0.000	0.000	0.000	0.000	0.000	0.000	0.000	0.000	0.000	0.000	0.000	0.000	0.000	0.000	0.000	0.000	0.000	0.000	0.000	0.000	0.000	0.000	0.000	0.000	0.000	0.000	0.000	0.000	0.000	0.000	0.000	0.000	0.000	0.000	0.017	0.000	0.000	0.000	0.000	0.000	0.000	0.000	0.000
BGSU1062	0.118	0.173	0.066	0.060	0.069	0.074	0.018	0.028	0.043	0.145	0.002	0.068	0.001	0.001	0.011	0.041	0.001	0.001	0.036	0.001	0.001	0.001	0.001	0.001	0.001	0.026	0.000	0.001	0.006	0.000	0.000	0.000	0.000	0.000	0.000	0.000	0.000	0.000	0.000	0.000	0.000	0.000	0.000	0.000	0.000	0.000	0.000	0.000	0.000	0.000	0.000	0.000	0.000	0.000	0.000	0.000	0.000	0.000	0.000	0.000	0.000	0.000	0.000	0.000	0.000	0.000	0.000	0.000	0.000	0.000	0.000	0.000	0.000	0.000	0.000	0.000	0.000	0.000	0.000	0.000	0.000	0.000	0.000	0.000	0.000	0.000	0.000	0.000	0.000	0.000	0.000	0.000	0.000	0.000	0.000	0.000	0.000	0.000	0.000	0.000
NOUO1073	0.085	0.065	0.182	0.162	0.136	0.008	0.092	0.028	0.017	0.032	0.032	0.002	0.001	0.001	0.001	0.060	0.001	0.001	0.001	0.011	0.001	0.001	0.025	0.001	0.030	0.001	0.000	0.001	0.001	0.000	0.000	0.000	0.000	0.005	0.000	0.000	0.000	0.000	0.005	0.000	0.000	0.000	0.000	0.000	0.000	0.000	0.000	0.000	0.005	0.000	0.000	0.000	0.000	0.000	0.000	0.000	0.000	0.000	0.000	0.000	0.000	0.000	0.000	0.000	0.000	0.000	0.000	0.000	0.000	0.000	0.000	0.000	0.000	0.000	0.000	0.000	0.000	0.000	0.000	0.000	0.000	0.000	0.000	0.000	0.000	0.000	0.000	0.000	0.000	0.000	0.000	0.000	0.000	0.000	0.000	0.000	0.000	0.000	0.000	0.000
BGSU1021	0.296	0.077	0.065	0.088	0.121	0.016	0.004	0.027	0.003	0.104	0.003	0.038	0.001	0.001	0.001	0.001	0.001	0.001	0.001	0.001	0.001	0.001	0.001	0.001	0.030	0.001	0.001	0.001	0.001	0.095	0.000	0.000	0.000	0.000	0.000	0.000	0.000	0.000	0.000	0.000	0.000	0.000	0.000	0.000	0.000	0.000	0.000	0.000	0.012	0.000	0.000	0.000	0.000	0.000	0.000	0.000	0.000	0.000	0.000	0.000	0.000	0.000	0.000	0.000	0.000	0.000	0.000	0.000	0.000	0.000	0.000	0.000	0.000	0.000	0.000	0.000	0.000	0.000	0.000	0.000	0.000	0.000	0.000	0.000	0.000	0.000	0.000	0.000	0.000	0.000	0.000	0.000	0.000	0.000	0.000	0.000	0.000	0.000	0.000	0.000
FIHE1014	0.070	0.025	0.107	0.214	0.003	0.038	0.047	0.071	0.042	0.169	0.041	0.002	0.001	0.001	0.001	0.035	0.001	0.001	0.011	0.001	0.010	0.001	0.020	0.001	0.001	0.045	0.000	0.001	0.001	0.000	0.000	0.000	0.015	0.000	0.010	0.000	0.000	0.000	0.000	0.000	0.000	0.000	0.000	0.000	0.000	0.000	0.000	0.000	0.000	0.000	0.000	0.000	0.000	0.000	0.000	0.000	0.000	0.000	0.000	0.000	0.000	0.000	0.000	0.000	0.000	0.000	0.000	0.010	0.000	0.000	0.000	0.000	0.000	0.000	0.000	0.000	0.000	0.000	0.000	0.000	0.000	0.000	0.000	0.000	0.000	0.000	0.000	0.000	0.000	0.000	0.000	0.000	0.000	0.000	0.000	0.000	0.000	0.000	0.000	0.000
POPZ1015	0.034	0.104	0.033	0.006	0.062	0.036	0.029	0.039	0.132	0.022	0.032	0.001	0.001	0.001	0.014	0.001	0.001	0.061	0.114	0.001	0.000	0.004	0.000	0.000	0.020	0.090	0.010	0.000	0.050	0.034	0.000	0.004	0.000	0.024	0.000	0.000	0.000	0.000	0.000	0.000	0.000	0.000	0.000	0.000	0.000	0.000	0.000	0.000	0.000	0.000	0.033	0.000	0.000	0.000	0.000	0.000	0.000	0.000	0.003	0.000	0.000	0.000	0.000	0.000	0.000	0.000	0.000	0.000	0.000	0.000	0.000	0.000	0.000	0.000	0.000	0.000	0.000	0.000	0.000	0.000	0.000	0.000	0.000	0.000	0.000	0.000	0.000	0.000	0.000	0.000	0.000	0.000	0.000	0.000	0.000	0.000	0.000	0.000	0.000	0.000
FRUL1029	0.193	0.052	0.023	0.037	0.073	0.083	0.012	0.012	0.017	0.012	0.002	0.021	0.048	0.006	0.001	0.001	0.010	0.001	0.001	0.048	0.001	0.001	0.015	0.001	0.010	0.001	0.043	0.000	0.001	0.000	0.131	0.000	0.000	0.000	0.000	0.028	0.000	0.000	0.000	0.000	0.000	0.000	0.033	0.000	0.000	0.061	0.000	0.000	0.000	0.000	0.000	0.000	0.000	0.019	0.000	0.000	0.000	0.000	0.000	0.000	0.000	0.000	0.000	0.000	0.000	0.000	0.000	0.000	0.000	0.000	0.000	0.000	0.000	0.000	0.000	0.000	0.000	0.000	0.000	0.000	0.000	0.000	0.000	0.000	0.000	0.000	0.000	0.000	0.000	0.000	0.000	0.000	0.000	0.000	0.000	0.000	0.000	0.000	0.000	0.000
FIJY1056	0.034	0.130	0.097	0.064	0.219	0.009	0.057	0.111	0.003	0.073	0.008	0.018	0.001	0.001	0.001	0.001	0.001	0.001	0.001	0.039	0.001	0.098	0.001	0.017	0.001	0.001	0.000	0.001	0.001	0.000	0.000	0.000	0.000	0.000	0.000	0.000	0.006	0.000	0.000	0.000	0.000	0.000	0.000	0.000	0.000	0.000	0.000	0.000	0.000	0.000	0.000	0.000	0.000	0.000	0.000	0.000	0.000	0.000	0.000	0.000	0.000	0.000	0.000	0.000	0.000	0.000	0.000	0.000	0.000	0.000	0.000	0.000	0.000	0.000	0.000	0.000	0.000	0.000	0.000	0.000	0.000	0.000	0.000	0.000	0.000	0.000	0.000	0.000	0.000	0.000	0.000	0.000	0.000	0.000	0.000	0.000	0.000	0.000	0.000	0.000
BGSU1007	0.140	0.114	0.059	0.059	0.011	0.095	0.024	0.124	0.006	0.124	0.002	0.002	0.001	0.013	0.030	0.001	0.001	0.051	0.001	0.001	0.022	0.005	0.001	0.000	0.005	0.001	0.000	0.000	0.000	0.000	0.000	0.000	0.000	0.000	0.000	0.000	0.000	0.000	0.000	0.000	0.000	0.000	0.000	0.000	0.000	0.004	0.000	0.000	0.000	0.000	0.000	0.000	0.000	0.000	0.000	0.000	0.000	0.000	0.000	0.000	0.000	0.000	0.000	0.000	0.000	0.000	0.000	0.000	0.000	0.000	0.000	0.034	0.000	0.063	0.000	0.000	0.000	0.000	0.000	0.000	0.000	0.000	0.000	0.000	0.000	0.000	0.000	0.000	0.000	0.000	0.000	0.000	0.000	0.000	0.000	0.000	0.000	0.000	0.000	0.000
BGSU1086	0.013	0.028	0.040	0.008	0.014	0.003	0.062	0.074	0.038	0.137	0.173	0.109	0.001	0.001	0.001	0.001	0.001	0.001	0.032	0.009	0.001	0.001	0.000	0.167	0.000	0.008	0.000	0.000	0.000	0.016	0.000	0.036	0.000	0.000	0.000	0.000	0.000	0.000	0.000	0.000	0.000	0.000	0.000	0.000	0.000	0.000	0.000	0.008	0.000	0.000	0.000	0.000	0.000	0.000	0.000	0.000	0.000	0.000	0.000	0.000	0.000	0.000	0.000	0.000	0.000	0.000	0.000	0.000	0.000	0.000	0.000	0.000	0.000	0.000	0.000	0.000	0.000	0.000	0.000	0.000	0.000	0.000	0.012	0.000	0.000	0.000	0.000	0.000	0.000	0.000	0.000	0.000	0.000	0.000	0.000	0.000	0.000	0.000	0.000	0.000
SPM03007	0.023	0.023	0.075	0.079	0.020	0.056	0.056	0.077	0.125	0.187	0.059	0.002	0.023	0.001	0.001	0.001	0.010	0.010	0.001	0.010	0.001	0.001	0.001	0.022	0.005	0.001	0.000	0.000	0.022	0.000	0.000	0.000	0.009	0.000	0.000	0.000	0.000	0.000	0.000	0.000	0.000	0.000	0.000	0.000	0.000	0.000	0.000	0.000	0.088	0.000	0.000	0.000	0.000	0.000	0.000	0.000	0.000	0.000	0.000	0.000	0.000	0.000	0.000	0.000	0.000	0.000	0.000	0.000	0.000	0.000	0.000	0.000	0.000	0.000	0.000	0.000	0.000	0.000	0.000	0.000	0.000	0.000	0.000	0.000	0.000	0.000	0.000	0.000	0.000	0.009	0.000	0.000	0.000	0.000	0.000	0.000	0.000	0.000	0.000	0.000
CZPR2029	0.031	0.059	0.205	0.078	0.096	0.057	0.072	0.193	0.022	0.008	0.007	0.031	0.006	0.001	0.050	0.001	0.025	0.001	0.015	0.001	0.001	0.001	0.001	0.001	0.001	0.001	0.000	0.001	0.001	0.000	0.000	0.000	0.000	0.000	0.000	0.000	0.000	0.000	0.000	0.000	0.000	0.000	0.000	0.000	0.025	0.000	0.000	0.000	0.000	0.000	0.000	0.000	0.000	0.000	0.000	0.000	0.000	0.000	0.000	0.000	0.000	0.000	0.005	0.000	0.000	0.000	0.000	0.000	0.000	0.000	0.000	0.000	0.000	0.000	0.000	0.000	0.000	0.000	0.000	0.000	0.000	0.000	0.000	0.000	0.000	0.000	0.000	0.000	0.000	0.000	0.000	0.000	0.000	0.000	0.000	0.000	0.000	0.000	0.000	0.000
SWUL4008	0.136	0.044	0.047	0.072	0.002	0.037	0.150	0.030	0.011	0.084	0.039	0.052	0.001	0.001	0.000	0.004	0.023	0.001	0.001	0.067	0.004	0.007	0.000	0.082	0.000	0.000	0.032	0.029	0.000	0.000	0.000	0.000	0.000	0.000	0.013	0.000	0.000	0.000	0.000	0.025	0.003	0.000	0.000	0.000	0.000	0.000	0.000	0.000	0.000	0.000	0.000	0.000	0.000	0.000	0.000	0.000	0.000	0.000	0.000	0.000	0.000	0.000	0.000	0.000	0.000	0.000	0.000	0.000	0.000	0.000	0.000	0.000	0.000	0.000	0.000	0.000	0.000	0.000	0.000	0.000	0.000	0.000	0.000	0.000	0.000	0.000	0.000	0.000	0.000	0.000	0.000	0.000	0.000	0.000	0.000	0.000	0.000	0.000	0.000	0.000
BGSU1059	0.083	0.085	0.017	0.022	0.024	0.005	0.005	0.185	0.027	0.072	0.032	0.004	0.001	0.001	0.000	0.023	0.006	0.037	0.051	0.029	0.003	0.091	0.000	0.026	0.009	0.023	0.000	0.003	0.006	0.000	0.000	0.000	0.000	0.000	0.000	0.000	0.000	0.000	0.000	0.000	0.000	0.000	0.000	0.000	0.000	0.000	0.000	0.000	0.000	0.003	0.000	0.011	0.000	0.000	0.000	0.000	0.000	0.000	0.000	0.000	0.000	0.000	0.000	0.000	0.000	0.000	0.003	0.000	0.017	0.000	0.000	0.082	0.000	0.000	0.000	0.011	0.000	0.000	0.000	0.000	0.000	0.000	0.000	0.000	0.000	0.000	0.000	0.000	0.000	0.000	0.000	0.000	0.000	0.000	0.000	0.000	0.000	0.000	0.000	0.000
SPM04029	0.146	0.103	0.073	0.005	0.004	0.015	0.080	0.023	0.037	0.034	0.009	0.071	0.003	0.027	0.003	0.000	0.022	0.033	0.038	0.041	0.000	0.000	0.000	0.000	0.008	0.008	0.000	0.000	0.089	0.000	0.000	0.000	0.000	0.086	0.003	0.027	0.000	0.000	0.000	0.000	0.000	0.000	0.000	0.000	0.000	0.000	0.000	0.000	0.000	0.000	0.000	0.000	0.000	0.003	0.000	0.000	0.000	0.000	0.000	0.000	0.000	0.000	0.000	0.000	0.000	0.000	0.000	0.000	0.000	0.000	0.000	0.000	0.000	0.000	0.000	0.000	0.000	0.000	0.000	0.000	0.000	0.000	0.000	0.000	0.000	0.000	0.000	0.000	0.000	0.000	0.000	0.000	0.000	0.000	0.000	0.000	0.000	0.000	0.000	0.000
SWUL5017	0.167	0.046	0.117	0.049	0.048	0.063	0.044	0.002	0.013	0.017	0.077	0.020	0.023	0.001	0.004	0.001	0.001	0.001	0.001	0.001	0.027	0.001	0.000	0.015	0.000	0.008	0.008	0.027	0.000	0.012	0.053	0.000	0.000	0.000	0.000	0.000	0.000	0.000	0.000	0.000	0.000	0.000	0.000	0.000	0.000	0.000	0.000	0.000	0.000	0.000	0.000	0.000	0.000	0.000	0.000	0.000	0.000	0.000	0.000	0.000	0.000	0.000	0.000	0.000	0.000	0.000	0.000	0.000	0.000	0.000	0.000	0.000	0.000	0.000	0.000	0.000	0.000	0.000	0.000	0.000	0.000	0.151	0.000	0.000	0.000	0.000	0.000	0.000	0.000	0.000	0.000	0.000	0.000	0.000	0.000	0.000	0.000	0.000	0.000	0.000
BGSU1280	0.067	0.080	0.110	0.061	0.100	0.003	0.003	0.003	0.029	0.241	0.002	0.077	0.001	0.001	0.001	0.001	0.001	0.045	0.001	0.010	0.001	0.005	0.049	0.000	0.027	0.045	0.000	0.000	0.001	0.000	0.000	0.000	0.000	0.000	0.000	0.000	0.000	0.000	0.000	0.000	0.000	0.000	0.000	0.000	0.000	0.000	0.000	0.000	0.000	0.000	0.000	0.000	0.000	0.000	0.000	0.000	0.000	0.000	0.000	0.000	0.000	0.009	0.000	0.000	0.000	0.000	0.022	0.000	0.000	0.000	0.000	0.000	0.000	0.000	0.000	0.000	0.000	0.000	0.000	0.000	0.000	0.000	0.000	0.000	0.000	0.000	0.000	0.000	0.000	0.000	0.000	0.000	0.000	0.000	0.000	0.000	0.000	0.000	0.000	0.000
FIJY1061	0.058	0.010	0.193	0.164	0.111	0.121	0.003	0.017	0.111	0.040	0.002	0.011	0.006	0.053	0.001	0.001	0.001	0.001	0.001	0.010	0.001	0.001	0.001	0.001	0.001	0.001	0.000	0.000	0.024	0.000	0.000	0.000	0.000	0.000	0.000	0.005	0.000	0.000	0.000	0.014	0.000	0.000	0.000	0.000	0.000	0.000	0.000	0.000	0.000	0.000	0.000	0.000	0.000	0.000	0.000	0.014	0.000	0.000	0.000	0.000	0.000	0.019	0.000	0.000	0.000	0.000	0.000	0.000	0.000	0.000	0.000	0.000	0.000	0.000	0.000	0.000	0.000	0.000	0.000	0.000	0.000	0.000	0.000	0.000	0.000	0.000	0.000	0.000	0.000	0.000	0.000	0.000	0.000	0.000	0.000	0.000	0.000	0.000	0.000	0.000
SWUL4027	0.068	0.125	0.038	0.104	0.036	0.008	0.008	0.046	0.131	0.003	0.031	0.007	0.001	0.006	0.005	0.072	0.030	0.001	0.001	0.001	0.001	0.001	0.001	0.001	0.039	0.010	0.091	0.010	0.001	0.000	0.024	0.000	0.000	0.000	0.000	0.000	0.000	0.000	0.000	0.000	0.000	0.000	0.000	0.000	0.000	0.000	0.000	0.000	0.000	0.000	0.000	0.000	0.000	0.000	0.000	0.000	0.000	0.000	0.000	0.000	0.095	0.000	0.000	0.000	0.000	0.000	0.000	0.000	0.000	0.000	0.000	0.000	0.000	0.000	0.000	0.000	0.000	0.000	0.000	0.000	0.000	0.000	0.000	0.000	0.000	0.000	0.000	0.000	0.000	0.000	0.000	0.000	0.000	0.000	0.000	0.000	0.000	0.000	0.000	0.000
ITRS1013	0.107	0.106	0.100	0.075	0.003	0.028	0.033	0.028	0.148	0.003	0.148	0.002	0.001	0.001	0.001	0.016	0.001	0.081	0.001	0.001	0.001	0.001	0.001	0.076	0.001	0.001	0.000	0.001	0.001	0.010	0.000	0.000	0.000	0.000	0.000	0.000	0.000	0.000	0.000	0.000	0.000	0.000	0.000	0.000	0.000	0.000	0.000	0.000	0.000	0.000	0.000	0.000	0.000	0.000	0.000	0.000	0.000	0.000	0.000	0.000	0.000	0.000	0.000	0.000	0.000	0.000	0.000	0.000	0.000	0.000	0.000	0.000	0.000	0.000	0.000	0.000	0.000	0.000	0.000	0.000	0.000	0.000	0.000	0.000	0.000	0.000	0.000	0.000	0.000	0.000	0.000	0.000	0.000	0.020	0.000	0.000	0.000	0.000	0.000	0.000
BGSU1065	0.163	0.058	0.036	0.028	0.081	0.161	0.031	0.035	0.027	0.038	0.041	0.001	0.015	0.015	0.001	0.001	0.044	0.001	0.001	0.001	0.000	0.004	0.004	0.000	0.000	0.000	0.000	0.000	0.000	0.000	0.000	0.000	0.000	0.004	0.000	0.000	0.000	0.025	0.000	0.000	0.000	0.022	0.000	0.000	0.000	0.130	0.025	0.000	0.000	0.000	0.000	0.000	0.000	0.000	0.000	0.000	0.000	0.000	0.000	0.000	0.000	0.000	0.000	0.000	0.000	0.000	0.000	0.000	0.000	0.000	0.000	0.000	0.000	0.000	0.000	0.000	0.000	0.000	0.000	0.000	0.000	0.000	0.000	0.000	0.000	0.000	0.000	0.000	0.000	0.000	0.000	0.000	0.000	0.000	0.000	0.000	0.000	0.000	0.000	0.000
BGSU1124	0.088	0.103	0.048	0.043	0.025	0.117	0.143	0.084	0.127	0.030	0.089	0.002	0.006	0.006	0.001	0.001	0.001	0.001	0.001	0.017	0.001	0.001	0.001	0.001	0.001	0.001	0.000	0.001	0.001	0.000	0.000	0.000	0.011	0.000	0.000	0.006	0.000	0.000	0.000	0.000	0.000	0.000	0.000	0.000	0.000	0.000	0.000	0.000	0.000	0.000	0.000	0.000	0.000	0.000	0.000	0.000	0.000	0.000	0.000	0.000	0.032	0.000	0.000	0.005	0.000	0.000	0.000	0.000	0.000	0.000	0.000	0.000	0.000	0.000	0.000	0.000	0.000	0.000	0.000	0.000	0.000	0.000	0.000	0.000	0.000	0.000	0.000	0.000	0.000	0.000	0.000	0.000	0.000	0.000	0.000	0.000	0.000	0.000	0.000	0.000
NOOS1021	0.048	0.005	0.232	0.110	0.227	0.003	0.054	0.050	0.006	0.018	0.057	0.017	0.001	0.001	0.001	0.001	0.001	0.005	0.001	0.001	0.012	0.001	0.008	0.004	0.000	0.000	0.000	0.020	0.004	0.016	0.000	0.000	0.040	0.000	0.000	0.000	0.000	0.000	0.000	0.000	0.000	0.000	0.000	0.000	0.000	0.000	0.000	0.000	0.000	0.000	0.000	0.000	0.000	0.000	0.000	0.000	0.000	0.020	0.000	0.000	0.000	0.000	0.000	0.000	0.000	0.000	0.000	0.000	0.000	0.000	0.000	0.000	0.000	0.000	0.000	0.000	0.000	0.000	0.000	0.000	0.000	0.000	0.000	0.000	0.032	0.000	0.000	0.000	0.000	0.000	0.000	0.000	0.000	0.000	0.000	0.000	0.000	0.000	0.000	0.000
CZPR3061	0.006	0.011	0.054	0.172	0.072	0.186	0.141	0.008	0.136	0.003	0.002	0.012	0.036	0.001	0.006	0.001	0.011	0.001	0.001	0.001	0.001	0.001	0.030	0.045	0.005	0.001	0.000	0.001	0.001	0.000	0.000	0.000	0.000	0.000	0.005	0.000	0.000	0.000	0.045	0.000	0.000	0.000	0.000	0.000	0.000	0.000	0.000	0.000	0.000	0.000	0.000	0.000	0.000	0.000	0.000	0.000	0.000	0.000	0.000	0.000	0.000	0.000	0.000	0.000	0.000	0.000	0.000	0.000	0.000	0.000	0.000	0.000	0.000	0.000	0.000	0.000	0.000	0.000	0.000	0.000	0.000	0.000	0.000	0.000	0.000	0.000	0.000	0.000	0.000	0.000	0.000	0.000	0.000	0.000	0.000	0.000	0.000	0.000	0.000	0.000
NOUO1035	0.136	0.028	0.215	0.032	0.073	0.025	0.004	0.030	0.003	0.009	0.110	0.002	0.006	0.023	0.001	0.001	0.001	0.006	0.049	0.001	0.001	0.006	0.001	0.184	0.001	0.001	0.006	0.001	0.028	0.006	0.000	0.000	0.000	0.000	0.000	0.000	0.000	0.000	0.000	0.000	0.000	0.000	0.000	0.000	0.000	0.000	0.000	0.000	0.000	0.000	0.000	0.000	0.000	0.000	0.000	0.000	0.000	0.000	0.000	0.000	0.000	0.000	0.000	0.000	0.000	0.000	0.005	0.000	0.000	0.000	0.000	0.000	0.000	0.000	0.000	0.000	0.000	0.000	0.000	0.000	0.000	0.000	0.000	0.000	0.000	0.000	0.000	0.000	0.000	0.000	0.000	0.000	0.000	0.000	0.000	0.000	0.000	0.000	0.000	0.000
SWUL1005	0.098	0.140	0.217	0.108	0.016	0.016	0.022	0.004	0.015	0.016	0.003	0.165	0.007	0.001	0.001	0.031	0.019	0.031	0.001	0.007	0.001	0.001	0.001	0.001	0.001	0.001	0.001	0.001	0.001	0.043	0.013	0.000	0.000	0.000	0.000	0.000	0.000	0.000	0.000	0.000	0.000	0.000	0.000	0.000	0.000	0.000	0.000	0.000	0.000	0.000	0.000	0.000	0.000	0.000	0.000	0.000	0.000	0.000	0.000	0.000	0.000	0.000	0.000	0.000	0.000	0.000	0.000	0.012	0.000	0.000	0.000	0.000	0.000	0.000	0.000	0.000	0.000	0.000	0.000	0.000	0.000	0.000	0.000	0.000	0.000	0.000	0.000	0.000	0.000	0.000	0.000	0.000	0.000	0.000	0.000	0.000	0.000	0.000	0.000	0.000
FIJY1080	0.057	0.005	0.037	0.124	0.183	0.091	0.109	0.003	0.044	0.003	0.002	0.002	0.010	0.001	0.001	0.001	0.024	0.001	0.005	0.042	0.051	0.005	0.065	0.028	0.001	0.001	0.000	0.000	0.001	0.000	0.000	0.000	0.005	0.000	0.000	0.000	0.000	0.000	0.000	0.000	0.000	0.000	0.000	0.000	0.000	0.000	0.000	0.000	0.000	0.051	0.000	0.000	0.000	0.000	0.000	0.000	0.000	0.000	0.000	0.000	0.000	0.000	0.000	0.014	0.028	0.000	0.000	0.000	0.000	0.000	0.000	0.000	0.000	0.000	0.000	0.000	0.000	0.000	0.000	0.000	0.000	0.000	0.000	0.000	0.000	0.000	0.000	0.000	0.000	0.000	0.000	0.000	0.000	0.000	0.000	0.000	0.000	0.000	0.000	0.000
NOAC1011	0.138	0.045	0.034	0.151	0.164	0.052	0.096	0.022	0.022	0.018	0.002	0.007	0.011	0.001	0.001	0.001	0.001	0.011	0.040	0.040	0.049	0.001	0.001	0.001	0.044	0.010	0.000	0.005	0.001	0.000	0.000	0.000	0.000	0.000	0.010	0.000	0.000	0.000	0.000	0.000	0.000	0.000	0.000	0.000	0.000	0.000	0.000	0.000	0.000	0.000	0.000	0.000	0.000	0.000	0.000	0.010	0.000	0.000	0.000	0.000	0.000	0.000	0.000	0.000	0.000	0.000	0.000	0.000	0.000	0.000	0.000	0.000	0.000	0.000	0.000	0.000	0.005	0.000	0.000	0.000	0.000	0.000	0.000	0.000	0.000	0.000	0.000	0.000	0.000	0.000	0.000	0.000	0.000	0.000	0.000	0.000	0.000	0.000	0.000	0.000
BGSU1266	0.039	0.051	0.075	0.200	0.029	0.086	0.004	0.054	0.010	0.123	0.028	0.021	0.001	0.001	0.001	0.076	0.014	0.001	0.001	0.020	0.001	0.020	0.001	0.001	0.007	0.001	0.001	0.001	0.045	0.001	0.082	0.000	0.000	0.000	0.000	0.000	0.000	0.000	0.000	0.000	0.000	0.000	0.000	0.000	0.000	0.000	0.000	0.000	0.000	0.000	0.000	0.000	0.000	0.000	0.000	0.000	0.000	0.000	0.000	0.000	0.000	0.000	0.000	0.000	0.000	0.000	0.000	0.000	0.000	0.000	0.000	0.000	0.000	0.000	0.000	0.000	0.000	0.000	0.000	0.000	0.000	0.000	0.000	0.000	0.000	0.000	0.000	0.000	0.000	0.000	0.000	0.000	0.000	0.000	0.000	0.000	0.000	0.000	0.000	0.000
NOUO2003	0.111	0.082	0.092	0.010	0.002	0.002	0.009	0.151	0.002	0.062	0.119	0.051	0.001	0.015	0.001	0.068	0.018	0.008	0.004	0.008	0.000	0.015	0.004	0.000	0.025	0.043	0.043	0.000	0.000	0.000	0.000	0.000	0.000	0.000	0.000	0.036	0.000	0.000	0.000	0.000	0.000	0.000	0.000	0.000	0.000	0.000	0.000	0.004	0.000	0.000	0.000	0.000	0.000	0.000	0.000	0.000	0.000	0.000	0.000	0.000	0.000	0.007	0.000	0.000	0.000	0.000	0.000	0.000	0.000	0.000	0.000	0.000	0.000	0.000	0.000	0.000	0.000	0.000	0.000	0.000	0.000	0.000	0.000	0.000	0.000	0.000	0.000	0.000	0.000	0.000	0.000	0.000	0.000	0.000	0.000	0.000	0.000	0.000	0.000	0.000
BGSU1294	0.237	0.097	0.024	0.006	0.046	0.131	0.016	0.052	0.009	0.010	0.003	0.002	0.001	0.001	0.049	0.001	0.001	0.001	0.007	0.025	0.031	0.037	0.001	0.001	0.001	0.001	0.001	0.001	0.013	0.001	0.037	0.000	0.000	0.000	0.000	0.018	0.000	0.000	0.000	0.000	0.000	0.000	0.000	0.000	0.000	0.000	0.000	0.000	0.000	0.000	0.000	0.000	0.000	0.103	0.000	0.000	0.000	0.000	0.000	0.000	0.000	0.000	0.000	0.000	0.000	0.000	0.000	0.000	0.000	0.000	0.000	0.000	0.000	0.000	0.000	0.018	0.000	0.000	0.000	0.000	0.000	0.012	0.000	0.000	0.000	0.000	0.000	0.000	0.000	0.000	0.000	0.000	0.000	0.000	0.000	0.000	0.000	0.000	0.000	0.000
SWUL3027	0.194	0.113	0.171	0.085	0.070	0.012	0.003	0.003	0.025	0.048	0.002	0.083	0.077	0.005	0.001	0.001	0.001	0.001	0.001	0.001	0.001	0.023	0.001	0.005	0.009	0.014	0.000	0.014	0.001	0.000	0.014	0.000	0.000	0.009	0.000	0.000	0.000	0.000	0.000	0.000	0.000	0.000	0.000	0.000	0.000	0.000	0.000	0.000	0.000	0.000	0.000	0.000	0.000	0.000	0.000	0.000	0.000	0.000	0.000	0.000	0.000	0.000	0.000	0.000	0.000	0.000	0.005	0.000	0.000	0.000	0.000	0.000	0.000	0.000	0.000	0.000	0.000	0.000	0.000	0.000	0.005	0.000	0.000	0.000	0.000	0.000	0.000	0.000	0.000	0.000	0.000	0.000	0.000	0.000	0.000	0.000	0.000	0.000	0.000	0.000
RUMO4009	0.198	0.114	0.064	0.034	0.003	0.097	0.008	0.023	0.003	0.101	0.002	0.071	0.001	0.006	0.158	0.001	0.001	0.025	0.001	0.001	0.001	0.001	0.015	0.001	0.030	0.020	0.000	0.001	0.001	0.000	0.000	0.000	0.000	0.000	0.000	0.000	0.000	0.000	0.000	0.000	0.000	0.000	0.000	0.000	0.000	0.000	0.000	0.000	0.000	0.000	0.000	0.000	0.000	0.010	0.000	0.000	0.000	0.000	0.000	0.000	0.000	0.000	0.000	0.000	0.000	0.000	0.000	0.000	0.000	0.000	0.000	0.000	0.000	0.000	0.000	0.000	0.000	0.000	0.000	0.000	0.000	0.000	0.000	0.000	0.000	0.000	0.000	0.000	0.000	0.000	0.000	0.000	0.000	0.000	0.000	0.005	0.000	0.000	0.000	0.000
SWUL4018	0.052	0.077	0.099	0.007	0.002	0.046	0.024	0.035	0.013	0.086	0.027	0.023	0.074	0.037	0.030	0.026	0.063	0.052	0.001	0.019	0.000	0.001	0.000	0.008	0.000	0.000	0.019	0.008	0.000	0.000	0.004	0.000	0.000	0.000	0.000	0.033	0.000	0.000	0.000	0.007	0.011	0.000	0.000	0.000	0.007	0.000	0.000	0.000	0.000	0.000	0.000	0.000	0.000	0.000	0.000	0.000	0.000	0.000	0.000	0.000	0.000	0.000	0.000	0.000	0.000	0.000	0.000	0.000	0.000	0.000	0.000	0.011	0.000	0.000	0.055	0.000	0.000	0.000	0.000	0.000	0.000	0.000	0.000	0.000	0.000	0.000	0.000	0.000	0.037	0.000	0.000	0.000	0.000	0.000	0.000	0.000	0.000	0.000	0.000	0.000
DBAN1005	0.179	0.081	0.013	0.062	0.078	0.025	0.021	0.109	0.114	0.074	0.029	0.002	0.005	0.001	0.001	0.041	0.010	0.001	0.001	0.001	0.001	0.001	0.005	0.000	0.000	0.001	0.000	0.054	0.001	0.005	0.000	0.000	0.000	0.000	0.000	0.000	0.005	0.000	0.000	0.067	0.000	0.000	0.000	0.000	0.000	0.000	0.000	0.000	0.000	0.000	0.000	0.000	0.000	0.000	0.000	0.000	0.000	0.000	0.000	0.000	0.000	0.000	0.000	0.000	0.000	0.000	0.000	0.000	0.000	0.000	0.000	0.000	0.000	0.000	0.000	0.009	0.000	0.000	0.000	0.000	0.000	0.000	0.000	0.000	0.000	0.000	0.000	0.000	0.000	0.000	0.000	0.000	0.000	0.000	0.000	0.000	0.000	0.000	0.000	0.000
CZPR2017	0.171	0.077	0.098	0.213	0.009	0.004	0.042	0.156	0.014	0.009	0.003	0.008	0.001	0.001	0.001	0.072	0.001	0.077	0.001	0.001	0.001	0.001	0.001	0.001	0.017	0.001	0.000	0.001	0.001	0.000	0.000	0.000	0.000	0.000	0.000	0.000	0.000	0.000	0.000	0.000	0.000	0.000	0.000	0.000	0.000	0.000	0.011	0.000	0.000	0.000	0.000	0.000	0.000	0.000	0.000	0.000	0.000	0.000	0.000	0.000	0.000	0.000	0.000	0.000	0.000	0.000	0.000	0.000	0.000	0.000	0.000	0.000	0.000	0.000	0.000	0.000	0.000	0.000	0.000	0.000	0.000	0.000	0.000	0.000	0.000	0.000	0.000	0.000	0.000	0.000	0.000	0.000	0.000	0.000	0.000	0.000	0.000	0.000	0.000	0.000
FRUC3094	0.122	0.167	0.071	0.129	0.011	0.049	0.003	0.032	0.002	0.057	0.073	0.006	0.001	0.030	0.017	0.005	0.018	0.001	0.001	0.001	0.021	0.001	0.001	0.013	0.000	0.001	0.000	0.000	0.000	0.005	0.000	0.000	0.000	0.129	0.000	0.000	0.000	0.000	0.008	0.000	0.000	0.000	0.000	0.000	0.000	0.013	0.000	0.000	0.000	0.000	0.004	0.004	0.000	0.000	0.000	0.000	0.000	0.000	0.000	0.000	0.000	0.000	0.000	0.000	0.000	0.000	0.000	0.000	0.000	0.000	0.000	0.000	0.000	0.000	0.000	0.000	0.000	0.000	0.000	0.000	0.000	0.000	0.000	0.000	0.000	0.000	0.000	0.000	0.000	0.000	0.000	0.000	0.000	0.000	0.000	0.000	0.000	0.000	0.000	0.000
FIJY1010	0.039	0.020	0.132	0.288	0.022	0.211	0.008	0.017	0.050	0.055	0.002	0.002	0.006	0.001	0.001	0.001	0.001	0.006	0.001	0.001	0.001	0.001	0.067	0.001	0.005	0.001	0.000	0.000	0.001	0.000	0.000	0.000	0.000	0.000	0.000	0.000	0.000	0.000	0.000	0.000	0.000	0.000	0.005	0.000	0.005	0.000	0.000	0.000	0.000	0.000	0.000	0.000	0.000	0.000	0.000	0.000	0.000	0.000	0.000	0.000	0.000	0.000	0.000	0.000	0.000	0.000	0.000	0.000	0.000	0.000	0.000	0.047	0.000	0.000	0.000	0.000	0.000	0.000	0.000	0.000	0.000	0.000	0.000	0.000	0.000	0.000	0.000	0.000	0.000	0.000	0.000	0.000	0.000	0.000	0.000	0.000	0.000	0.000	0.000	0.000
ITRS2005	0.026	0.037	0.079	0.018	0.095	0.071	0.096	0.114	0.150	0.077	0.003	0.015	0.001	0.001	0.068	0.062	0.001	0.001	0.025	0.001	0.001	0.001	0.001	0.001	0.001	0.001	0.001	0.001	0.001	0.001	0.000	0.000	0.000	0.000	0.000	0.000	0.000	0.000	0.000	0.000	0.000	0.000	0.000	0.000	0.000	0.000	0.000	0.000	0.000	0.000	0.000	0.000	0.000	0.000	0.000	0.031	0.000	0.000	0.000	0.000	0.000	0.000	0.000	0.000	0.000	0.000	0.000	0.000	0.000	0.000	0.012	0.000	0.000	0.000	0.000	0.000	0.000	0.000	0.000	0.000	0.000	0.000	0.000	0.000	0.000	0.000	0.000	0.000	0.000	0.000	0.000	0.000	0.000	0.000	0.000	0.000	0.000	0.000	0.000	0.000
NOBE1002	0.063	0.174	0.269	0.066	0.040	0.003	0.007	0.011	0.002	0.060	0.097	0.047	0.001	0.001	0.001	0.001	0.001	0.009	0.009	0.001	0.001	0.001	0.013	0.000	0.000	0.001	0.000	0.000	0.000	0.000	0.000	0.000	0.000	0.099	0.017	0.000	0.000	0.000	0.000	0.000	0.000	0.000	0.000	0.000	0.000	0.000	0.000	0.000	0.000	0.000	0.000	0.000	0.000	0.000	0.000	0.000	0.000	0.000	0.000	0.000	0.000	0.000	0.000	0.000	0.000	0.000	0.000	0.000	0.000	0.000	0.000	0.000	0.000	0.000	0.000	0.000	0.000	0.000	0.000	0.000	0.000	0.000	0.000	0.000	0.000	0.000	0.000	0.000	0.000	0.000	0.000	0.000	0.000	0.000	0.000	0.000	0.000	0.000	0.000	0.000
FRUB1023	0.115	0.137	0.284	0.073	0.066	0.004	0.015	0.038	0.003	0.043	0.014	0.014	0.001	0.001	0.092	0.052	0.001	0.001	0.001	0.001	0.001	0.001	0.001	0.001	0.012	0.001	0.001	0.006	0.001	0.001	0.000	0.000	0.000	0.000	0.000	0.000	0.000	0.000	0.000	0.000	0.000	0.000	0.000	0.000	0.000	0.000	0.000	0.000	0.000	0.000	0.000	0.000	0.000	0.000	0.000	0.000	0.000	0.000	0.000	0.000	0.000	0.000	0.000	0.000	0.000	0.000	0.000	0.000	0.011	0.000	0.000	0.000	0.000	0.000	0.000	0.000	0.000	0.000	0.000	0.000	0.000	0.000	0.000	0.000	0.000	0.000	0.000	0.000	0.000	0.000	0.000	0.000	0.000	0.000	0.000	0.000	0.000	0.000	0.000	0.000
BGSU1138	0.131	0.112	0.064	0.070	0.056	0.262	0.016	0.009	0.003	0.074	0.120	0.032	0.001	0.001	0.001	0.001	0.001	0.001	0.001	0.001	0.001	0.007	0.001	0.001	0.001	0.007	0.001	0.001	0.018	0.001	0.000	0.000	0.000	0.000	0.000	0.000	0.000	0.000	0.000	0.000	0.000	0.000	0.000	0.000	0.000	0.000	0.000	0.000	0.000	0.000	0.000	0.000	0.000	0.000	0.000	0.000	0.000	0.000	0.000	0.000	0.000	0.000	0.000	0.000	0.000	0.000	0.000	0.000	0.000	0.000	0.000	0.000	0.000	0.000	0.000	0.000	0.000	0.000	0.000	0.000	0.000	0.000	0.000	0.000	0.000	0.000	0.000	0.000	0.000	0.000	0.000	0.000	0.000	0.000	0.000	0.000	0.000	0.000	0.000	0.000
FIJY1065	0.163	0.090	0.036	0.018	0.034	0.075	0.007	0.003	0.029	0.043	0.011	0.033	0.001	0.001	0.001	0.001	0.001	0.032	0.001	0.032	0.135	0.028	0.041	0.000	0.001	0.010	0.000	0.036	0.032	0.000	0.050	0.000	0.000	0.000	0.000	0.000	0.000	0.000	0.000	0.005	0.045	0.000	0.000	0.000	0.000	0.000	0.000	0.000	0.000	0.000	0.000	0.000	0.000	0.000	0.000	0.000	0.000	0.000	0.000	0.000	0.000	0.000	0.000	0.000	0.000	0.000	0.000	0.000	0.000	0.000	0.000	0.000	0.000	0.000	0.000	0.000	0.000	0.000	0.000	0.000	0.000	0.000	0.000	0.000	0.000	0.000	0.000	0.000	0.000	0.000	0.000	0.000	0.000	0.000	0.000	0.000	0.000	0.000	0.000	0.000
BGSU1028	0.168	0.130	0.006	0.079	0.028	0.109	0.004	0.004	0.028	0.083	0.034	0.009	0.038	0.007	0.007	0.001	0.001	0.019	0.007	0.001	0.001	0.001	0.001	0.001	0.001	0.001	0.001	0.001	0.001	0.001	0.068	0.013	0.000	0.000	0.000	0.000	0.000	0.000	0.000	0.000	0.000	0.006	0.000	0.000	0.000	0.000	0.135	0.000	0.000	0.000	0.000	0.000	0.000	0.000	0.000	0.000	0.000	0.000	0.000	0.000	0.000	0.000	0.000	0.000	0.000	0.000	0.000	0.000	0.000	0.000	0.000	0.000	0.000	0.000	0.000	0.000	0.000	0.000	0.000	0.000	0.000	0.000	0.000	0.000	0.000	0.000	0.000	0.000	0.000	0.000	0.000	0.000	0.000	0.000	0.000	0.000	0.000	0.000	0.000	0.000
NOUO2015	0.076	0.052	0.196	0.028	0.003	0.125	0.092	0.012	0.026	0.003	0.096	0.002	0.001	0.001	0.005	0.001	0.043	0.001	0.113	0.001	0.061	0.001	0.001	0.001	0.001	0.005	0.005	0.000	0.019	0.000	0.000	0.000	0.000	0.014	0.000	0.000	0.000	0.000	0.000	0.000	0.005	0.000	0.000	0.000	0.000	0.000	0.000	0.000	0.000	0.000	0.000	0.005	0.000	0.000	0.000	0.000	0.000	0.000	0.000	0.000	0.000	0.000	0.000	0.000	0.000	0.000	0.000	0.000	0.000	0.000	0.000	0.000	0.000	0.000	0.000	0.000	0.000	0.000	0.000	0.000	0.000	0.000	0.000	0.000	0.000	0.000	0.000	0.000	0.000	0.000	0.000	0.000	0.000	0.000	0.000	0.000	0.000	0.000	0.000	0.000
RUMO5042	0.102	0.131	0.008	0.025	0.045	0.003	0.024	0.335	0.006	0.007	0.073	0.006	0.001	0.005	0.001	0.060	0.005	0.009	0.001	0.001	0.005	0.001	0.001	0.000	0.000	0.001	0.000	0.000	0.022	0.106	0.000	0.000	0.000	0.000	0.000	0.004	0.000	0.000	0.000	0.000	0.000	0.000	0.004	0.004	0.000	0.000	0.000	0.000	0.000	0.000	0.000	0.000	0.000	0.000	0.000	0.000	0.000	0.000	0.000	0.000	0.000	0.000	0.000	0.000	0.000	0.000	0.000	0.000	0.000	0.000	0.000	0.000	0.000	0.000	0.000	0.000	0.000	0.000	0.000	0.000	0.000	0.000	0.000	0.000	0.000	0.000	0.000	0.000	0.000	0.000	0.000	0.000	0.000	0.000	0.000	0.000	0.000	0.000	0.000	0.000
CZPR2047	0.101	0.029	0.009	0.292	0.036	0.102	0.064	0.055	0.078	0.050	0.054	0.002	0.001	0.001	0.001	0.001	0.010	0.001	0.001	0.001	0.001	0.001	0.001	0.001	0.001	0.043	0.000	0.005	0.001	0.000	0.015	0.000	0.000	0.000	0.000	0.000	0.000	0.000	0.000	0.000	0.000	0.000	0.000	0.000	0.000	0.000	0.000	0.000	0.000	0.000	0.000	0.000	0.000	0.000	0.000	0.000	0.000	0.000	0.000	0.000	0.000	0.000	0.000	0.000	0.000	0.000	0.000	0.000	0.000	0.000	0.000	0.000	0.000	0.000	0.000	0.000	0.000	0.000	0.000	0.038	0.000	0.000	0.000	0.000	0.000	0.000	0.000	0.000	0.000	0.000	0.000	0.000	0.000	0.000	0.000	0.000	0.000	0.000	0.000	0.000
DBAN3024	0.136	0.078	0.064	0.072	0.065	0.010	0.024	0.004	0.225	0.002	0.010	0.045	0.001	0.001	0.009	0.003	0.014	0.000	0.000	0.036	0.000	0.025	0.003	0.022	0.000	0.000	0.025	0.000	0.000	0.025	0.003	0.000	0.000	0.000	0.000	0.000	0.000	0.000	0.000	0.000	0.000	0.000	0.000	0.000	0.000	0.000	0.000	0.000	0.000	0.036	0.006	0.003	0.000	0.000	0.014	0.033	0.000	0.000	0.000	0.000	0.000	0.000	0.000	0.000	0.000	0.000	0.000	0.000	0.000	0.000	0.000	0.000	0.000	0.000	0.000	0.000	0.000	0.000	0.000	0.000	0.000	0.000	0.000	0.000	0.000	0.000	0.000	0.000	0.000	0.000	0.000	0.000	0.000	0.000	0.000	0.000	0.000	0.000	0.000	0.000
RUMO6003	0.132	0.120	0.056	0.097	0.025	0.223	0.058	0.025	0.002	0.006	0.013	0.005	0.042	0.001	0.001	0.001	0.034	0.001	0.001	0.023	0.001	0.001	0.023	0.000	0.012	0.000	0.000	0.000	0.000	0.000	0.000	0.000	0.000	0.000	0.000	0.000	0.000	0.000	0.071	0.000	0.000	0.000	0.000	0.000	0.000	0.000	0.000	0.000	0.000	0.000	0.000	0.000	0.000	0.000	0.000	0.000	0.000	0.000	0.000	0.000	0.000	0.000	0.000	0.000	0.000	0.000	0.000	0.000	0.000	0.022	0.000	0.000	0.000	0.000	0.000	0.000	0.000	0.000	0.000	0.000	0.000	0.000	0.000	0.000	0.000	0.000	0.000	0.000	0.000	0.000	0.000	0.000	0.000	0.000	0.000	0.000	0.000	0.000	0.000	0.000
FRUL1033	0.084	0.156	0.152	0.015	0.052	0.109	0.067	0.021	0.013	0.055	0.021	0.009	0.005	0.054	0.001	0.012	0.001	0.001	0.001	0.001	0.046	0.001	0.000	0.027	0.000	0.023	0.000	0.035	0.000	0.000	0.000	0.015	0.008	0.000	0.000	0.000	0.000	0.000	0.000	0.000	0.000	0.000	0.000	0.000	0.000	0.000	0.000	0.000	0.000	0.000	0.000	0.000	0.000	0.000	0.000	0.000	0.000	0.000	0.000	0.000	0.000	0.000	0.000	0.008	0.000	0.000	0.000	0.000	0.000	0.000	0.000	0.000	0.000	0.000	0.000	0.000	0.000	0.000	0.000	0.000	0.000	0.000	0.000	0.000	0.000	0.000	0.000	0.000	0.000	0.000	0.000	0.000	0.000	0.000	0.000	0.000	0.000	0.004	0.000	0.000
BGSU1229	0.113	0.305	0.029	0.029	0.013	0.003	0.114	0.013	0.003	0.008	0.002	0.002	0.015	0.059	0.001	0.006	0.001	0.001	0.006	0.001	0.001	0.001	0.001	0.001	0.001	0.001	0.000	0.005	0.001	0.000	0.000	0.000	0.000	0.000	0.010	0.000	0.000	0.000	0.000	0.000	0.000	0.000	0.000	0.000	0.000	0.000	0.000	0.000	0.000	0.000	0.000	0.000	0.000	0.000	0.000	0.000	0.000	0.000	0.000	0.000	0.000	0.000	0.000	0.000	0.000	0.000	0.000	0.000	0.000	0.000	0.015	0.000	0.000	0.000	0.000	0.000	0.000	0.000	0.000	0.000	0.000	0.000	0.000	0.000	0.000	0.000	0.000	0.000	0.000	0.237	0.000	0.000	0.000	0.000	0.000	0.000	0.000	0.000	0.000	0.000
FRUL1023	0.097	0.192	0.099	0.049	0.002	0.006	0.009	0.070	0.055	0.087	0.019	0.005	0.022	0.033	0.004	0.001	0.008	0.001	0.001	0.001	0.011	0.001	0.000	0.000	0.086	0.000	0.000	0.082	0.000	0.004	0.000	0.000	0.004	0.000	0.043	0.000	0.000	0.004	0.000	0.000	0.000	0.000	0.000	0.000	0.000	0.000	0.000	0.000	0.000	0.000	0.000	0.000	0.000	0.000	0.000	0.000	0.000	0.000	0.000	0.000	0.000	0.000	0.000	0.000	0.000	0.000	0.000	0.000	0.000	0.000	0.000	0.000	0.000	0.000	0.000	0.000	0.000	0.000	0.000	0.000	0.000	0.000	0.000	0.000	0.000	0.000	0.000	0.000	0.000	0.000	0.000	0.000	0.000	0.000	0.000	0.000	0.000	0.000	0.000	0.000
NOUO1018	0.050	0.006	0.260	0.102	0.144	0.009	0.106	0.014	0.046	0.014	0.073	0.045	0.001	0.012	0.001	0.023	0.001	0.001	0.050	0.006	0.001	0.001	0.017	0.001	0.001	0.001	0.000	0.001	0.001	0.000	0.000	0.000	0.000	0.000	0.000	0.000	0.000	0.000	0.000	0.000	0.000	0.000	0.000	0.000	0.000	0.000	0.000	0.000	0.000	0.000	0.000	0.000	0.000	0.000	0.000	0.000	0.000	0.000	0.000	0.000	0.000	0.000	0.000	0.000	0.000	0.000	0.000	0.000	0.000	0.000	0.000	0.000	0.000	0.005	0.000	0.000	0.000	0.000	0.000	0.000	0.000	0.000	0.000	0.000	0.000	0.000	0.000	0.000	0.000	0.000	0.000	0.000	0.000	0.000	0.000	0.000	0.000	0.000	0.000	0.000
FRUL1010	0.030	0.075	0.079	0.004	0.001	0.160	0.008	0.095	0.028	0.007	0.001	0.074	0.050	0.117	0.036	0.011	0.007	0.002	0.000	0.025	0.000	0.000	0.000	0.002	0.002	0.000	0.000	0.015	0.046	0.002	0.000	0.000	0.000	0.000	0.000	0.056	0.008	0.000	0.000	0.000	0.000	0.000	0.000	0.000	0.000	0.000	0.021	0.000	0.000	0.000	0.000	0.000	0.000	0.000	0.000	0.000	0.000	0.000	0.000	0.000	0.000	0.000	0.000	0.008	0.000	0.000	0.000	0.002	0.000	0.000	0.000	0.000	0.000	0.000	0.000	0.000	0.000	0.000	0.000	0.019	0.000	0.000	0.002	0.000	0.000	0.000	0.000	0.000	0.000	0.000	0.000	0.000	0.000	0.000	0.000	0.000	0.000	0.000	0.000	0.000
FRUL1007	0.022	0.154	0.187	0.112	0.003	0.073	0.023	0.007	0.048	0.040	0.035	0.006	0.034	0.001	0.001	0.005	0.038	0.001	0.017	0.001	0.001	0.001	0.005	0.000	0.000	0.001	0.000	0.000	0.000	0.000	0.009	0.009	0.000	0.000	0.000	0.021	0.000	0.000	0.000	0.000	0.000	0.000	0.000	0.000	0.000	0.000	0.000	0.000	0.017	0.000	0.000	0.004	0.000	0.000	0.116	0.000	0.000	0.000	0.000	0.000	0.000	0.000	0.000	0.000	0.000	0.000	0.000	0.000	0.000	0.000	0.000	0.000	0.000	0.000	0.000	0.000	0.000	0.000	0.000	0.000	0.000	0.000	0.000	0.000	0.000	0.000	0.004	0.000	0.000	0.000	0.000	0.000	0.000	0.000	0.000	0.000	0.000	0.000	0.000	0.000
SPM03002	0.081	0.014	0.014	0.031	0.179	0.002	0.193	0.019	0.005	0.016	0.082	0.033	0.008	0.053	0.001	0.008	0.025	0.001	0.001	0.001	0.011	0.028	0.004	0.052	0.046	0.004	0.000	0.000	0.014	0.000	0.000	0.000	0.000	0.000	0.000	0.000	0.004	0.000	0.000	0.000	0.000	0.000	0.000	0.000	0.000	0.000	0.000	0.000	0.000	0.000	0.007	0.000	0.000	0.000	0.000	0.000	0.000	0.000	0.000	0.000	0.000	0.000	0.000	0.004	0.000	0.000	0.000	0.000	0.000	0.000	0.000	0.000	0.000	0.000	0.000	0.000	0.000	0.000	0.000	0.000	0.000	0.000	0.000	0.000	0.000	0.049	0.000	0.000	0.000	0.000	0.000	0.000	0.007	0.000	0.000	0.000	0.000	0.000	0.000	0.000
BGSU1140	0.111	0.163	0.028	0.093	0.104	0.043	0.007	0.002	0.079	0.116	0.002	0.034	0.074	0.033	0.001	0.005	0.001	0.017	0.001	0.005	0.017	0.001	0.001	0.000	0.000	0.013	0.000	0.000	0.000	0.000	0.012	0.000	0.000	0.000	0.000	0.000	0.000	0.000	0.000	0.000	0.000	0.000	0.000	0.000	0.000	0.000	0.000	0.000	0.000	0.000	0.000	0.000	0.000	0.000	0.000	0.028	0.000	0.000	0.000	0.004	0.000	0.000	0.000	0.000	0.000	0.000	0.000	0.000	0.000	0.000	0.000	0.000	0.000	0.000	0.000	0.000	0.000	0.000	0.000	0.000	0.000	0.000	0.000	0.000	0.000	0.000	0.000	0.000	0.000	0.000	0.000	0.000	0.000	0.000	0.000	0.000	0.000	0.000	0.000	0.000
TSNO1492	0.013	0.101	0.023	0.065	0.002	0.053	0.134	0.010	0.025	0.029	0.199	0.032	0.001	0.001	0.001	0.001	0.001	0.001	0.024	0.012	0.001	0.001	0.000	0.000	0.000	0.000	0.000	0.000	0.000	0.000	0.004	0.000	0.000	0.000	0.008	0.000	0.000	0.000	0.000	0.000	0.008	0.000	0.008	0.000	0.000	0.000	0.000	0.000	0.000	0.000	0.000	0.000	0.000	0.000	0.000	0.000	0.000	0.000	0.000	0.228	0.000	0.000	0.000	0.000	0.000	0.000	0.000	0.000	0.000	0.000	0.000	0.000	0.000	0.000	0.000	0.000	0.000	0.000	0.000	0.000	0.000	0.000	0.000	0.008	0.000	0.000	0.000	0.000	0.000	0.000	0.000	0.000	0.000	0.000	0.000	0.000	0.000	0.000	0.000	0.000
FIHE1008	0.018	0.041	0.003	0.044	0.296	0.074	0.002	0.002	0.012	0.005	0.067	0.035	0.011	0.004	0.001	0.001	0.001	0.079	0.001	0.007	0.011	0.038	0.000	0.000	0.000	0.000	0.065	0.000	0.000	0.000	0.011	0.000	0.000	0.000	0.000	0.000	0.000	0.003	0.000	0.000	0.000	0.000	0.000	0.000	0.000	0.000	0.000	0.000	0.034	0.000	0.000	0.000	0.000	0.000	0.000	0.000	0.000	0.000	0.044	0.000	0.000	0.000	0.000	0.000	0.000	0.000	0.000	0.000	0.000	0.000	0.000	0.000	0.000	0.000	0.000	0.000	0.000	0.000	0.000	0.000	0.000	0.000	0.000	0.003	0.000	0.000	0.000	0.000	0.000	0.000	0.000	0.000	0.000	0.000	0.000	0.000	0.079	0.000	0.000	0.000
CZPR2022	0.037	0.150	0.013	0.019	0.002	0.012	0.054	0.028	0.002	0.015	0.106	0.031	0.014	0.001	0.000	0.001	0.023	0.001	0.001	0.046	0.000	0.000	0.000	0.000	0.000	0.010	0.000	0.228	0.017	0.000	0.059	0.013	0.101	0.007	0.000	0.000	0.000	0.000	0.000	0.000	0.000	0.000	0.000	0.000	0.000	0.000	0.000	0.000	0.000	0.000	0.000	0.000	0.000	0.000	0.000	0.000	0.000	0.000	0.000	0.000	0.000	0.000	0.000	0.000	0.000	0.000	0.000	0.000	0.000	0.000	0.000	0.000	0.000	0.000	0.000	0.000	0.000	0.000	0.000	0.000	0.000	0.000	0.000	0.000	0.003	0.000	0.000	0.000	0.000	0.000	0.000	0.000	0.000	0.000	0.000	0.000	0.000	0.000	0.000	0.000
DBAN2033	0.111	0.162	0.282	0.024	0.030	0.013	0.009	0.012	0.071	0.078	0.005	0.008	0.001	0.001	0.001	0.014	0.018	0.001	0.001	0.014	0.000	0.018	0.000	0.000	0.000	0.035	0.000	0.000	0.011	0.000	0.000	0.000	0.000	0.000	0.000	0.000	0.000	0.000	0.000	0.034	0.000	0.004	0.000	0.000	0.000	0.000	0.000	0.000	0.000	0.000	0.000	0.000	0.000	0.000	0.000	0.000	0.000	0.000	0.000	0.000	0.000	0.000	0.034	0.000	0.000	0.000	0.000	0.000	0.000	0.000	0.000	0.000	0.000	0.000	0.000	0.000	0.000	0.000	0.000	0.000	0.000	0.000	0.000	0.000	0.000	0.003	0.000	0.000	0.000	0.000	0.000	0.000	0.000	0.000	0.000	0.000	0.000	0.000	0.000	0.000
BGSU1017	0.275	0.019	0.018	0.090	0.004	0.010	0.004	0.046	0.003	0.119	0.015	0.002	0.013	0.007	0.074	0.007	0.001	0.001	0.001	0.001	0.031	0.001	0.001	0.001	0.104	0.025	0.001	0.001	0.001	0.001	0.000	0.000	0.000	0.000	0.037	0.000	0.024	0.000	0.000	0.000	0.000	0.000	0.000	0.000	0.000	0.000	0.000	0.000	0.006	0.000	0.000	0.000	0.000	0.000	0.000	0.000	0.000	0.000	0.000	0.000	0.000	0.000	0.000	0.000	0.000	0.000	0.000	0.049	0.000	0.000	0.000	0.000	0.000	0.000	0.000	0.000	0.000	0.000	0.000	0.000	0.000	0.000	0.000	0.000	0.000	0.000	0.000	0.000	0.000	0.000	0.000	0.000	0.000	0.000	0.000	0.000	0.000	0.000	0.000	0.000
BGSU1097	0.054	0.101	0.029	0.024	0.137	0.008	0.003	0.070	0.003	0.103	0.055	0.246	0.020	0.010	0.001	0.001	0.001	0.001	0.001	0.001	0.044	0.001	0.001	0.001	0.001	0.001	0.015	0.015	0.001	0.000	0.000	0.000	0.000	0.000	0.000	0.000	0.000	0.000	0.005	0.000	0.005	0.000	0.000	0.000	0.000	0.000	0.000	0.000	0.000	0.000	0.000	0.000	0.000	0.019	0.010	0.000	0.000	0.000	0.000	0.000	0.000	0.000	0.000	0.010	0.000	0.000	0.000	0.000	0.000	0.000	0.000	0.000	0.000	0.000	0.000	0.000	0.000	0.000	0.000	0.000	0.000	0.000	0.000	0.000	0.000	0.000	0.000	0.000	0.000	0.000	0.000	0.000	0.000	0.000	0.000	0.000	0.000	0.000	0.000	0.000
BGSU1177	0.185	0.247	0.042	0.052	0.045	0.014	0.003	0.003	0.019	0.197	0.060	0.007	0.001	0.001	0.001	0.006	0.001	0.001	0.001	0.017	0.001	0.001	0.001	0.001	0.011	0.001	0.006	0.016	0.001	0.000	0.006	0.000	0.000	0.000	0.000	0.000	0.000	0.000	0.000	0.000	0.011	0.000	0.000	0.000	0.000	0.000	0.000	0.000	0.000	0.005	0.000	0.000	0.000	0.000	0.000	0.000	0.000	0.005	0.000	0.000	0.000	0.000	0.000	0.000	0.000	0.000	0.011	0.016	0.000	0.000	0.000	0.000	0.000	0.000	0.000	0.000	0.000	0.000	0.000	0.000	0.000	0.000	0.000	0.000	0.000	0.000	0.000	0.000	0.000	0.000	0.000	0.000	0.000	0.000	0.000	0.000	0.000	0.000	0.000	0.000
BGSU1232	0.133	0.032	0.006	0.150	0.035	0.186	0.023	0.004	0.010	0.110	0.003	0.021	0.001	0.001	0.001	0.001	0.001	0.001	0.001	0.001	0.001	0.013	0.007	0.001	0.001	0.001	0.001	0.001	0.120	0.001	0.001	0.000	0.000	0.000	0.000	0.000	0.000	0.000	0.000	0.000	0.000	0.006	0.000	0.000	0.000	0.000	0.000	0.000	0.000	0.000	0.000	0.000	0.000	0.000	0.013	0.006	0.000	0.063	0.000	0.000	0.000	0.000	0.000	0.000	0.000	0.000	0.000	0.038	0.000	0.000	0.000	0.000	0.000	0.000	0.000	0.000	0.000	0.000	0.000	0.000	0.000	0.000	0.000	0.000	0.000	0.000	0.000	0.000	0.000	0.000	0.000	0.000	0.000	0.000	0.000	0.000	0.000	0.000	0.000	0.000
SPM04015	0.088	0.067	0.009	0.029	0.002	0.017	0.034	0.002	0.002	0.092	0.103	0.138	0.001	0.018	0.006	0.059	0.030	0.024	0.021	0.001	0.000	0.000	0.000	0.000	0.000	0.000	0.000	0.000	0.000	0.000	0.000	0.023	0.000	0.000	0.000	0.000	0.000	0.000	0.000	0.000	0.000	0.000	0.212	0.003	0.000	0.000	0.000	0.000	0.000	0.000	0.000	0.000	0.000	0.000	0.000	0.000	0.000	0.000	0.000	0.015	0.000	0.000	0.000	0.000	0.000	0.000	0.000	0.000	0.000	0.000	0.000	0.000	0.000	0.000	0.000	0.000	0.000	0.000	0.000	0.000	0.000	0.000	0.000	0.000	0.000	0.000	0.000	0.000	0.000	0.000	0.000	0.000	0.000	0.000	0.000	0.000	0.000	0.000	0.000	0.000
TSNO1431	0.062	0.076	0.029	0.011	0.024	0.024	0.038	0.009	0.175	0.020	0.013	0.074	0.001	0.001	0.001	0.037	0.037	0.001	0.098	0.001	0.033	0.001	0.000	0.000	0.004	0.008	0.000	0.000	0.000	0.004	0.000	0.000	0.000	0.000	0.000	0.025	0.000	0.000	0.000	0.000	0.000	0.000	0.004	0.000	0.025	0.000	0.000	0.000	0.000	0.000	0.000	0.000	0.000	0.000	0.000	0.004	0.000	0.000	0.000	0.000	0.000	0.000	0.000	0.000	0.000	0.000	0.000	0.000	0.000	0.000	0.000	0.000	0.000	0.000	0.000	0.000	0.004	0.000	0.000	0.152	0.000	0.000	0.000	0.000	0.000	0.000	0.000	0.000	0.000	0.000	0.000	0.000	0.000	0.000	0.000	0.000	0.000	0.000	0.000	0.000
ITRS2018	0.074	0.026	0.038	0.017	0.041	0.075	0.067	0.024	0.028	0.024	0.126	0.002	0.018	0.026	0.001	0.001	0.039	0.001	0.048	0.048	0.001	0.001	0.026	0.000	0.005	0.001	0.013	0.005	0.060	0.000	0.000	0.000	0.000	0.081	0.000	0.000	0.000	0.000	0.000	0.000	0.000	0.000	0.000	0.017	0.000	0.000	0.000	0.000	0.000	0.000	0.000	0.000	0.000	0.038	0.000	0.000	0.000	0.000	0.000	0.000	0.000	0.000	0.000	0.000	0.000	0.000	0.000	0.000	0.000	0.000	0.000	0.000	0.000	0.000	0.000	0.000	0.000	0.000	0.000	0.000	0.000	0.000	0.000	0.000	0.000	0.000	0.000	0.000	0.000	0.000	0.000	0.000	0.026	0.000	0.000	0.000	0.000	0.000	0.000	0.000
FIAB3003	0.049	0.028	0.016	0.059	0.034	0.050	0.046	0.010	0.073	0.180	0.006	0.002	0.001	0.005	0.009	0.064	0.001	0.013	0.040	0.001	0.001	0.001	0.012	0.000	0.091	0.008	0.000	0.000	0.000	0.000	0.000	0.000	0.186	0.000	0.000	0.000	0.000	0.000	0.008	0.000	0.000	0.000	0.000	0.000	0.000	0.000	0.000	0.000	0.000	0.000	0.000	0.000	0.000	0.000	0.000	0.000	0.000	0.000	0.000	0.000	0.000	0.000	0.000	0.000	0.000	0.000	0.000	0.000	0.000	0.000	0.000	0.000	0.000	0.000	0.000	0.000	0.000	0.000	0.000	0.000	0.000	0.000	0.000	0.000	0.000	0.000	0.000	0.000	0.000	0.000	0.000	0.000	0.000	0.000	0.000	0.000	0.000	0.000	0.000	0.000
BGSU1245	0.134	0.082	0.004	0.017	0.196	0.029	0.076	0.076	0.075	0.110	0.002	0.002	0.001	0.009	0.001	0.001	0.001	0.005	0.001	0.001	0.001	0.009	0.022	0.000	0.000	0.001	0.048	0.000	0.000	0.000	0.000	0.005	0.000	0.000	0.069	0.000	0.013	0.000	0.000	0.000	0.000	0.000	0.000	0.000	0.000	0.000	0.000	0.000	0.000	0.000	0.000	0.000	0.000	0.000	0.000	0.000	0.000	0.000	0.000	0.000	0.000	0.000	0.000	0.000	0.000	0.000	0.000	0.000	0.000	0.000	0.000	0.000	0.000	0.000	0.004	0.000	0.000	0.000	0.000	0.000	0.000	0.000	0.000	0.000	0.000	0.000	0.000	0.000	0.000	0.000	0.000	0.000	0.000	0.000	0.000	0.000	0.000	0.000	0.000	0.000
RUMO5012	0.096	0.006	0.110	0.134	0.003	0.028	0.013	0.172	0.092	0.028	0.062	0.002	0.011	0.001	0.001	0.046	0.001	0.006	0.006	0.001	0.001	0.001	0.001	0.001	0.011	0.001	0.070	0.001	0.001	0.000	0.020	0.000	0.000	0.005	0.000	0.010	0.000	0.000	0.000	0.000	0.000	0.000	0.000	0.000	0.000	0.000	0.000	0.000	0.000	0.000	0.000	0.000	0.000	0.000	0.000	0.000	0.000	0.000	0.000	0.000	0.000	0.000	0.000	0.000	0.000	0.000	0.000	0.000	0.000	0.000	0.000	0.000	0.000	0.000	0.000	0.000	0.000	0.000	0.055	0.000	0.000	0.000	0.000	0.000	0.000	0.000	0.000	0.000	0.000	0.000	0.000	0.000	0.000	0.000	0.000	0.000	0.000	0.000	0.000	0.000
BGSU1044	0.074	0.088	0.076	0.038	0.109	0.068	0.071	0.014	0.021	0.105	0.101	0.013	0.005	0.001	0.001	0.001	0.008	0.001	0.001	0.035	0.020	0.020	0.000	0.000	0.000	0.000	0.004	0.000	0.000	0.000	0.000	0.000	0.016	0.000	0.046	0.000	0.000	0.000	0.004	0.000	0.000	0.000	0.000	0.000	0.000	0.000	0.000	0.000	0.000	0.000	0.000	0.000	0.000	0.000	0.000	0.000	0.000	0.000	0.000	0.008	0.000	0.000	0.000	0.000	0.000	0.000	0.000	0.000	0.000	0.000	0.000	0.000	0.000	0.000	0.000	0.000	0.000	0.000	0.000	0.000	0.000	0.000	0.000	0.000	0.000	0.000	0.000	0.000	0.000	0.000	0.046	0.000	0.000	0.000	0.000	0.000	0.000	0.000	0.000	0.000
FIHE1013	0.168	0.011	0.182	0.112	0.023	0.087	0.013	0.131	0.042	0.003	0.056	0.017	0.006	0.001	0.001	0.001	0.001	0.001	0.001	0.001	0.035	0.001	0.001	0.001	0.001	0.001	0.054	0.001	0.001	0.010	0.000	0.000	0.000	0.000	0.000	0.000	0.000	0.000	0.000	0.000	0.000	0.000	0.000	0.034	0.000	0.000	0.000	0.000	0.000	0.000	0.000	0.000	0.000	0.000	0.000	0.000	0.000	0.000	0.000	0.000	0.000	0.000	0.000	0.000	0.000	0.000	0.000	0.000	0.000	0.000	0.000	0.000	0.000	0.000	0.000	0.000	0.000	0.000	0.000	0.000	0.000	0.000	0.000	0.000	0.000	0.000	0.000	0.000	0.000	0.000	0.000	0.000	0.000	0.000	0.000	0.000	0.000	0.000	0.000	0.000
RUMO8005	0.085	0.191	0.058	0.048	0.034	0.047	0.029	0.038	0.007	0.003	0.002	0.002	0.001	0.001	0.001	0.089	0.023	0.098	0.023	0.001	0.001	0.001	0.027	0.000	0.000	0.036	0.000	0.000	0.001	0.000	0.000	0.000	0.000	0.000	0.036	0.000	0.005	0.000	0.000	0.000	0.000	0.000	0.000	0.000	0.000	0.000	0.013	0.000	0.000	0.000	0.000	0.000	0.022	0.000	0.000	0.000	0.000	0.000	0.000	0.000	0.000	0.000	0.000	0.022	0.000	0.000	0.000	0.000	0.000	0.000	0.000	0.000	0.000	0.000	0.000	0.000	0.000	0.000	0.000	0.000	0.000	0.000	0.000	0.000	0.000	0.000	0.000	0.000	0.000	0.000	0.000	0.000	0.000	0.049	0.000	0.000	0.000	0.000	0.000	0.000
ITVE3002	0.011	0.153	0.294	0.014	0.008	0.092	0.111	0.008	0.037	0.023	0.022	0.007	0.006	0.060	0.065	0.001	0.001	0.001	0.001	0.006	0.001	0.055	0.001	0.001	0.001	0.001	0.000	0.001	0.001	0.000	0.000	0.010	0.000	0.005	0.000	0.000	0.000	0.000	0.000	0.000	0.000	0.000	0.000	0.000	0.000	0.000	0.000	0.000	0.000	0.000	0.000	0.000	0.000	0.000	0.000	0.000	0.000	0.000	0.000	0.000	0.000	0.000	0.000	0.000	0.000	0.000	0.000	0.000	0.000	0.000	0.000	0.000	0.000	0.000	0.000	0.000	0.000	0.000	0.000	0.000	0.000	0.000	0.000	0.000	0.000	0.000	0.000	0.000	0.000	0.000	0.000	0.000	0.000	0.000	0.000	0.000	0.000	0.000	0.000	0.000
BGSU1031	0.132	0.210	0.028	0.093	0.031	0.036	0.008	0.110	0.003	0.003	0.077	0.002	0.024	0.038	0.001	0.001	0.001	0.094	0.001	0.001	0.029	0.001	0.001	0.005	0.001	0.024	0.000	0.000	0.005	0.000	0.000	0.014	0.000	0.000	0.005	0.000	0.000	0.000	0.000	0.014	0.000	0.000	0.000	0.000	0.000	0.000	0.000	0.000	0.000	0.000	0.000	0.000	0.000	0.000	0.005	0.000	0.000	0.000	0.000	0.000	0.000	0.000	0.000	0.000	0.000	0.000	0.000	0.000	0.000	0.000	0.000	0.000	0.000	0.000	0.000	0.000	0.000	0.000	0.000	0.000	0.000	0.000	0.000	0.000	0.000	0.000	0.000	0.000	0.000	0.000	0.000	0.000	0.000	0.000	0.000	0.000	0.000	0.000	0.000	0.000
BGSU1146	0.043	0.038	0.017	0.008	0.003	0.132	0.136	0.028	0.027	0.007	0.002	0.002	0.001	0.001	0.001	0.001	0.005	0.001	0.001	0.001	0.009	0.059	0.167	0.005	0.000	0.001	0.005	0.000	0.071	0.000	0.000	0.000	0.000	0.000	0.000	0.000	0.050	0.000	0.000	0.000	0.000	0.000	0.000	0.000	0.000	0.021	0.000	0.000	0.029	0.000	0.000	0.000	0.000	0.000	0.000	0.000	0.000	0.000	0.000	0.000	0.079	0.000	0.000	0.000	0.029	0.000	0.000	0.000	0.000	0.000	0.000	0.000	0.000	0.017	0.000	0.000	0.000	0.000	0.000	0.000	0.000	0.000	0.000	0.000	0.000	0.000	0.000	0.000	0.000	0.000	0.000	0.000	0.000	0.000	0.000	0.000	0.000	0.000	0.000	0.000
FIJO1036	0.216	0.041	0.188	0.067	0.049	0.033	0.036	0.066	0.045	0.042	0.022	0.001	0.001	0.001	0.017	0.024	0.001	0.001	0.001	0.014	0.027	0.000	0.000	0.000	0.007	0.000	0.031	0.000	0.004	0.000	0.000	0.000	0.000	0.000	0.000	0.000	0.000	0.000	0.000	0.000	0.000	0.000	0.000	0.000	0.000	0.000	0.000	0.000	0.000	0.000	0.000	0.000	0.000	0.000	0.000	0.000	0.061	0.000	0.000	0.000	0.000	0.000	0.000	0.000	0.000	0.000	0.000	0.000	0.000	0.000	0.000	0.000	0.000	0.000	0.000	0.000	0.000	0.000	0.000	0.000	0.000	0.000	0.000	0.000	0.000	0.000	0.000	0.000	0.000	0.000	0.000	0.000	0.000	0.000	0.000	0.000	0.000	0.000	0.000	0.000
FIJY1035	0.067	0.106	0.287	0.080	0.018	0.099	0.044	0.013	0.043	0.043	0.053	0.012	0.001	0.001	0.001	0.001	0.001	0.001	0.001	0.001	0.056	0.016	0.001	0.001	0.001	0.001	0.000	0.001	0.001	0.000	0.000	0.000	0.031	0.000	0.000	0.000	0.000	0.000	0.000	0.000	0.000	0.000	0.000	0.000	0.000	0.010	0.000	0.000	0.000	0.000	0.000	0.005	0.000	0.000	0.000	0.000	0.000	0.000	0.000	0.000	0.000	0.000	0.000	0.000	0.000	0.000	0.000	0.000	0.000	0.000	0.000	0.000	0.000	0.000	0.000	0.000	0.000	0.000	0.000	0.000	0.000	0.000	0.000	0.000	0.000	0.000	0.000	0.000	0.000	0.000	0.000	0.000	0.000	0.000	0.000	0.000	0.000	0.000	0.000	0.000
BGSU1208	0.201	0.126	0.161	0.078	0.006	0.020	0.060	0.056	0.009	0.016	0.002	0.005	0.001	0.008	0.001	0.043	0.036	0.036	0.040	0.001	0.000	0.001	0.000	0.008	0.000	0.000	0.007	0.000	0.004	0.015	0.000	0.000	0.000	0.000	0.000	0.000	0.000	0.000	0.025	0.000	0.000	0.000	0.000	0.000	0.000	0.000	0.000	0.000	0.000	0.000	0.007	0.000	0.000	0.000	0.000	0.000	0.000	0.000	0.000	0.000	0.000	0.018	0.000	0.000	0.000	0.000	0.000	0.000	0.000	0.000	0.004	0.000	0.000	0.000	0.000	0.000	0.000	0.000	0.000	0.000	0.000	0.000	0.000	0.000	0.000	0.000	0.000	0.000	0.000	0.000	0.000	0.000	0.000	0.000	0.000	0.000	0.000	0.000	0.000	0.000
CZPR3011	0.054	0.017	0.040	0.040	0.003	0.019	0.043	0.035	0.351	0.010	0.002	0.103	0.001	0.001	0.001	0.001	0.001	0.009	0.013	0.001	0.001	0.001	0.001	0.000	0.000	0.000	0.004	0.000	0.000	0.000	0.000	0.000	0.000	0.000	0.004	0.000	0.000	0.000	0.000	0.000	0.000	0.000	0.000	0.000	0.000	0.000	0.000	0.000	0.000	0.000	0.000	0.000	0.000	0.000	0.000	0.000	0.000	0.000	0.000	0.000	0.000	0.000	0.000	0.000	0.000	0.239	0.000	0.000	0.000	0.000	0.000	0.000	0.000	0.000	0.000	0.000	0.000	0.000	0.000	0.000	0.000	0.000	0.000	0.000	0.000	0.000	0.000	0.000	0.000	0.000	0.000	0.000	0.000	0.000	0.000	0.000	0.000	0.000	0.000	0.000
BGSU1013	0.167	0.072	0.045	0.067	0.003	0.017	0.012	0.088	0.016	0.012	0.007	0.011	0.010	0.001	0.014	0.086	0.001	0.001	0.001	0.001	0.032	0.050	0.054	0.009	0.014	0.001	0.000	0.045	0.001	0.000	0.000	0.000	0.005	0.000	0.000	0.000	0.000	0.000	0.000	0.000	0.000	0.000	0.000	0.000	0.000	0.144	0.005	0.000	0.000	0.000	0.000	0.000	0.000	0.000	0.000	0.000	0.000	0.000	0.000	0.000	0.000	0.000	0.000	0.000	0.000	0.000	0.000	0.000	0.000	0.000	0.000	0.000	0.000	0.000	0.000	0.000	0.000	0.000	0.000	0.000	0.000	0.000	0.000	0.000	0.000	0.000	0.000	0.000	0.000	0.000	0.000	0.000	0.000	0.000	0.000	0.000	0.000	0.000	0.005	0.000
FIAB3004	0.073	0.064	0.012	0.127	0.258	0.031	0.003	0.138	0.010	0.058	0.018	0.002	0.041	0.001	0.001	0.001	0.001	0.041	0.001	0.001	0.001	0.001	0.012	0.000	0.000	0.016	0.008	0.024	0.000	0.004	0.000	0.000	0.000	0.000	0.024	0.000	0.000	0.000	0.000	0.000	0.000	0.000	0.000	0.000	0.000	0.000	0.008	0.000	0.000	0.012	0.000	0.000	0.000	0.000	0.000	0.000	0.000	0.000	0.000	0.000	0.000	0.000	0.000	0.000	0.000	0.000	0.000	0.000	0.000	0.000	0.000	0.000	0.000	0.000	0.000	0.000	0.000	0.000	0.000	0.000	0.004	0.000	0.000	0.000	0.000	0.000	0.000	0.000	0.000	0.000	0.000	0.000	0.000	0.000	0.000	0.000	0.000	0.000	0.000	0.000
BGSU1150	0.082	0.116	0.044	0.081	0.002	0.055	0.064	0.067	0.008	0.039	0.001	0.007	0.016	0.001	0.000	0.001	0.016	0.001	0.001	0.010	0.000	0.088	0.004	0.000	0.000	0.000	0.035	0.000	0.000	0.000	0.000	0.000	0.000	0.000	0.000	0.000	0.000	0.000	0.000	0.009	0.000	0.000	0.000	0.000	0.000	0.000	0.000	0.000	0.050	0.000	0.016	0.000	0.000	0.000	0.031	0.000	0.000	0.000	0.000	0.000	0.000	0.000	0.000	0.000	0.000	0.000	0.000	0.000	0.000	0.041	0.000	0.000	0.000	0.000	0.000	0.000	0.000	0.000	0.000	0.000	0.003	0.000	0.000	0.000	0.000	0.000	0.000	0.000	0.000	0.000	0.000	0.000	0.000	0.000	0.106	0.000	0.000	0.000	0.000	0.000
BGSU1216	0.057	0.144	0.092	0.170	0.035	0.086	0.049	0.100	0.035	0.026	0.021	0.002	0.038	0.001	0.001	0.001	0.001	0.001	0.019	0.001	0.001	0.001	0.001	0.001	0.001	0.001	0.014	0.000	0.001	0.000	0.000	0.000	0.000	0.000	0.000	0.000	0.023	0.000	0.042	0.000	0.000	0.000	0.000	0.000	0.000	0.000	0.000	0.000	0.000	0.000	0.000	0.000	0.000	0.000	0.032	0.000	0.000	0.000	0.000	0.000	0.000	0.000	0.000	0.000	0.000	0.000	0.000	0.000	0.000	0.000	0.000	0.000	0.000	0.000	0.000	0.000	0.000	0.000	0.000	0.000	0.000	0.000	0.000	0.000	0.000	0.000	0.000	0.000	0.000	0.000	0.000	0.000	0.000	0.000	0.000	0.000	0.000	0.000	0.000	0.000
BGSU1015	0.041	0.079	0.061	0.022	0.104	0.171	0.070	0.020	0.009	0.137	0.008	0.036	0.001	0.001	0.001	0.001	0.001	0.045	0.018	0.007	0.051	0.001	0.001	0.006	0.001	0.001	0.000	0.001	0.073	0.012	0.000	0.000	0.000	0.000	0.000	0.000	0.000	0.000	0.000	0.000	0.000	0.000	0.000	0.000	0.000	0.000	0.000	0.000	0.000	0.000	0.000	0.000	0.000	0.000	0.000	0.000	0.000	0.000	0.000	0.000	0.000	0.000	0.000	0.000	0.000	0.000	0.000	0.000	0.000	0.000	0.000	0.000	0.000	0.000	0.000	0.017	0.000	0.000	0.000	0.000	0.000	0.000	0.000	0.000	0.000	0.000	0.000	0.000	0.000	0.000	0.000	0.000	0.000	0.000	0.000	0.000	0.000	0.000	0.000	0.000
CZKR1001	0.074	0.094	0.030	0.193	0.002	0.092	0.089	0.032	0.112	0.002	0.045	0.008	0.004	0.001	0.031	0.001	0.004	0.017	0.001	0.004	0.000	0.000	0.000	0.007	0.000	0.000	0.000	0.000	0.004	0.000	0.000	0.000	0.077	0.000	0.004	0.000	0.000	0.000	0.000	0.000	0.000	0.000	0.000	0.000	0.000	0.000	0.000	0.000	0.000	0.000	0.000	0.000	0.000	0.000	0.000	0.000	0.000	0.067	0.000	0.000	0.000	0.000	0.000	0.000	0.000	0.000	0.000	0.000	0.000	0.000	0.000	0.000	0.000	0.000	0.000	0.000	0.000	0.000	0.000	0.000	0.000	0.000	0.000	0.000	0.000	0.000	0.000	0.000	0.000	0.000	0.000	0.000	0.000	0.000	0.000	0.000	0.000	0.000	0.000	0.000
SWUL1001	0.006	0.044	0.194	0.116	0.154	0.023	0.032	0.018	0.100	0.003	0.002	0.007	0.001	0.006	0.030	0.054	0.001	0.011	0.001	0.001	0.001	0.001	0.001	0.005	0.001	0.025	0.000	0.000	0.015	0.000	0.000	0.000	0.000	0.034	0.000	0.000	0.000	0.000	0.000	0.000	0.000	0.000	0.000	0.000	0.097	0.000	0.000	0.000	0.000	0.000	0.000	0.000	0.000	0.000	0.000	0.005	0.000	0.000	0.000	0.000	0.000	0.000	0.000	0.000	0.000	0.000	0.000	0.000	0.000	0.000	0.000	0.000	0.000	0.000	0.000	0.000	0.000	0.000	0.005	0.000	0.000	0.000	0.000	0.000	0.000	0.000	0.000	0.000	0.000	0.000	0.000	0.000	0.000	0.000	0.000	0.000	0.000	0.000	0.000	0.000
CZPR2039	0.108	0.027	0.043	0.250	0.003	0.089	0.083	0.041	0.125	0.008	0.045	0.034	0.001	0.001	0.001	0.017	0.001	0.001	0.001	0.001	0.001	0.001	0.001	0.001	0.001	0.001	0.000	0.001	0.001	0.000	0.016	0.000	0.000	0.000	0.000	0.000	0.000	0.000	0.000	0.000	0.000	0.000	0.000	0.000	0.000	0.000	0.000	0.000	0.000	0.059	0.000	0.000	0.000	0.000	0.000	0.000	0.000	0.000	0.000	0.000	0.000	0.000	0.000	0.000	0.000	0.000	0.000	0.000	0.000	0.032	0.000	0.000	0.000	0.000	0.000	0.000	0.000	0.000	0.000	0.000	0.000	0.000	0.000	0.000	0.000	0.000	0.000	0.000	0.000	0.000	0.000	0.000	0.000	0.000	0.000	0.000	0.000	0.000	0.000	0.000
RUMO6014	0.092	0.058	0.029	0.070	0.011	0.102	0.048	0.023	0.006	0.040	0.031	0.109	0.009	0.001	0.001	0.001	0.001	0.054	0.001	0.001	0.001	0.038	0.001	0.005	0.000	0.005	0.033	0.000	0.000	0.000	0.004	0.033	0.000	0.000	0.000	0.013	0.000	0.004	0.070	0.000	0.000	0.000	0.000	0.000	0.000	0.000	0.000	0.000	0.000	0.000	0.000	0.000	0.000	0.000	0.000	0.000	0.000	0.000	0.000	0.000	0.000	0.000	0.000	0.000	0.000	0.000	0.000	0.000	0.000	0.000	0.000	0.058	0.000	0.000	0.000	0.000	0.000	0.000	0.000	0.000	0.000	0.000	0.000	0.000	0.000	0.000	0.000	0.041	0.000	0.000	0.000	0.000	0.000	0.000	0.000	0.000	0.000	0.000	0.000	0.000
FRUB2003	0.045	0.031	0.052	0.008	0.029	0.142	0.059	0.055	0.072	0.003	0.128	0.062	0.044	0.001	0.009	0.001	0.053	0.001	0.001	0.005	0.009	0.005	0.031	0.000	0.000	0.018	0.091	0.000	0.000	0.000	0.000	0.000	0.000	0.000	0.000	0.005	0.000	0.000	0.000	0.000	0.000	0.000	0.004	0.000	0.000	0.000	0.000	0.000	0.000	0.000	0.000	0.000	0.000	0.000	0.000	0.000	0.000	0.000	0.000	0.000	0.000	0.000	0.000	0.030	0.000	0.000	0.000	0.000	0.000	0.000	0.000	0.000	0.000	0.000	0.000	0.000	0.000	0.000	0.000	0.000	0.000	0.000	0.000	0.000	0.000	0.000	0.000	0.000	0.000	0.000	0.000	0.000	0.000	0.000	0.000	0.000	0.000	0.000	0.000	0.000
CZPR2025	0.094	0.060	0.079	0.289	0.011	0.064	0.018	0.063	0.037	0.063	0.122	0.009	0.008	0.001	0.001	0.001	0.028	0.001	0.001	0.008	0.001	0.001	0.001	0.001	0.001	0.001	0.027	0.001	0.001	0.001	0.001	0.001	0.000	0.000	0.000	0.000	0.000	0.000	0.000	0.000	0.000	0.000	0.000	0.000	0.000	0.000	0.000	0.000	0.000	0.000	0.000	0.000	0.000	0.000	0.000	0.000	0.000	0.000	0.000	0.000	0.000	0.000	0.000	0.000	0.000	0.000	0.000	0.000	0.000	0.000	0.000	0.000	0.000	0.000	0.000	0.000	0.000	0.000	0.000	0.000	0.000	0.000	0.000	0.000	0.000	0.000	0.000	0.000	0.000	0.000	0.000	0.000	0.000	0.000	0.000	0.000	0.000	0.000	0.000	0.000
FRUL1012	0.073	0.021	0.100	0.024	0.016	0.013	0.040	0.054	0.005	0.002	0.078	0.070	0.056	0.056	0.070	0.001	0.032	0.001	0.001	0.045	0.000	0.001	0.000	0.004	0.000	0.000	0.000	0.000	0.073	0.007	0.000	0.000	0.000	0.000	0.004	0.000	0.000	0.000	0.000	0.000	0.000	0.000	0.000	0.000	0.000	0.000	0.114	0.000	0.010	0.017	0.000	0.000	0.000	0.007	0.000	0.000	0.000	0.000	0.000	0.000	0.000	0.000	0.000	0.000	0.000	0.000	0.000	0.000	0.000	0.000	0.000	0.000	0.000	0.000	0.000	0.000	0.000	0.000	0.000	0.000	0.000	0.000	0.000	0.000	0.000	0.000	0.000	0.000	0.000	0.000	0.000	0.000	0.000	0.000	0.000	0.000	0.000	0.000	0.000	0.000
BGSU1101	0.028	0.055	0.075	0.010	0.009	0.144	0.004	0.003	0.014	0.073	0.035	0.126	0.136	0.006	0.017	0.001	0.001	0.076	0.001	0.022	0.038	0.001	0.033	0.001	0.001	0.011	0.000	0.001	0.006	0.000	0.000	0.022	0.000	0.000	0.000	0.000	0.000	0.000	0.000	0.000	0.000	0.011	0.000	0.000	0.000	0.000	0.000	0.000	0.000	0.022	0.000	0.000	0.000	0.000	0.000	0.000	0.000	0.000	0.000	0.000	0.000	0.000	0.000	0.000	0.000	0.000	0.000	0.000	0.000	0.000	0.000	0.000	0.000	0.000	0.000	0.000	0.000	0.000	0.000	0.000	0.000	0.000	0.000	0.000	0.000	0.000	0.000	0.000	0.000	0.000	0.000	0.000	0.011	0.000	0.000	0.000	0.000	0.000	0.000	0.000
FRUB1030	0.084	0.080	0.015	0.007	0.006	0.044	0.014	0.006	0.021	0.044	0.002	0.077	0.084	0.255	0.001	0.001	0.031	0.004	0.016	0.016	0.004	0.001	0.000	0.000	0.023	0.000	0.000	0.000	0.000	0.000	0.000	0.061	0.000	0.000	0.023	0.000	0.000	0.000	0.000	0.000	0.000	0.000	0.000	0.000	0.000	0.000	0.000	0.000	0.000	0.072	0.000	0.000	0.000	0.000	0.000	0.000	0.000	0.000	0.000	0.000	0.000	0.000	0.000	0.000	0.000	0.000	0.000	0.000	0.000	0.000	0.000	0.000	0.000	0.000	0.000	0.000	0.000	0.000	0.000	0.000	0.000	0.000	0.000	0.000	0.000	0.000	0.000	0.000	0.000	0.000	0.000	0.000	0.000	0.000	0.000	0.000	0.000	0.000	0.000	0.000
CZPR3049	0.162	0.009	0.095	0.082	0.032	0.056	0.086	0.081	0.015	0.002	0.015	0.009	0.001	0.000	0.104	0.000	0.001	0.000	0.025	0.039	0.000	0.000	0.000	0.014	0.000	0.047	0.000	0.000	0.000	0.000	0.000	0.000	0.000	0.000	0.000	0.000	0.000	0.000	0.000	0.000	0.000	0.000	0.000	0.000	0.000	0.000	0.000	0.000	0.000	0.000	0.000	0.016	0.000	0.000	0.000	0.000	0.000	0.000	0.000	0.000	0.003	0.000	0.000	0.000	0.000	0.000	0.000	0.000	0.000	0.000	0.000	0.000	0.000	0.101	0.000	0.000	0.000	0.000	0.000	0.000	0.000	0.000	0.000	0.000	0.000	0.000	0.000	0.000	0.000	0.000	0.000	0.000	0.000	0.000	0.000	0.000	0.000	0.000	0.000	0.000
FRUC3088	0.042	0.136	0.079	0.026	0.063	0.070	0.104	0.006	0.025	0.025	0.013	0.080	0.005	0.001	0.034	0.001	0.001	0.001	0.004	0.001	0.001	0.001	0.000	0.000	0.004	0.000	0.000	0.094	0.000	0.000	0.000	0.000	0.000	0.000	0.000	0.000	0.000	0.000	0.000	0.000	0.000	0.000	0.000	0.000	0.000	0.000	0.000	0.000	0.000	0.000	0.000	0.000	0.000	0.000	0.000	0.038	0.000	0.000	0.000	0.000	0.000	0.000	0.075	0.000	0.000	0.000	0.008	0.000	0.000	0.000	0.053	0.000	0.000	0.000	0.000	0.000	0.000	0.000	0.000	0.000	0.000	0.000	0.000	0.000	0.000	0.000	0.004	0.000	0.000	0.000	0.000	0.000	0.000	0.000	0.000	0.000	0.000	0.000	0.000	0.000
BGSU1076	0.201	0.105	0.026	0.095	0.081	0.042	0.020	0.003	0.002	0.107	0.037	0.006	0.027	0.022	0.001	0.001	0.010	0.027	0.001	0.022	0.001	0.001	0.009	0.009	0.009	0.053	0.000	0.000	0.061	0.000	0.000	0.000	0.009	0.000	0.000	0.000	0.000	0.000	0.000	0.000	0.000	0.000	0.000	0.000	0.000	0.000	0.000	0.000	0.000	0.000	0.000	0.000	0.000	0.000	0.009	0.000	0.000	0.000	0.000	0.000	0.000	0.000	0.000	0.000	0.000	0.000	0.000	0.000	0.000	0.000	0.000	0.000	0.000	0.000	0.000	0.000	0.000	0.000	0.000	0.000	0.000	0.000	0.000	0.000	0.000	0.000	0.000	0.000	0.000	0.000	0.000	0.000	0.000	0.000	0.000	0.000	0.000	0.000	0.000	0.000
BGSU1123	0.073	0.086	0.091	0.138	0.008	0.223	0.060	0.003	0.003	0.112	0.017	0.040	0.015	0.020	0.010	0.001	0.001	0.001	0.001	0.001	0.020	0.001	0.001	0.001	0.001	0.001	0.000	0.000	0.001	0.024	0.000	0.000	0.000	0.000	0.000	0.000	0.000	0.000	0.000	0.043	0.000	0.000	0.000	0.000	0.000	0.000	0.000	0.000	0.000	0.000	0.000	0.000	0.000	0.000	0.000	0.000	0.000	0.000	0.000	0.000	0.000	0.000	0.000	0.000	0.000	0.000	0.000	0.000	0.000	0.000	0.000	0.000	0.000	0.000	0.000	0.000	0.000	0.000	0.000	0.000	0.000	0.000	0.000	0.000	0.000	0.000	0.000	0.000	0.000	0.000	0.000	0.000	0.000	0.000	0.000	0.000	0.000	0.000	0.000	0.000
BGSU1034	0.107	0.091	0.169	0.084	0.088	0.009	0.009	0.125	0.024	0.088	0.034	0.023	0.022	0.001	0.001	0.075	0.001	0.001	0.001	0.001	0.006	0.001	0.001	0.001	0.001	0.006	0.000	0.001	0.006	0.000	0.000	0.000	0.000	0.000	0.011	0.000	0.000	0.005	0.000	0.000	0.000	0.000	0.000	0.000	0.000	0.000	0.000	0.000	0.000	0.000	0.000	0.000	0.000	0.000	0.000	0.000	0.000	0.000	0.000	0.000	0.000	0.000	0.000	0.000	0.000	0.000	0.000	0.000	0.000	0.000	0.000	0.000	0.000	0.000	0.000	0.000	0.000	0.000	0.000	0.000	0.000	0.000	0.000	0.000	0.000	0.000	0.000	0.000	0.000	0.000	0.000	0.000	0.000	0.000	0.000	0.000	0.000	0.000	0.000	0.000
CZKR1005	0.090	0.127	0.031	0.017	0.009	0.101	0.033	0.040	0.087	0.036	0.039	0.001	0.001	0.007	0.007	0.001	0.001	0.004	0.048	0.072	0.011	0.000	0.000	0.000	0.000	0.000	0.079	0.000	0.000	0.000	0.000	0.000	0.010	0.000	0.000	0.000	0.041	0.000	0.000	0.000	0.000	0.000	0.000	0.038	0.000	0.000	0.000	0.000	0.000	0.000	0.000	0.000	0.000	0.000	0.000	0.000	0.000	0.000	0.000	0.000	0.000	0.000	0.000	0.000	0.000	0.000	0.000	0.010	0.000	0.000	0.000	0.000	0.000	0.000	0.000	0.000	0.000	0.000	0.000	0.000	0.000	0.000	0.000	0.000	0.000	0.000	0.000	0.051	0.000	0.000	0.000	0.000	0.000	0.000	0.000	0.000	0.000	0.000	0.000	0.000
RUMO3008	0.163	0.052	0.034	0.075	0.009	0.064	0.016	0.074	0.002	0.009	0.009	0.056	0.001	0.001	0.128	0.001	0.018	0.004	0.001	0.001	0.000	0.107	0.007	0.000	0.000	0.000	0.048	0.000	0.000	0.000	0.000	0.004	0.000	0.000	0.000	0.000	0.000	0.000	0.096	0.000	0.000	0.000	0.000	0.000	0.000	0.000	0.000	0.000	0.000	0.000	0.014	0.000	0.000	0.000	0.000	0.000	0.000	0.000	0.000	0.000	0.000	0.000	0.000	0.000	0.000	0.000	0.000	0.000	0.000	0.000	0.000	0.000	0.000	0.000	0.000	0.000	0.000	0.000	0.000	0.000	0.000	0.000	0.000	0.000	0.000	0.000	0.000	0.000	0.000	0.000	0.000	0.000	0.000	0.000	0.000	0.000	0.000	0.000	0.000	0.000
NOHO1046	0.166	0.138	0.082	0.016	0.124	0.004	0.102	0.047	0.030	0.096	0.024	0.013	0.023	0.001	0.001	0.017	0.001	0.001	0.001	0.001	0.023	0.001	0.001	0.001	0.001	0.001	0.000	0.012	0.001	0.000	0.000	0.000	0.006	0.006	0.000	0.000	0.000	0.000	0.000	0.000	0.055	0.000	0.000	0.000	0.000	0.000	0.000	0.000	0.000	0.000	0.000	0.000	0.000	0.000	0.000	0.000	0.000	0.000	0.000	0.000	0.000	0.000	0.000	0.000	0.000	0.000	0.000	0.000	0.000	0.000	0.000	0.000	0.000	0.000	0.000	0.000	0.000	0.000	0.000	0.000	0.000	0.000	0.000	0.000	0.000	0.000	0.000	0.000	0.000	0.000	0.000	0.000	0.000	0.000	0.000	0.000	0.000	0.000	0.000	0.000
NOHB1001	0.049	0.008	0.282	0.181	0.132	0.011	0.004	0.004	0.172	0.004	0.084	0.003	0.008	0.001	0.001	0.001	0.001	0.001	0.008	0.001	0.001	0.001	0.001	0.007	0.014	0.001	0.001	0.001	0.001	0.001	0.001	0.001	0.000	0.000	0.000	0.000	0.000	0.000	0.000	0.000	0.007	0.000	0.000	0.000	0.000	0.000	0.000	0.000	0.000	0.000	0.000	0.000	0.000	0.000	0.000	0.000	0.000	0.000	0.000	0.000	0.000	0.000	0.000	0.000	0.000	0.000	0.000	0.000	0.000	0.000	0.000	0.000	0.000	0.000	0.000	0.000	0.000	0.000	0.000	0.000	0.000	0.000	0.000	0.000	0.000	0.000	0.000	0.000	0.000	0.000	0.000	0.000	0.000	0.000	0.000	0.000	0.000	0.000	0.000	0.000
CZPR2005	0.016	0.077	0.033	0.032	0.126	0.028	0.072	0.079	0.257	0.002	0.053	0.001	0.012	0.001	0.001	0.001	0.001	0.001	0.030	0.001	0.000	0.026	0.000	0.000	0.051	0.000	0.037	0.000	0.000	0.000	0.000	0.000	0.000	0.000	0.000	0.000	0.000	0.000	0.000	0.000	0.000	0.000	0.000	0.000	0.000	0.000	0.000	0.000	0.000	0.000	0.000	0.000	0.000	0.000	0.000	0.000	0.000	0.000	0.000	0.000	0.000	0.000	0.000	0.000	0.000	0.000	0.000	0.004	0.007	0.000	0.000	0.000	0.000	0.000	0.047	0.000	0.000	0.000	0.000	0.000	0.000	0.000	0.000	0.000	0.000	0.000	0.000	0.000	0.000	0.000	0.000	0.000	0.000	0.000	0.000	0.000	0.000	0.000	0.000	0.000
TSNO1485	0.023	0.150	0.050	0.085	0.004	0.005	0.054	0.004	0.004	0.011	0.117	0.031	0.009	0.030	0.001	0.001	0.001	0.022	0.001	0.001	0.001	0.001	0.001	0.015	0.065	0.008	0.001	0.001	0.001	0.001	0.001	0.001	0.008	0.000	0.000	0.000	0.000	0.000	0.000	0.000	0.000	0.000	0.000	0.000	0.000	0.000	0.000	0.277	0.000	0.000	0.000	0.000	0.000	0.000	0.000	0.000	0.000	0.000	0.000	0.000	0.000	0.000	0.000	0.000	0.000	0.000	0.000	0.000	0.000	0.000	0.000	0.000	0.000	0.000	0.000	0.000	0.000	0.000	0.000	0.000	0.007	0.000	0.000	0.000	0.000	0.000	0.000	0.000	0.000	0.000	0.000	0.000	0.000	0.000	0.000	0.000	0.000	0.000	0.000	0.000
RUMO2013	0.020	0.065	0.087	0.166	0.002	0.101	0.086	0.169	0.010	0.055	0.089	0.055	0.001	0.001	0.001	0.001	0.008	0.001	0.001	0.001	0.023	0.016	0.000	0.000	0.000	0.000	0.023	0.000	0.000	0.000	0.000	0.000	0.000	0.000	0.000	0.000	0.000	0.000	0.000	0.000	0.000	0.000	0.000	0.000	0.000	0.000	0.000	0.000	0.000	0.000	0.000	0.000	0.000	0.000	0.000	0.000	0.000	0.008	0.000	0.004	0.000	0.000	0.000	0.000	0.000	0.000	0.000	0.000	0.000	0.000	0.000	0.000	0.000	0.000	0.000	0.000	0.000	0.000	0.000	0.000	0.000	0.000	0.000	0.000	0.000	0.000	0.000	0.000	0.000	0.000	0.000	0.000	0.000	0.000	0.000	0.000	0.000	0.000	0.000	0.000
SPM05015	0.257	0.009	0.061	0.017	0.020	0.007	0.012	0.024	0.041	0.016	0.002	0.002	0.096	0.001	0.001	0.001	0.010	0.014	0.001	0.014	0.131	0.035	0.001	0.013	0.000	0.001	0.000	0.000	0.018	0.000	0.018	0.000	0.000	0.000	0.000	0.013	0.000	0.000	0.000	0.000	0.000	0.000	0.087	0.017	0.000	0.013	0.004	0.000	0.000	0.000	0.000	0.000	0.000	0.000	0.035	0.000	0.000	0.000	0.000	0.000	0.000	0.000	0.000	0.000	0.000	0.000	0.000	0.000	0.000	0.000	0.000	0.000	0.000	0.000	0.000	0.000	0.000	0.000	0.000	0.000	0.000	0.000	0.000	0.000	0.000	0.000	0.000	0.000	0.000	0.000	0.000	0.000	0.004	0.000	0.000	0.000	0.000	0.000	0.000	0.000
FRUC3029	0.104	0.094	0.113	0.009	0.003	0.067	0.052	0.018	0.184	0.003	0.002	0.007	0.026	0.035	0.001	0.030	0.001	0.001	0.001	0.050	0.001	0.001	0.001	0.001	0.001	0.001	0.000	0.001	0.005	0.005	0.000	0.000	0.000	0.020	0.054	0.000	0.000	0.000	0.000	0.000	0.000	0.000	0.000	0.000	0.000	0.000	0.000	0.000	0.000	0.000	0.000	0.000	0.000	0.000	0.000	0.000	0.020	0.020	0.000	0.000	0.000	0.000	0.030	0.000	0.000	0.000	0.000	0.000	0.000	0.000	0.034	0.000	0.000	0.000	0.000	0.000	0.000	0.000	0.000	0.000	0.000	0.000	0.000	0.000	0.000	0.000	0.000	0.000	0.000	0.000	0.000	0.000	0.000	0.000	0.000	0.000	0.000	0.000	0.000	0.000
SWUL2002	0.150	0.016	0.021	0.015	0.141	0.033	0.030	0.104	0.125	0.017	0.017	0.001	0.003	0.024	0.000	0.000	0.001	0.003	0.000	0.044	0.000	0.000	0.000	0.000	0.034	0.026	0.044	0.000	0.000	0.000	0.010	0.000	0.003	0.000	0.000	0.000	0.000	0.000	0.000	0.000	0.000	0.003	0.000	0.010	0.000	0.000	0.000	0.000	0.000	0.000	0.000	0.000	0.000	0.000	0.000	0.018	0.103	0.000	0.000	0.000	0.000	0.000	0.000	0.000	0.000	0.000	0.000	0.000	0.000	0.000	0.000	0.000	0.000	0.000	0.000	0.000	0.000	0.000	0.000	0.000	0.000	0.000	0.000	0.000	0.000	0.000	0.000	0.000	0.000	0.000	0.000	0.000	0.000	0.000	0.000	0.000	0.000	0.000	0.000	0.000
SWUL3003	0.186	0.100	0.082	0.014	0.130	0.070	0.038	0.023	0.094	0.016	0.002	0.048	0.001	0.008	0.001	0.001	0.015	0.015	0.001	0.001	0.000	0.001	0.004	0.029	0.000	0.011	0.000	0.000	0.000	0.000	0.000	0.011	0.000	0.000	0.000	0.000	0.018	0.000	0.000	0.000	0.000	0.000	0.000	0.000	0.078	0.000	0.000	0.000	0.000	0.000	0.000	0.000	0.000	0.000	0.000	0.000	0.000	0.000	0.000	0.000	0.000	0.000	0.000	0.000	0.000	0.000	0.000	0.000	0.000	0.000	0.000	0.000	0.000	0.000	0.000	0.000	0.000	0.000	0.000	0.000	0.000	0.000	0.000	0.000	0.000	0.000	0.000	0.000	0.000	0.000	0.000	0.000	0.000	0.000	0.000	0.000	0.000	0.000	0.000	0.000
BGSU1108	0.038	0.125	0.202	0.142	0.026	0.072	0.003	0.026	0.081	0.076	0.048	0.002	0.015	0.001	0.014	0.015	0.001	0.001	0.001	0.001	0.001	0.001	0.005	0.000	0.001	0.001	0.000	0.000	0.010	0.000	0.000	0.000	0.009	0.000	0.000	0.000	0.000	0.000	0.000	0.005	0.000	0.000	0.000	0.000	0.000	0.000	0.000	0.000	0.000	0.000	0.000	0.000	0.000	0.000	0.000	0.000	0.000	0.032	0.000	0.000	0.000	0.000	0.000	0.000	0.000	0.028	0.000	0.014	0.000	0.000	0.000	0.000	0.000	0.000	0.000	0.000	0.000	0.000	0.000	0.000	0.000	0.000	0.000	0.000	0.000	0.000	0.000	0.000	0.000	0.000	0.000	0.000	0.000	0.000	0.000	0.000	0.000	0.000	0.000	0.000
NOUO1032	0.034	0.084	0.181	0.018	0.006	0.010	0.035	0.035	0.180	0.107	0.045	0.027	0.001	0.022	0.001	0.001	0.001	0.004	0.001	0.048	0.000	0.001	0.000	0.000	0.051	0.000	0.004	0.051	0.000	0.000	0.000	0.000	0.000	0.000	0.000	0.000	0.000	0.000	0.000	0.000	0.000	0.000	0.000	0.000	0.000	0.000	0.000	0.000	0.000	0.000	0.000	0.000	0.000	0.000	0.000	0.022	0.000	0.000	0.000	0.000	0.000	0.000	0.000	0.000	0.000	0.000	0.000	0.018	0.000	0.000	0.000	0.000	0.000	0.000	0.000	0.000	0.000	0.000	0.000	0.000	0.000	0.007	0.000	0.000	0.000	0.000	0.000	0.000	0.000	0.000	0.000	0.000	0.000	0.000	0.000	0.000	0.000	0.000	0.000	0.000
BGSU1003	0.162	0.097	0.079	0.070	0.011	0.011	0.102	0.002	0.043	0.022	0.004	0.013	0.001	0.003	0.000	0.000	0.001	0.000	0.001	0.059	0.000	0.000	0.000	0.071	0.000	0.000	0.000	0.000	0.003	0.003	0.000	0.006	0.000	0.000	0.000	0.000	0.000	0.000	0.115	0.000	0.000	0.000	0.000	0.000	0.000	0.000	0.000	0.000	0.000	0.000	0.000	0.000	0.000	0.000	0.000	0.000	0.000	0.000	0.000	0.000	0.000	0.000	0.114	0.000	0.000	0.000	0.000	0.000	0.000	0.000	0.000	0.000	0.000	0.000	0.000	0.000	0.000	0.000	0.000	0.000	0.000	0.000	0.000	0.000	0.000	0.000	0.000	0.000	0.000	0.000	0.000	0.000	0.000	0.000	0.000	0.000	0.000	0.000	0.000	0.000
BGSU1290	0.082	0.047	0.051	0.234	0.055	0.210	0.021	0.032	0.032	0.003	0.003	0.037	0.001	0.001	0.029	0.035	0.001	0.007	0.001	0.001	0.001	0.001	0.001	0.001	0.001	0.001	0.001	0.001	0.001	0.001	0.000	0.006	0.000	0.000	0.000	0.000	0.000	0.000	0.000	0.000	0.000	0.000	0.000	0.000	0.000	0.017	0.000	0.000	0.000	0.000	0.000	0.000	0.000	0.000	0.000	0.017	0.000	0.000	0.000	0.000	0.000	0.000	0.000	0.000	0.000	0.000	0.000	0.000	0.000	0.000	0.000	0.000	0.000	0.000	0.000	0.000	0.000	0.063	0.000	0.000	0.000	0.000	0.000	0.000	0.000	0.000	0.000	0.000	0.000	0.000	0.000	0.000	0.000	0.000	0.000	0.000	0.000	0.000	0.000	0.000
FRUC3074	0.197	0.005	0.155	0.022	0.030	0.012	0.048	0.035	0.157	0.003	0.007	0.002	0.001	0.051	0.001	0.042	0.101	0.001	0.001	0.014	0.001	0.001	0.001	0.005	0.001	0.001	0.000	0.000	0.001	0.000	0.000	0.000	0.000	0.000	0.000	0.009	0.000	0.000	0.000	0.000	0.000	0.000	0.000	0.000	0.000	0.000	0.000	0.000	0.000	0.000	0.000	0.000	0.000	0.000	0.000	0.000	0.000	0.087	0.000	0.000	0.000	0.000	0.000	0.005	0.000	0.000	0.000	0.000	0.000	0.000	0.000	0.000	0.000	0.000	0.000	0.000	0.000	0.000	0.000	0.000	0.000	0.000	0.000	0.000	0.000	0.000	0.000	0.000	0.000	0.000	0.000	0.000	0.000	0.000	0.000	0.000	0.000	0.000	0.000	0.000
NOUO1027	0.121	0.035	0.151	0.011	0.076	0.003	0.006	0.138	0.018	0.114	0.037	0.048	0.028	0.005	0.001	0.016	0.001	0.001	0.012	0.035	0.001	0.001	0.000	0.031	0.000	0.020	0.004	0.000	0.004	0.004	0.000	0.000	0.000	0.000	0.000	0.000	0.000	0.000	0.000	0.000	0.000	0.000	0.000	0.000	0.000	0.000	0.000	0.000	0.000	0.000	0.000	0.000	0.000	0.000	0.000	0.000	0.008	0.000	0.000	0.000	0.000	0.000	0.000	0.000	0.000	0.000	0.000	0.008	0.043	0.000	0.000	0.000	0.000	0.000	0.000	0.000	0.015	0.000	0.000	0.000	0.000	0.000	0.000	0.000	0.000	0.000	0.000	0.000	0.000	0.000	0.000	0.000	0.000	0.000	0.000	0.000	0.000	0.000	0.000	0.000
RUMO5008	0.052	0.114	0.004	0.018	0.061	0.083	0.043	0.237	0.020	0.068	0.090	0.005	0.001	0.001	0.001	0.001	0.012	0.001	0.015	0.004	0.000	0.001	0.000	0.000	0.000	0.000	0.000	0.000	0.004	0.000	0.000	0.000	0.000	0.000	0.000	0.000	0.000	0.000	0.000	0.000	0.000	0.000	0.000	0.000	0.000	0.000	0.000	0.000	0.000	0.000	0.000	0.000	0.000	0.000	0.000	0.000	0.000	0.000	0.000	0.000	0.000	0.000	0.000	0.000	0.000	0.000	0.000	0.000	0.000	0.000	0.007	0.000	0.000	0.000	0.000	0.000	0.000	0.000	0.000	0.000	0.000	0.000	0.000	0.000	0.000	0.000	0.000	0.000	0.000	0.000	0.000	0.000	0.000	0.000	0.000	0.000	0.000	0.000	0.150	0.000
RUMO6002	0.227	0.147	0.054	0.104	0.040	0.020	0.007	0.032	0.036	0.007	0.002	0.073	0.001	0.005	0.001	0.001	0.001	0.009	0.026	0.001	0.001	0.013	0.001	0.005	0.000	0.005	0.017	0.000	0.009	0.030	0.000	0.000	0.000	0.000	0.000	0.000	0.000	0.000	0.004	0.000	0.000	0.000	0.000	0.000	0.000	0.000	0.000	0.000	0.000	0.000	0.000	0.000	0.000	0.000	0.000	0.000	0.000	0.000	0.000	0.000	0.000	0.000	0.008	0.000	0.000	0.000	0.000	0.000	0.000	0.000	0.000	0.000	0.000	0.000	0.000	0.000	0.000	0.000	0.017	0.000	0.000	0.000	0.000	0.000	0.092	0.000	0.000	0.000	0.000	0.000	0.000	0.000	0.000	0.000	0.000	0.000	0.000	0.000	0.000	0.000
BGSU1179	0.259	0.099	0.016	0.109	0.168	0.037	0.015	0.020	0.003	0.091	0.014	0.002	0.023	0.001	0.001	0.001	0.001	0.001	0.023	0.012	0.001	0.001	0.001	0.001	0.001	0.039	0.000	0.001	0.001	0.000	0.055	0.000	0.000	0.000	0.000	0.000	0.000	0.000	0.000	0.000	0.000	0.000	0.000	0.000	0.000	0.000	0.000	0.000	0.000	0.000	0.000	0.000	0.000	0.000	0.000	0.000	0.000	0.000	0.000	0.000	0.000	0.000	0.000	0.000	0.000	0.000	0.000	0.000	0.000	0.000	0.000	0.000	0.000	0.000	0.000	0.000	0.000	0.000	0.000	0.000	0.000	0.000	0.000	0.000	0.000	0.000	0.000	0.000	0.000	0.000	0.000	0.000	0.000	0.000	0.000	0.000	0.000	0.000	0.000	0.000
BGSU1040	0.053	0.035	0.074	0.074	0.124	0.073	0.004	0.009	0.009	0.066	0.203	0.002	0.070	0.001	0.001	0.035	0.013	0.001	0.018	0.001	0.001	0.001	0.001	0.001	0.001	0.001	0.001	0.001	0.018	0.001	0.000	0.000	0.018	0.000	0.000	0.000	0.000	0.000	0.006	0.000	0.000	0.000	0.000	0.000	0.000	0.000	0.000	0.000	0.000	0.017	0.000	0.000	0.000	0.000	0.000	0.000	0.000	0.000	0.023	0.000	0.000	0.000	0.000	0.000	0.000	0.000	0.000	0.000	0.000	0.000	0.000	0.000	0.000	0.000	0.000	0.000	0.000	0.000	0.000	0.000	0.000	0.000	0.000	0.000	0.000	0.000	0.000	0.000	0.000	0.000	0.000	0.000	0.000	0.040	0.000	0.000	0.000	0.000	0.000	0.000
CZPR3010	0.096	0.173	0.017	0.111	0.104	0.121	0.070	0.065	0.031	0.009	0.030	0.002	0.001	0.001	0.001	0.062	0.040	0.001	0.018	0.001	0.001	0.006	0.001	0.001	0.006	0.001	0.000	0.001	0.001	0.001	0.000	0.000	0.000	0.000	0.000	0.000	0.017	0.000	0.000	0.000	0.000	0.000	0.000	0.000	0.000	0.000	0.000	0.000	0.000	0.000	0.000	0.000	0.000	0.000	0.000	0.000	0.000	0.000	0.000	0.000	0.000	0.000	0.000	0.000	0.006	0.000	0.000	0.000	0.000	0.000	0.000	0.000	0.000	0.000	0.000	0.000	0.000	0.000	0.000	0.000	0.000	0.000	0.000	0.000	0.000	0.000	0.000	0.000	0.000	0.000	0.000	0.000	0.000	0.000	0.000	0.000	0.000	0.000	0.000	0.000
DBAN2036	0.195	0.043	0.157	0.047	0.009	0.004	0.019	0.024	0.003	0.008	0.238	0.002	0.001	0.001	0.001	0.001	0.001	0.006	0.001	0.001	0.001	0.001	0.001	0.001	0.001	0.001	0.006	0.001	0.001	0.000	0.000	0.000	0.000	0.000	0.000	0.000	0.000	0.000	0.000	0.000	0.000	0.000	0.000	0.000	0.005	0.000	0.000	0.000	0.000	0.000	0.000	0.000	0.000	0.000	0.000	0.000	0.000	0.000	0.215	0.000	0.000	0.000	0.000	0.000	0.000	0.000	0.000	0.000	0.000	0.000	0.000	0.000	0.000	0.000	0.000	0.000	0.000	0.000	0.000	0.000	0.000	0.000	0.000	0.000	0.000	0.000	0.000	0.000	0.000	0.000	0.000	0.000	0.000	0.000	0.000	0.000	0.000	0.000	0.000	0.000
SWUL4017	0.079	0.087	0.012	0.024	0.003	0.007	0.011	0.044	0.015	0.142	0.002	0.047	0.091	0.029	0.001	0.005	0.001	0.005	0.001	0.001	0.070	0.021	0.001	0.000	0.000	0.001	0.009	0.000	0.000	0.000	0.000	0.000	0.013	0.000	0.000	0.131	0.000	0.000	0.000	0.000	0.000	0.000	0.000	0.000	0.000	0.000	0.000	0.000	0.000	0.000	0.000	0.000	0.144	0.000	0.000	0.000	0.000	0.000	0.000	0.000	0.000	0.000	0.000	0.000	0.000	0.000	0.000	0.000	0.000	0.000	0.000	0.000	0.000	0.000	0.000	0.000	0.000	0.000	0.000	0.000	0.000	0.000	0.000	0.000	0.000	0.000	0.000	0.000	0.000	0.000	0.000	0.000	0.000	0.000	0.000	0.000	0.000	0.000	0.000	0.000
BGSU1142	0.117	0.151	0.046	0.017	0.021	0.033	0.073	0.131	0.061	0.003	0.043	0.002	0.001	0.001	0.001	0.053	0.001	0.001	0.053	0.001	0.001	0.001	0.007	0.001	0.001	0.006	0.001	0.001	0.001	0.012	0.000	0.000	0.024	0.000	0.000	0.000	0.000	0.000	0.000	0.000	0.000	0.000	0.000	0.000	0.000	0.000	0.023	0.000	0.000	0.041	0.000	0.000	0.000	0.000	0.000	0.000	0.017	0.000	0.000	0.000	0.000	0.000	0.000	0.000	0.000	0.000	0.041	0.000	0.000	0.000	0.000	0.000	0.000	0.000	0.000	0.000	0.000	0.000	0.000	0.000	0.000	0.000	0.000	0.000	0.000	0.000	0.000	0.000	0.000	0.000	0.000	0.000	0.000	0.006	0.000	0.000	0.000	0.000	0.000	0.000
BGSU1036	0.116	0.081	0.017	0.091	0.029	0.026	0.056	0.113	0.025	0.046	0.002	0.005	0.001	0.001	0.001	0.098	0.031	0.075	0.004	0.011	0.000	0.000	0.000	0.000	0.000	0.000	0.000	0.000	0.014	0.010	0.037	0.000	0.000	0.000	0.000	0.000	0.014	0.000	0.000	0.000	0.000	0.000	0.000	0.000	0.007	0.000	0.000	0.003	0.000	0.000	0.000	0.000	0.014	0.000	0.000	0.000	0.000	0.000	0.000	0.000	0.000	0.000	0.000	0.000	0.000	0.000	0.000	0.000	0.000	0.000	0.000	0.000	0.000	0.000	0.000	0.000	0.000	0.000	0.000	0.000	0.067	0.000	0.000	0.000	0.000	0.000	0.000	0.000	0.000	0.000	0.000	0.000	0.000	0.000	0.000	0.000	0.000	0.000	0.000	0.000
FIJY1016	0.053	0.105	0.017	0.052	0.342	0.016	0.055	0.011	0.002	0.016	0.080	0.045	0.049	0.001	0.031	0.001	0.001	0.001	0.001	0.001	0.005	0.001	0.001	0.000	0.022	0.009	0.000	0.005	0.000	0.000	0.009	0.000	0.000	0.000	0.000	0.000	0.000	0.000	0.000	0.000	0.000	0.000	0.000	0.000	0.004	0.026	0.000	0.000	0.000	0.000	0.000	0.000	0.009	0.000	0.000	0.000	0.000	0.000	0.000	0.000	0.000	0.000	0.000	0.000	0.022	0.000	0.000	0.000	0.000	0.000	0.000	0.000	0.000	0.000	0.000	0.000	0.000	0.000	0.000	0.000	0.000	0.000	0.000	0.000	0.000	0.000	0.000	0.000	0.000	0.000	0.000	0.000	0.000	0.000	0.000	0.000	0.000	0.000	0.000	0.000
BGSU1136	0.025	0.053	0.094	0.113	0.012	0.150	0.003	0.036	0.036	0.050	0.078	0.002	0.001	0.001	0.001	0.001	0.015	0.001	0.015	0.001	0.001	0.001	0.029	0.062	0.001	0.024	0.015	0.000	0.034	0.000	0.000	0.005	0.005	0.000	0.000	0.000	0.000	0.000	0.005	0.000	0.000	0.000	0.000	0.000	0.000	0.000	0.000	0.000	0.000	0.000	0.000	0.000	0.000	0.000	0.000	0.128	0.000	0.000	0.000	0.000	0.000	0.000	0.000	0.000	0.000	0.000	0.000	0.000	0.000	0.000	0.000	0.000	0.000	0.000	0.000	0.000	0.000	0.000	0.000	0.000	0.000	0.000	0.000	0.000	0.000	0.000	0.000	0.000	0.000	0.000	0.000	0.000	0.000	0.000	0.000	0.000	0.000	0.000	0.000	0.000
DBAN2057	0.097	0.091	0.119	0.017	0.002	0.047	0.045	0.005	0.073	0.056	0.075	0.004	0.001	0.032	0.000	0.023	0.023	0.000	0.000	0.026	0.000	0.003	0.012	0.000	0.003	0.000	0.006	0.020	0.000	0.046	0.000	0.000	0.009	0.000	0.000	0.000	0.000	0.000	0.000	0.000	0.000	0.000	0.028	0.000	0.000	0.000	0.000	0.000	0.000	0.000	0.000	0.054	0.000	0.000	0.000	0.000	0.000	0.000	0.000	0.000	0.003	0.000	0.000	0.000	0.000	0.000	0.000	0.000	0.000	0.000	0.000	0.000	0.000	0.000	0.000	0.000	0.000	0.000	0.000	0.000	0.000	0.000	0.000	0.000	0.000	0.000	0.000	0.000	0.000	0.000	0.000	0.000	0.000	0.000	0.000	0.074	0.000	0.000	0.000	0.000
NOHO1023	0.058	0.073	0.011	0.233	0.048	0.117	0.014	0.071	0.036	0.006	0.086	0.001	0.001	0.001	0.001	0.001	0.031	0.001	0.001	0.001	0.001	0.031	0.000	0.000	0.000	0.000	0.142	0.000	0.000	0.000	0.000	0.000	0.000	0.000	0.000	0.000	0.008	0.000	0.000	0.000	0.000	0.000	0.000	0.000	0.000	0.000	0.000	0.004	0.000	0.000	0.000	0.008	0.000	0.000	0.000	0.000	0.000	0.004	0.000	0.000	0.000	0.000	0.000	0.000	0.000	0.000	0.000	0.000	0.000	0.000	0.000	0.004	0.000	0.000	0.000	0.000	0.000	0.000	0.000	0.000	0.000	0.000	0.000	0.000	0.000	0.000	0.000	0.000	0.000	0.000	0.000	0.000	0.000	0.000	0.000	0.000	0.000	0.000	0.000	0.000
DBAN2023	0.043	0.019	0.117	0.140	0.171	0.083	0.115	0.045	0.040	0.026	0.035	0.011	0.006	0.048	0.001	0.001	0.029	0.001	0.001	0.001	0.001	0.001	0.001	0.001	0.001	0.001	0.000	0.000	0.001	0.000	0.000	0.000	0.000	0.000	0.000	0.000	0.000	0.000	0.033	0.000	0.005	0.000	0.000	0.000	0.000	0.000	0.005	0.000	0.000	0.000	0.005	0.000	0.000	0.000	0.000	0.000	0.000	0.000	0.000	0.000	0.000	0.000	0.000	0.000	0.000	0.000	0.000	0.000	0.000	0.000	0.000	0.000	0.000	0.000	0.000	0.000	0.000	0.000	0.009	0.000	0.000	0.000	0.000	0.000	0.000	0.000	0.000	0.000	0.000	0.000	0.000	0.000	0.000	0.000	0.000	0.000	0.000	0.000	0.000	0.000
CZPR3018	0.089	0.062	0.092	0.227	0.019	0.026	0.104	0.019	0.121	0.002	0.056	0.001	0.001	0.007	0.001	0.014	0.007	0.001	0.001	0.018	0.000	0.000	0.028	0.011	0.000	0.000	0.000	0.000	0.000	0.000	0.000	0.000	0.000	0.000	0.000	0.000	0.000	0.051	0.000	0.000	0.000	0.000	0.000	0.000	0.000	0.000	0.000	0.000	0.000	0.000	0.031	0.000	0.000	0.000	0.000	0.000	0.000	0.000	0.000	0.000	0.000	0.000	0.000	0.000	0.000	0.000	0.000	0.000	0.000	0.000	0.000	0.000	0.000	0.000	0.000	0.000	0.000	0.000	0.000	0.000	0.000	0.000	0.000	0.000	0.000	0.000	0.000	0.000	0.000	0.000	0.000	0.003	0.000	0.000	0.000	0.003	0.000	0.000	0.000	0.000
SWUL3006	0.061	0.074	0.014	0.032	0.123	0.012	0.017	0.127	0.016	0.017	0.053	0.020	0.006	0.010	0.001	0.010	0.001	0.015	0.001	0.001	0.033	0.001	0.005	0.001	0.001	0.005	0.005	0.028	0.005	0.000	0.083	0.065	0.000	0.000	0.000	0.000	0.000	0.000	0.000	0.028	0.009	0.000	0.000	0.069	0.009	0.000	0.000	0.000	0.000	0.000	0.000	0.000	0.000	0.000	0.000	0.000	0.000	0.000	0.000	0.000	0.000	0.000	0.000	0.032	0.000	0.000	0.000	0.000	0.000	0.000	0.000	0.000	0.000	0.000	0.000	0.000	0.000	0.000	0.000	0.000	0.000	0.000	0.000	0.000	0.000	0.000	0.000	0.000	0.005	0.000	0.000	0.000	0.000	0.000	0.000	0.000	0.000	0.000	0.000	0.000
FRUC3091	0.022	0.021	0.107	0.020	0.044	0.014	0.090	0.008	0.440	0.003	0.002	0.002	0.001	0.011	0.016	0.011	0.001	0.001	0.001	0.001	0.006	0.001	0.041	0.001	0.001	0.001	0.000	0.051	0.046	0.000	0.000	0.000	0.000	0.000	0.000	0.000	0.000	0.000	0.000	0.000	0.000	0.000	0.000	0.000	0.000	0.000	0.000	0.000	0.000	0.000	0.000	0.000	0.000	0.000	0.000	0.000	0.000	0.020	0.000	0.000	0.000	0.000	0.000	0.000	0.000	0.000	0.000	0.000	0.000	0.000	0.000	0.000	0.000	0.010	0.000	0.000	0.000	0.000	0.000	0.000	0.000	0.000	0.000	0.000	0.000	0.000	0.000	0.000	0.000	0.000	0.000	0.000	0.000	0.000	0.000	0.000	0.000	0.000	0.000	0.000
ITVE3001	0.216	0.047	0.135	0.069	0.129	0.003	0.040	0.003	0.138	0.035	0.039	0.006	0.001	0.001	0.001	0.019	0.020	0.019	0.001	0.001	0.001	0.015	0.001	0.024	0.001	0.005	0.000	0.000	0.001	0.000	0.000	0.000	0.000	0.000	0.000	0.000	0.000	0.000	0.000	0.000	0.000	0.000	0.000	0.000	0.000	0.005	0.000	0.000	0.000	0.000	0.000	0.000	0.000	0.000	0.000	0.000	0.019	0.000	0.000	0.000	0.000	0.000	0.000	0.000	0.000	0.000	0.000	0.000	0.000	0.000	0.000	0.000	0.000	0.000	0.000	0.000	0.000	0.000	0.000	0.000	0.000	0.000	0.000	0.000	0.000	0.000	0.000	0.000	0.000	0.000	0.000	0.000	0.000	0.000	0.000	0.000	0.000	0.000	0.000	0.000
RUMO4026	0.153	0.071	0.030	0.178	0.002	0.006	0.014	0.021	0.002	0.102	0.002	0.087	0.001	0.001	0.015	0.019	0.064	0.008	0.001	0.001	0.000	0.001	0.000	0.000	0.026	0.000	0.045	0.000	0.000	0.000	0.000	0.000	0.000	0.000	0.000	0.000	0.000	0.000	0.045	0.000	0.000	0.000	0.000	0.000	0.000	0.011	0.000	0.000	0.000	0.000	0.000	0.000	0.000	0.000	0.000	0.000	0.000	0.000	0.022	0.000	0.000	0.000	0.000	0.000	0.000	0.000	0.000	0.000	0.000	0.000	0.000	0.000	0.000	0.000	0.000	0.000	0.000	0.000	0.000	0.000	0.000	0.000	0.000	0.000	0.000	0.067	0.000	0.000	0.000	0.000	0.000	0.000	0.000	0.000	0.000	0.000	0.000	0.000	0.000	0.000
TSNO1493	0.014	0.020	0.069	0.088	0.010	0.004	0.162	0.004	0.054	0.004	0.091	0.015	0.001	0.001	0.001	0.001	0.001	0.001	0.014	0.001	0.095	0.001	0.020	0.026	0.001	0.001	0.001	0.001	0.001	0.001	0.001	0.001	0.000	0.000	0.000	0.000	0.000	0.000	0.000	0.000	0.000	0.000	0.000	0.000	0.000	0.000	0.000	0.000	0.000	0.000	0.000	0.000	0.000	0.000	0.000	0.000	0.000	0.000	0.000	0.290	0.000	0.000	0.000	0.000	0.000	0.000	0.000	0.000	0.000	0.000	0.000	0.000	0.000	0.000	0.000	0.000	0.000	0.000	0.000	0.000	0.000	0.000	0.000	0.000	0.000	0.000	0.000	0.000	0.000	0.000	0.000	0.000	0.000	0.000	0.000	0.000	0.000	0.000	0.000	0.000
CZPR2014	0.034	0.034	0.009	0.032	0.017	0.125	0.088	0.134	0.205	0.007	0.059	0.035	0.001	0.001	0.024	0.001	0.001	0.062	0.006	0.001	0.001	0.001	0.001	0.001	0.066	0.001	0.029	0.000	0.010	0.000	0.000	0.000	0.000	0.000	0.000	0.000	0.000	0.000	0.000	0.000	0.000	0.000	0.000	0.000	0.000	0.000	0.000	0.000	0.000	0.000	0.000	0.000	0.000	0.000	0.000	0.000	0.000	0.000	0.000	0.000	0.000	0.000	0.000	0.000	0.000	0.000	0.000	0.000	0.000	0.000	0.000	0.000	0.000	0.000	0.000	0.000	0.000	0.000	0.000	0.000	0.000	0.000	0.005	0.000	0.000	0.005	0.000	0.000	0.000	0.000	0.000	0.000	0.000	0.000	0.000	0.000	0.000	0.000	0.000	0.000
CZPR2023	0.159	0.025	0.067	0.349	0.008	0.003	0.065	0.003	0.189	0.017	0.021	0.002	0.001	0.006	0.025	0.001	0.001	0.006	0.001	0.001	0.005	0.001	0.001	0.001	0.010	0.005	0.005	0.000	0.001	0.010	0.000	0.000	0.000	0.000	0.000	0.000	0.000	0.000	0.000	0.000	0.000	0.000	0.000	0.000	0.000	0.000	0.000	0.000	0.000	0.000	0.000	0.000	0.000	0.000	0.000	0.000	0.000	0.000	0.000	0.000	0.000	0.000	0.000	0.000	0.000	0.000	0.000	0.000	0.000	0.000	0.000	0.000	0.000	0.000	0.000	0.000	0.000	0.000	0.000	0.000	0.000	0.000	0.000	0.005	0.000	0.000	0.000	0.000	0.000	0.000	0.000	0.000	0.000	0.000	0.000	0.000	0.000	0.000	0.000	0.000
BGSU1104	0.221	0.086	0.033	0.047	0.003	0.056	0.008	0.122	0.003	0.112	0.012	0.021	0.006	0.025	0.015	0.006	0.001	0.001	0.001	0.015	0.001	0.001	0.001	0.001	0.001	0.039	0.034	0.015	0.001	0.000	0.000	0.072	0.000	0.000	0.000	0.000	0.000	0.000	0.000	0.000	0.000	0.000	0.000	0.000	0.000	0.000	0.000	0.000	0.000	0.000	0.000	0.000	0.000	0.000	0.000	0.000	0.000	0.000	0.000	0.000	0.000	0.000	0.000	0.000	0.000	0.000	0.000	0.010	0.000	0.000	0.000	0.000	0.000	0.000	0.000	0.000	0.000	0.000	0.000	0.000	0.000	0.000	0.029	0.000	0.000	0.000	0.000	0.000	0.000	0.000	0.000	0.000	0.000	0.000	0.000	0.000	0.000	0.000	0.000	0.000
BGSU1107	0.087	0.025	0.024	0.004	0.023	0.064	0.011	0.035	0.023	0.039	0.010	0.010	0.005	0.001	0.049	0.001	0.013	0.029	0.001	0.033	0.001	0.001	0.118	0.000	0.000	0.001	0.000	0.000	0.013	0.000	0.000	0.000	0.000	0.025	0.000	0.000	0.000	0.000	0.000	0.000	0.000	0.000	0.000	0.012	0.000	0.000	0.000	0.000	0.000	0.000	0.000	0.000	0.000	0.000	0.000	0.000	0.000	0.000	0.000	0.000	0.000	0.000	0.000	0.000	0.000	0.000	0.000	0.000	0.000	0.061	0.004	0.000	0.000	0.000	0.000	0.000	0.000	0.220	0.000	0.000	0.000	0.000	0.000	0.000	0.000	0.053	0.000	0.000	0.000	0.000	0.000	0.000	0.000	0.000	0.000	0.000	0.000	0.000	0.000	0.000
BGSU1130	0.049	0.026	0.043	0.077	0.003	0.050	0.076	0.011	0.020	0.110	0.041	0.002	0.005	0.001	0.001	0.022	0.001	0.014	0.001	0.001	0.035	0.082	0.013	0.142	0.013	0.001	0.000	0.000	0.074	0.000	0.005	0.000	0.000	0.000	0.039	0.000	0.000	0.000	0.000	0.000	0.000	0.004	0.000	0.000	0.000	0.000	0.000	0.000	0.000	0.000	0.000	0.000	0.000	0.000	0.000	0.000	0.034	0.000	0.000	0.000	0.000	0.000	0.000	0.000	0.000	0.000	0.000	0.000	0.000	0.000	0.000	0.000	0.000	0.000	0.000	0.000	0.000	0.000	0.000	0.000	0.000	0.000	0.000	0.000	0.000	0.000	0.000	0.000	0.000	0.000	0.000	0.000	0.000	0.000	0.000	0.000	0.000	0.000	0.000	0.000
DBAN2013	0.019	0.022	0.047	0.181	0.175	0.063	0.024	0.011	0.011	0.028	0.075	0.006	0.022	0.001	0.048	0.001	0.048	0.009	0.001	0.014	0.001	0.001	0.001	0.005	0.000	0.001	0.000	0.000	0.000	0.009	0.000	0.000	0.000	0.000	0.000	0.000	0.000	0.000	0.000	0.000	0.017	0.000	0.000	0.026	0.000	0.000	0.000	0.000	0.000	0.000	0.000	0.000	0.000	0.000	0.000	0.000	0.000	0.000	0.000	0.000	0.000	0.000	0.000	0.000	0.000	0.000	0.000	0.000	0.000	0.000	0.000	0.000	0.000	0.000	0.000	0.000	0.000	0.000	0.112	0.000	0.000	0.000	0.000	0.000	0.013	0.000	0.000	0.000	0.000	0.000	0.000	0.000	0.000	0.000	0.000	0.000	0.000	0.000	0.000	0.000
RUMO5024	0.020	0.065	0.117	0.121	0.010	0.108	0.048	0.033	0.021	0.006	0.013	0.001	0.023	0.050	0.050	0.001	0.012	0.076	0.020	0.001	0.001	0.001	0.106	0.000	0.019	0.000	0.000	0.000	0.019	0.000	0.000	0.000	0.000	0.000	0.000	0.000	0.008	0.000	0.000	0.000	0.000	0.000	0.008	0.000	0.000	0.000	0.011	0.000	0.004	0.000	0.000	0.000	0.000	0.000	0.000	0.000	0.023	0.000	0.000	0.000	0.000	0.000	0.000	0.000	0.000	0.000	0.000	0.000	0.000	0.000	0.000	0.000	0.000	0.000	0.000	0.000	0.000	0.000	0.000	0.000	0.000	0.000	0.000	0.000	0.000	0.000	0.000	0.000	0.000	0.000	0.000	0.000	0.000	0.000	0.000	0.000	0.000	0.000	0.000	0.000
RUMO5028	0.120	0.034	0.024	0.142	0.155	0.041	0.032	0.036	0.026	0.003	0.021	0.120	0.001	0.001	0.015	0.001	0.025	0.058	0.001	0.001	0.001	0.001	0.005	0.001	0.005	0.001	0.000	0.000	0.001	0.000	0.000	0.000	0.000	0.000	0.000	0.000	0.000	0.000	0.100	0.000	0.000	0.000	0.000	0.000	0.000	0.000	0.000	0.000	0.000	0.000	0.000	0.000	0.000	0.000	0.000	0.000	0.000	0.000	0.005	0.000	0.000	0.000	0.000	0.000	0.000	0.000	0.000	0.000	0.000	0.000	0.000	0.000	0.000	0.000	0.000	0.000	0.000	0.000	0.000	0.000	0.000	0.000	0.000	0.000	0.000	0.000	0.000	0.000	0.000	0.000	0.000	0.000	0.000	0.000	0.000	0.019	0.000	0.000	0.000	0.000
FIHE2002	0.121	0.037	0.009	0.050	0.086	0.063	0.003	0.007	0.012	0.053	0.085	0.016	0.015	0.019	0.005	0.010	0.001	0.001	0.028	0.005	0.010	0.001	0.001	0.088	0.023	0.001	0.000	0.000	0.001	0.000	0.033	0.000	0.000	0.000	0.000	0.000	0.000	0.000	0.000	0.000	0.184	0.005	0.000	0.019	0.000	0.000	0.005	0.000	0.000	0.000	0.000	0.000	0.000	0.000	0.000	0.000	0.000	0.000	0.000	0.000	0.000	0.000	0.000	0.000	0.000	0.000	0.000	0.000	0.000	0.000	0.000	0.000	0.000	0.000	0.000	0.000	0.000	0.000	0.000	0.000	0.000	0.000	0.000	0.000	0.000	0.000	0.000	0.000	0.000	0.000	0.000	0.000	0.000	0.000	0.000	0.000	0.000	0.000	0.000	0.000
BGSU1100	0.101	0.127	0.012	0.012	0.044	0.026	0.020	0.038	0.035	0.095	0.004	0.040	0.058	0.001	0.034	0.001	0.064	0.013	0.013	0.049	0.019	0.070	0.000	0.003	0.000	0.003	0.000	0.000	0.000	0.000	0.088	0.000	0.000	0.000	0.000	0.000	0.000	0.000	0.000	0.000	0.000	0.000	0.000	0.000	0.000	0.000	0.003	0.000	0.000	0.000	0.000	0.000	0.000	0.000	0.000	0.000	0.000	0.000	0.000	0.000	0.000	0.000	0.000	0.000	0.000	0.000	0.000	0.000	0.000	0.000	0.000	0.000	0.000	0.000	0.000	0.000	0.021	0.000	0.000	0.000	0.000	0.000	0.000	0.000	0.000	0.000	0.000	0.000	0.000	0.000	0.000	0.000	0.000	0.000	0.000	0.000	0.000	0.000	0.000	0.000
POPZ1044	0.081	0.172	0.019	0.163	0.014	0.121	0.037	0.029	0.036	0.010	0.017	0.021	0.020	0.035	0.016	0.012	0.001	0.004	0.001	0.001	0.001	0.001	0.046	0.035	0.000	0.019	0.000	0.000	0.027	0.000	0.000	0.000	0.000	0.000	0.000	0.000	0.000	0.000	0.000	0.000	0.000	0.000	0.000	0.000	0.000	0.000	0.000	0.000	0.000	0.000	0.000	0.000	0.000	0.000	0.000	0.000	0.000	0.000	0.000	0.000	0.000	0.000	0.000	0.000	0.019	0.000	0.000	0.015	0.000	0.000	0.000	0.000	0.000	0.008	0.000	0.000	0.000	0.000	0.015	0.000	0.000	0.000	0.000	0.000	0.000	0.000	0.000	0.000	0.000	0.000	0.000	0.000	0.000	0.000	0.000	0.000	0.000	0.000	0.000	0.000
SPM03019	0.088	0.080	0.107	0.114	0.074	0.019	0.030	0.078	0.002	0.018	0.002	0.033	0.001	0.001	0.001	0.001	0.021	0.005	0.001	0.005	0.001	0.001	0.000	0.000	0.000	0.000	0.012	0.000	0.000	0.000	0.044	0.004	0.000	0.000	0.000	0.000	0.000	0.000	0.000	0.000	0.000	0.000	0.000	0.000	0.044	0.000	0.000	0.000	0.000	0.000	0.000	0.000	0.000	0.000	0.000	0.000	0.040	0.000	0.000	0.000	0.000	0.000	0.000	0.170	0.000	0.000	0.000	0.000	0.000	0.000	0.000	0.000	0.000	0.000	0.000	0.000	0.000	0.000	0.000	0.000	0.000	0.000	0.000	0.000	0.000	0.000	0.000	0.000	0.000	0.000	0.000	0.000	0.000	0.000	0.000	0.000	0.000	0.000	0.000	0.000
DBAN2002	0.063	0.015	0.166	0.009	0.088	0.036	0.245	0.041	0.026	0.003	0.012	0.007	0.006	0.020	0.005	0.020	0.001	0.072	0.006	0.001	0.001	0.010	0.058	0.001	0.001	0.020	0.015	0.000	0.001	0.000	0.000	0.000	0.000	0.000	0.000	0.000	0.005	0.000	0.000	0.000	0.000	0.000	0.000	0.000	0.000	0.000	0.000	0.000	0.024	0.000	0.000	0.000	0.000	0.000	0.000	0.000	0.000	0.000	0.000	0.000	0.000	0.000	0.000	0.000	0.000	0.000	0.000	0.000	0.000	0.000	0.000	0.000	0.000	0.000	0.014	0.000	0.000	0.000	0.005	0.000	0.000	0.000	0.000	0.000	0.000	0.000	0.000	0.000	0.000	0.000	0.000	0.000	0.000	0.000	0.000	0.000	0.000	0.000	0.000	0.000
BGSU1082	0.243	0.202	0.101	0.155	0.028	0.059	0.018	0.013	0.003	0.038	0.038	0.002	0.001	0.001	0.001	0.001	0.001	0.001	0.011	0.001	0.056	0.001	0.001	0.001	0.001	0.001	0.000	0.001	0.001	0.000	0.000	0.000	0.000	0.000	0.000	0.000	0.000	0.000	0.000	0.000	0.000	0.000	0.000	0.000	0.000	0.000	0.010	0.000	0.000	0.000	0.000	0.000	0.000	0.000	0.000	0.000	0.000	0.000	0.000	0.000	0.005	0.000	0.000	0.000	0.000	0.000	0.000	0.000	0.000	0.000	0.000	0.000	0.000	0.000	0.000	0.000	0.000	0.000	0.000	0.000	0.000	0.000	0.000	0.000	0.000	0.000	0.000	0.000	0.000	0.000	0.000	0.000	0.000	0.000	0.000	0.000	0.000	0.000	0.000	0.000
FRUC3028	0.183	0.098	0.089	0.008	0.021	0.016	0.003	0.003	0.011	0.007	0.117	0.059	0.001	0.209	0.001	0.001	0.005	0.001	0.001	0.001	0.001	0.058	0.001	0.000	0.036	0.001	0.005	0.031	0.001	0.005	0.000	0.000	0.000	0.000	0.000	0.000	0.000	0.000	0.000	0.000	0.000	0.000	0.000	0.000	0.000	0.000	0.000	0.000	0.000	0.000	0.000	0.000	0.000	0.000	0.000	0.000	0.000	0.005	0.018	0.000	0.000	0.000	0.000	0.000	0.000	0.000	0.000	0.000	0.000	0.000	0.000	0.000	0.000	0.000	0.000	0.000	0.000	0.000	0.000	0.000	0.000	0.000	0.000	0.000	0.000	0.000	0.000	0.000	0.000	0.000	0.000	0.000	0.000	0.000	0.000	0.000	0.000	0.000	0.000	0.000
CZPR4013	0.061	0.045	0.179	0.108	0.084	0.118	0.025	0.065	0.006	0.013	0.002	0.035	0.068	0.027	0.001	0.001	0.001	0.001	0.001	0.001	0.008	0.001	0.030	0.034	0.000	0.000	0.008	0.000	0.000	0.004	0.004	0.000	0.000	0.000	0.000	0.000	0.000	0.000	0.000	0.000	0.000	0.000	0.000	0.067	0.000	0.000	0.000	0.000	0.000	0.000	0.000	0.000	0.000	0.000	0.000	0.000	0.000	0.000	0.000	0.000	0.000	0.000	0.000	0.000	0.000	0.000	0.000	0.000	0.000	0.000	0.000	0.000	0.000	0.000	0.000	0.000	0.000	0.000	0.000	0.000	0.000	0.000	0.000	0.000	0.000	0.000	0.000	0.000	0.000	0.000	0.000	0.000	0.000	0.000	0.000	0.000	0.000	0.000	0.000	0.000
ITRS2038	0.045	0.106	0.083	0.035	0.029	0.025	0.007	0.046	0.002	0.103	0.063	0.010	0.023	0.163	0.005	0.001	0.027	0.009	0.001	0.001	0.001	0.001	0.009	0.000	0.000	0.001	0.000	0.035	0.000	0.000	0.000	0.022	0.000	0.000	0.000	0.000	0.000	0.000	0.000	0.000	0.000	0.000	0.004	0.000	0.000	0.000	0.000	0.000	0.136	0.000	0.000	0.000	0.000	0.000	0.000	0.000	0.000	0.000	0.000	0.000	0.000	0.000	0.000	0.000	0.000	0.000	0.000	0.000	0.000	0.000	0.000	0.000	0.000	0.000	0.000	0.000	0.000	0.000	0.000	0.000	0.000	0.000	0.000	0.000	0.000	0.000	0.000	0.000	0.000	0.000	0.000	0.000	0.000	0.000	0.000	0.000	0.000	0.000	0.000	0.000
FRUC3056	0.022	0.105	0.016	0.161	0.014	0.014	0.024	0.008	0.107	0.081	0.086	0.044	0.001	0.001	0.084	0.001	0.001	0.001	0.001	0.001	0.006	0.011	0.001	0.183	0.001	0.001	0.000	0.001	0.001	0.000	0.000	0.011	0.000	0.000	0.000	0.000	0.000	0.000	0.000	0.000	0.000	0.000	0.000	0.000	0.000	0.000	0.000	0.000	0.000	0.000	0.000	0.000	0.000	0.000	0.000	0.000	0.005	0.000	0.000	0.000	0.000	0.000	0.000	0.000	0.000	0.000	0.000	0.000	0.000	0.000	0.000	0.000	0.000	0.000	0.000	0.000	0.000	0.000	0.000	0.000	0.000	0.000	0.000	0.000	0.000	0.000	0.000	0.000	0.000	0.000	0.000	0.000	0.000	0.000	0.000	0.000	0.000	0.000	0.000	0.000
DBAN1021	0.172	0.020	0.093	0.102	0.125	0.023	0.028	0.032	0.091	0.037	0.032	0.036	0.069	0.001	0.001	0.001	0.001	0.001	0.001	0.001	0.001	0.001	0.001	0.001	0.049	0.040	0.000	0.001	0.001	0.000	0.000	0.000	0.000	0.000	0.000	0.000	0.000	0.000	0.020	0.000	0.000	0.000	0.000	0.000	0.000	0.000	0.000	0.000	0.000	0.000	0.000	0.000	0.000	0.000	0.000	0.000	0.000	0.000	0.000	0.000	0.000	0.000	0.000	0.005	0.005	0.000	0.000	0.000	0.000	0.000	0.000	0.000	0.000	0.000	0.000	0.000	0.000	0.000	0.000	0.000	0.005	0.000	0.000	0.000	0.000	0.000	0.000	0.000	0.000	0.000	0.000	0.000	0.000	0.000	0.000	0.000	0.000	0.000	0.000	0.000
FRUC3014	0.152	0.120	0.036	0.150	0.019	0.066	0.040	0.050	0.029	0.003	0.034	0.012	0.001	0.042	0.001	0.001	0.043	0.073	0.001	0.001	0.001	0.006	0.001	0.001	0.001	0.006	0.016	0.001	0.001	0.006	0.000	0.000	0.000	0.000	0.011	0.026	0.000	0.000	0.000	0.000	0.000	0.000	0.000	0.000	0.000	0.000	0.000	0.000	0.000	0.000	0.000	0.000	0.000	0.000	0.000	0.000	0.000	0.000	0.000	0.000	0.000	0.000	0.042	0.000	0.005	0.000	0.000	0.000	0.000	0.000	0.000	0.000	0.000	0.000	0.000	0.000	0.000	0.000	0.000	0.000	0.000	0.000	0.000	0.000	0.000	0.000	0.000	0.000	0.000	0.000	0.000	0.000	0.000	0.000	0.000	0.000	0.000	0.000	0.000	0.000
BGSU1165	0.087	0.104	0.075	0.021	0.049	0.099	0.081	0.006	0.023	0.084	0.055	0.030	0.001	0.008	0.001	0.022	0.061	0.026	0.001	0.001	0.000	0.068	0.000	0.000	0.004	0.000	0.029	0.000	0.000	0.004	0.000	0.018	0.004	0.000	0.000	0.000	0.000	0.000	0.000	0.000	0.000	0.000	0.000	0.000	0.000	0.000	0.011	0.000	0.000	0.000	0.000	0.000	0.000	0.000	0.000	0.000	0.000	0.000	0.000	0.021	0.000	0.000	0.000	0.000	0.000	0.000	0.000	0.000	0.000	0.000	0.000	0.000	0.000	0.000	0.000	0.000	0.000	0.000	0.000	0.000	0.000	0.000	0.000	0.000	0.000	0.000	0.000	0.000	0.000	0.000	0.000	0.000	0.000	0.000	0.000	0.000	0.000	0.000	0.000	0.000
BGSU1250	0.071	0.190	0.030	0.054	0.003	0.038	0.013	0.008	0.067	0.038	0.072	0.092	0.001	0.001	0.001	0.001	0.001	0.001	0.120	0.001	0.001	0.001	0.001	0.001	0.001	0.045	0.000	0.001	0.001	0.100	0.000	0.000	0.000	0.000	0.000	0.000	0.000	0.000	0.035	0.000	0.000	0.000	0.000	0.000	0.000	0.000	0.000	0.000	0.000	0.000	0.000	0.000	0.000	0.000	0.000	0.000	0.000	0.000	0.000	0.000	0.000	0.000	0.000	0.000	0.000	0.000	0.000	0.000	0.000	0.000	0.000	0.000	0.000	0.000	0.000	0.000	0.000	0.000	0.000	0.000	0.000	0.000	0.005	0.000	0.000	0.000	0.000	0.000	0.000	0.000	0.000	0.000	0.000	0.000	0.000	0.000	0.000	0.000	0.000	0.000
TSNO1507	0.289	0.176	0.030	0.054	0.001	0.016	0.001	0.001	0.001	0.001	0.048	0.001	0.001	0.005	0.001	0.015	0.000	0.001	0.096	0.001	0.000	0.000	0.000	0.000	0.000	0.000	0.000	0.000	0.000	0.000	0.034	0.053	0.000	0.000	0.000	0.000	0.000	0.000	0.000	0.000	0.000	0.000	0.000	0.000	0.000	0.000	0.010	0.000	0.000	0.000	0.000	0.000	0.000	0.000	0.000	0.000	0.000	0.000	0.000	0.000	0.000	0.000	0.000	0.000	0.000	0.000	0.000	0.086	0.000	0.005	0.000	0.005	0.000	0.000	0.000	0.000	0.000	0.000	0.000	0.000	0.000	0.000	0.000	0.000	0.000	0.000	0.000	0.000	0.000	0.024	0.029	0.000	0.000	0.000	0.000	0.000	0.000	0.000	0.000	0.000
TSNO1504	0.402	0.119	0.006	0.010	0.001	0.001	0.001	0.001	0.023	0.001	0.000	0.009	0.014	0.001	0.001	0.001	0.027	0.018	0.001	0.005	0.005	0.000	0.005	0.000	0.000	0.000	0.000	0.000	0.005	0.000	0.000	0.009	0.000	0.000	0.000	0.018	0.000	0.000	0.009	0.000	0.000	0.000	0.000	0.005	0.000	0.000	0.000	0.000	0.000	0.000	0.022	0.000	0.125	0.000	0.036	0.000	0.000	0.000	0.071	0.000	0.000	0.000	0.000	0.000	0.000	0.009	0.000	0.000	0.000	0.000	0.000	0.000	0.000	0.000	0.000	0.000	0.000	0.000	0.000	0.000	0.005	0.000	0.000	0.000	0.000	0.000	0.000	0.000	0.000	0.000	0.022	0.000	0.000	0.000	0.000	0.000	0.000	0.000	0.000	0.000
CNUK1117	0.243	0.216	0.257	0.023	0.001	0.018	0.036	0.005	0.001	0.001	0.000	0.005	0.000	0.005	0.009	0.000	0.000	0.000	0.005	0.000	0.000	0.023	0.000	0.000	0.000	0.000	0.000	0.000	0.000	0.000	0.000	0.009	0.000	0.000	0.000	0.000	0.031	0.005	0.000	0.000	0.053	0.000	0.000	0.000	0.000	0.000	0.000	0.000	0.000	0.022	0.000	0.000	0.000	0.000	0.000	0.000	0.000	0.000	0.000	0.000	0.000	0.000	0.000	0.000	0.000	0.013	0.000	0.000	0.000	0.000	0.000	0.000	0.000	0.000	0.000	0.005	0.000	0.000	0.000	0.000	0.000	0.000	0.000	0.000	0.000	0.000	0.000	0.000	0.000	0.000	0.000	0.000	0.000	0.000	0.000	0.000	0.000	0.000	0.000	0.000
CNUK1116	0.370	0.236	0.071	0.001	0.009	0.008	0.000	0.000	0.000	0.000	0.063	0.000	0.008	0.000	0.000	0.000	0.008	0.004	0.000	0.000	0.020	0.000	0.000	0.024	0.000	0.000	0.000	0.004	0.000	0.000	0.000	0.000	0.000	0.000	0.000	0.012	0.000	0.000	0.000	0.000	0.000	0.000	0.000	0.016	0.000	0.000	0.000	0.000	0.000	0.000	0.047	0.000	0.000	0.000	0.000	0.000	0.000	0.000	0.000	0.000	0.000	0.036	0.000	0.000	0.000	0.000	0.012	0.000	0.000	0.000	0.004	0.000	0.004	0.000	0.000	0.000	0.000	0.000	0.000	0.028	0.000	0.000	0.000	0.000	0.000	0.000	0.000	0.000	0.000	0.000	0.000	0.000	0.000	0.000	0.000	0.000	0.000	0.000	0.000	0.000
CNUK1132	0.411	0.136	0.219	0.006	0.001	0.001	0.001	0.000	0.001	0.010	0.000	0.000	0.000	0.010	0.000	0.000	0.000	0.019	0.005	0.000	0.000	0.000	0.000	0.000	0.000	0.000	0.000	0.000	0.000	0.000	0.000	0.000	0.115	0.000	0.000	0.000	0.000	0.000	0.000	0.000	0.000	0.005	0.005	0.000	0.000	0.000	0.000	0.000	0.000	0.000	0.000	0.009	0.000	0.000	0.000	0.000	0.000	0.018	0.000	0.000	0.014	0.000	0.000	0.000	0.000	0.000	0.000	0.000	0.000	0.000	0.000	0.000	0.000	0.000	0.000	0.000	0.000	0.000	0.000	0.000	0.000	0.000	0.000	0.000	0.000	0.000	0.000	0.000	0.000	0.000	0.000	0.000	0.000	0.000	0.000	0.000	0.000	0.000	0.000	0.000
CNUK1084	0.367	0.285	0.188	0.001	0.001	0.005	0.001	0.001	0.001	0.001	0.000	0.001	0.005	0.000	0.000	0.000	0.000	0.000	0.000	0.000	0.010	0.000	0.000	0.000	0.020	0.000	0.000	0.010	0.000	0.000	0.000	0.000	0.000	0.005	0.000	0.000	0.000	0.000	0.000	0.000	0.015	0.000	0.000	0.000	0.000	0.000	0.000	0.000	0.000	0.000	0.000	0.000	0.000	0.000	0.000	0.000	0.000	0.000	0.000	0.000	0.000	0.000	0.000	0.000	0.000	0.000	0.000	0.000	0.000	0.000	0.000	0.000	0.000	0.000	0.000	0.000	0.053	0.000	0.000	0.000	0.000	0.000	0.000	0.000	0.000	0.000	0.000	0.000	0.000	0.000	0.000	0.000	0.000	0.015	0.000	0.000	0.000	0.000	0.000	0.000
CNUK1107	0.326	0.213	0.121	0.009	0.001	0.030	0.005	0.026	0.001	0.000	0.000	0.000	0.000	0.000	0.000	0.000	0.005	0.000	0.000	0.013	0.000	0.000	0.017	0.000	0.000	0.000	0.017	0.000	0.000	0.000	0.025	0.000	0.000	0.000	0.000	0.000	0.000	0.000	0.000	0.000	0.000	0.000	0.000	0.000	0.000	0.000	0.000	0.000	0.000	0.000	0.000	0.000	0.000	0.000	0.000	0.000	0.021	0.000	0.009	0.017	0.013	0.013	0.000	0.000	0.000	0.000	0.000	0.000	0.000	0.042	0.000	0.000	0.000	0.000	0.000	0.000	0.000	0.000	0.000	0.000	0.000	0.000	0.000	0.029	0.000	0.000	0.000	0.000	0.000	0.000	0.000	0.000	0.000	0.000	0.000	0.034	0.000	0.000	0.000	0.000
CNUK3066	0.264	0.406	0.245	0.002	0.001	0.001	0.001	0.001	0.001	0.001	0.000	0.001	0.001	0.001	0.001	0.000	0.001	0.001	0.000	0.007	0.001	0.001	0.000	0.000	0.014	0.000	0.000	0.001	0.000	0.000	0.000	0.001	0.000	0.000	0.001	0.000	0.000	0.001	0.000	0.000	0.000	0.000	0.000	0.000	0.000	0.007	0.000	0.000	0.000	0.013	0.000	0.000	0.000	0.000	0.000	0.000	0.000	0.000	0.000	0.000	0.000	0.000	0.000	0.000	0.000	0.000	0.000	0.000	0.000	0.000	0.000	0.000	0.000	0.000	0.000	0.007	0.000	0.000	0.000	0.000	0.000	0.000	0.000	0.000	0.000	0.000	0.000	0.007	0.000	0.000	0.000	0.000	0.000	0.000	0.000	0.000	0.000	0.000	0.000	0.000
CNUK1110	0.254	0.159	0.155	0.044	0.014	0.001	0.001	0.005	0.001	0.001	0.000	0.000	0.035	0.000	0.000	0.000	0.005	0.000	0.000	0.000	0.018	0.000	0.056	0.000	0.009	0.000	0.000	0.052	0.000	0.000	0.000	0.000	0.000	0.000	0.009	0.000	0.000	0.000	0.000	0.030	0.000	0.000	0.000	0.000	0.043	0.000	0.043	0.000	0.000	0.005	0.000	0.048	0.000	0.000	0.000	0.000	0.000	0.000	0.000	0.000	0.000	0.000	0.000	0.000	0.000	0.000	0.000	0.000	0.000	0.000	0.000	0.000	0.000	0.000	0.000	0.000	0.000	0.000	0.000	0.000	0.000	0.000	0.000	0.000	0.000	0.000	0.000	0.000	0.000	0.000	0.000	0.000	0.000	0.000	0.000	0.000	0.000	0.000	0.000	0.000
CNUK1055	0.451	0.232	0.040	0.001	0.001	0.005	0.014	0.000	0.032	0.001	0.000	0.000	0.000	0.000	0.000	0.000	0.000	0.009	0.000	0.000	0.000	0.009	0.005	0.000	0.000	0.000	0.000	0.000	0.018	0.000	0.000	0.000	0.000	0.000	0.000	0.000	0.000	0.000	0.000	0.000	0.000	0.000	0.000	0.000	0.005	0.000	0.000	0.000	0.000	0.000	0.000	0.000	0.000	0.000	0.000	0.000	0.018	0.040	0.000	0.000	0.000	0.032	0.063	0.000	0.000	0.000	0.005	0.000	0.000	0.000	0.000	0.000	0.000	0.000	0.005	0.000	0.000	0.000	0.000	0.000	0.000	0.000	0.000	0.000	0.000	0.000	0.000	0.000	0.000	0.000	0.000	0.000	0.000	0.000	0.000	0.000	0.000	0.000	0.000	0.000
CNUK4036	0.418	0.201	0.140	0.001	0.001	0.017	0.001	0.001	0.001	0.012	0.006	0.006	0.001	0.000	0.000	0.017	0.000	0.000	0.006	0.001	0.001	0.000	0.000	0.000	0.006	0.006	0.000	0.001	0.000	0.028	0.000	0.000	0.000	0.000	0.023	0.000	0.000	0.000	0.000	0.045	0.000	0.000	0.000	0.000	0.006	0.000	0.000	0.000	0.000	0.000	0.000	0.000	0.000	0.000	0.000	0.000	0.000	0.000	0.000	0.000	0.000	0.000	0.000	0.028	0.000	0.000	0.000	0.000	0.000	0.000	0.000	0.000	0.011	0.000	0.000	0.000	0.000	0.000	0.000	0.000	0.000	0.000	0.000	0.000	0.000	0.000	0.000	0.000	0.000	0.000	0.000	0.000	0.000	0.000	0.000	0.000	0.000	0.000	0.000	0.000
CNUK1126	0.323	0.238	0.141	0.001	0.019	0.049	0.000	0.000	0.000	0.000	0.000	0.008	0.000	0.000	0.008	0.000	0.000	0.052	0.000	0.000	0.000	0.004	0.000	0.011	0.000	0.000	0.015	0.000	0.000	0.004	0.000	0.000	0.000	0.000	0.004	0.000	0.000	0.000	0.000	0.000	0.000	0.000	0.000	0.000	0.000	0.000	0.000	0.000	0.000	0.000	0.000	0.000	0.000	0.000	0.000	0.000	0.000	0.000	0.000	0.000	0.000	0.000	0.000	0.023	0.000	0.000	0.000	0.000	0.000	0.045	0.000	0.000	0.000	0.000	0.000	0.000	0.000	0.000	0.000	0.004	0.000	0.000	0.000	0.000	0.000	0.000	0.000	0.000	0.000	0.000	0.000	0.000	0.037	0.000	0.000	0.000	0.000	0.000	0.000	0.000
CNUK1176	0.521	0.208	0.067	0.012	0.001	0.006	0.001	0.001	0.011	0.001	0.000	0.001	0.001	0.000	0.000	0.000	0.000	0.000	0.000	0.001	0.006	0.000	0.000	0.000	0.058	0.000	0.032	0.000	0.000	0.000	0.000	0.006	0.000	0.000	0.000	0.000	0.000	0.000	0.000	0.000	0.000	0.006	0.006	0.000	0.000	0.000	0.000	0.000	0.000	0.000	0.000	0.000	0.000	0.000	0.000	0.000	0.000	0.000	0.000	0.000	0.000	0.000	0.005	0.000	0.000	0.000	0.000	0.000	0.005	0.000	0.000	0.000	0.000	0.000	0.000	0.000	0.000	0.005	0.000	0.000	0.000	0.000	0.005	0.000	0.000	0.021	0.000	0.000	0.000	0.000	0.000	0.000	0.000	0.000	0.000	0.000	0.000	0.000	0.000	0.000
CNUK1099	0.526	0.088	0.063	0.197	0.001	0.000	0.000	0.000	0.000	0.000	0.000	0.015	0.000	0.000	0.011	0.000	0.000	0.000	0.000	0.004	0.000	0.000	0.023	0.000	0.000	0.000	0.004	0.008	0.000	0.004	0.000	0.000	0.000	0.000	0.000	0.000	0.000	0.000	0.000	0.000	0.000	0.000	0.004	0.000	0.000	0.000	0.000	0.000	0.000	0.000	0.000	0.000	0.000	0.000	0.000	0.004	0.000	0.000	0.000	0.000	0.000	0.000	0.000	0.000	0.000	0.000	0.000	0.011	0.000	0.000	0.000	0.000	0.000	0.000	0.000	0.000	0.000	0.004	0.019	0.000	0.000	0.000	0.000	0.000	0.000	0.000	0.000	0.000	0.000	0.000	0.000	0.000	0.000	0.000	0.000	0.000	0.000	0.000	0.000	0.000
CNUK1163	0.206	0.136	0.227	0.047	0.006	0.001	0.001	0.011	0.006	0.001	0.016	0.006	0.001	0.000	0.000	0.000	0.005	0.000	0.000	0.036	0.000	0.000	0.000	0.000	0.000	0.000	0.000	0.000	0.005	0.000	0.005	0.000	0.000	0.000	0.000	0.036	0.000	0.000	0.000	0.000	0.000	0.000	0.000	0.000	0.000	0.000	0.000	0.000	0.152	0.000	0.000	0.000	0.015	0.005	0.000	0.000	0.000	0.000	0.036	0.000	0.000	0.000	0.000	0.000	0.000	0.000	0.000	0.000	0.005	0.000	0.000	0.000	0.000	0.000	0.000	0.000	0.000	0.000	0.000	0.000	0.000	0.000	0.000	0.000	0.000	0.000	0.000	0.000	0.020	0.000	0.000	0.000	0.000	0.000	0.000	0.000	0.000	0.000	0.000	0.000
CNUK4022	0.276	0.128	0.281	0.001	0.001	0.153	0.001	0.000	0.028	0.005	0.010	0.033	0.019	0.000	0.010	0.000	0.000	0.000	0.000	0.014	0.000	0.000	0.000	0.000	0.000	0.000	0.000	0.000	0.000	0.000	0.000	0.000	0.000	0.000	0.000	0.000	0.009	0.000	0.000	0.000	0.005	0.000	0.000	0.000	0.000	0.000	0.000	0.000	0.000	0.000	0.000	0.000	0.000	0.000	0.000	0.000	0.000	0.000	0.000	0.000	0.000	0.000	0.000	0.000	0.000	0.000	0.000	0.000	0.000	0.000	0.000	0.000	0.000	0.000	0.009	0.000	0.000	0.000	0.000	0.000	0.000	0.000	0.000	0.000	0.000	0.000	0.000	0.000	0.000	0.000	0.000	0.000	0.000	0.000	0.000	0.000	0.000	0.000	0.000	0.000
CNUK1148	0.424	0.151	0.140	0.001	0.023	0.099	0.019	0.000	0.000	0.000	0.000	0.000	0.000	0.000	0.000	0.000	0.000	0.000	0.000	0.000	0.000	0.000	0.000	0.000	0.000	0.012	0.012	0.000	0.023	0.000	0.000	0.000	0.000	0.004	0.000	0.000	0.000	0.000	0.000	0.034	0.004	0.000	0.000	0.000	0.000	0.027	0.000	0.000	0.000	0.000	0.000	0.000	0.000	0.000	0.000	0.000	0.000	0.000	0.000	0.004	0.004	0.000	0.000	0.000	0.000	0.000	0.000	0.000	0.000	0.000	0.000	0.000	0.000	0.000	0.000	0.000	0.000	0.000	0.000	0.000	0.000	0.000	0.000	0.000	0.000	0.000	0.000	0.004	0.000	0.000	0.000	0.000	0.000	0.000	0.000	0.000	0.000	0.000	0.000	0.000
CNUK1103	0.329	0.117	0.371	0.007	0.001	0.001	0.007	0.012	0.001	0.001	0.000	0.001	0.001	0.006	0.000	0.006	0.000	0.001	0.000	0.001	0.006	0.018	0.000	0.000	0.006	0.000	0.006	0.001	0.000	0.000	0.018	0.000	0.000	0.000	0.001	0.000	0.000	0.000	0.000	0.047	0.000	0.000	0.000	0.000	0.000	0.000	0.000	0.000	0.000	0.000	0.000	0.000	0.000	0.000	0.000	0.000	0.000	0.000	0.000	0.000	0.000	0.000	0.000	0.000	0.006	0.000	0.000	0.000	0.000	0.000	0.000	0.000	0.000	0.000	0.000	0.006	0.000	0.000	0.006	0.000	0.000	0.000	0.000	0.000	0.000	0.000	0.000	0.000	0.000	0.000	0.000	0.000	0.000	0.000	0.000	0.000	0.000	0.000	0.000	0.000
CNUK1134	0.245	0.421	0.054	0.001	0.001	0.000	0.001	0.080	0.000	0.000	0.000	0.000	0.000	0.000	0.000	0.000	0.000	0.000	0.000	0.005	0.013	0.005	0.000	0.000	0.030	0.013	0.000	0.000	0.000	0.000	0.000	0.000	0.000	0.034	0.000	0.009	0.000	0.000	0.000	0.000	0.000	0.000	0.000	0.004	0.017	0.000	0.000	0.013	0.000	0.000	0.000	0.000	0.000	0.000	0.000	0.000	0.000	0.000	0.000	0.000	0.000	0.000	0.000	0.000	0.000	0.000	0.000	0.000	0.000	0.000	0.000	0.000	0.000	0.000	0.000	0.008	0.000	0.000	0.000	0.000	0.000	0.000	0.000	0.000	0.000	0.000	0.004	0.000	0.000	0.000	0.000	0.021	0.008	0.000	0.000	0.000	0.000	0.000	0.000	0.000
CNUK1147	0.262	0.242	0.253	0.037	0.022	0.006	0.001	0.001	0.001	0.001	0.000	0.001	0.001	0.000	0.000	0.000	0.000	0.011	0.000	0.001	0.000	0.000	0.000	0.000	0.006	0.000	0.000	0.006	0.006	0.000	0.000	0.000	0.000	0.006	0.000	0.000	0.000	0.026	0.026	0.000	0.000	0.000	0.000	0.000	0.000	0.000	0.000	0.000	0.000	0.000	0.000	0.000	0.000	0.000	0.016	0.000	0.000	0.000	0.000	0.000	0.000	0.000	0.000	0.000	0.000	0.000	0.010	0.000	0.000	0.000	0.000	0.000	0.005	0.000	0.000	0.000	0.000	0.000	0.000	0.000	0.000	0.000	0.000	0.000	0.000	0.000	0.000	0.041	0.000	0.000	0.000	0.000	0.000	0.000	0.000	0.000	0.000	0.000	0.000	0.000
CNUK1073	0.350	0.232	0.166	0.001	0.006	0.001	0.001	0.062	0.010	0.005	0.000	0.001	0.005	0.000	0.000	0.000	0.010	0.000	0.000	0.000	0.000	0.000	0.034	0.000	0.010	0.000	0.005	0.000	0.000	0.005	0.019	0.000	0.000	0.000	0.000	0.000	0.000	0.000	0.010	0.000	0.000	0.000	0.000	0.000	0.000	0.000	0.000	0.000	0.000	0.019	0.000	0.000	0.000	0.000	0.000	0.000	0.000	0.000	0.000	0.000	0.000	0.000	0.000	0.000	0.000	0.029	0.000	0.000	0.000	0.000	0.000	0.000	0.000	0.000	0.000	0.000	0.000	0.000	0.000	0.000	0.000	0.000	0.005	0.000	0.000	0.000	0.000	0.000	0.000	0.000	0.000	0.000	0.000	0.000	0.000	0.000	0.000	0.000	0.000	0.000
CNUK1021	0.263	0.268	0.210	0.026	0.011	0.001	0.035	0.001	0.001	0.001	0.000	0.025	0.001	0.000	0.000	0.000	0.000	0.000	0.000	0.000	0.000	0.000	0.000	0.000	0.030	0.000	0.000	0.000	0.000	0.000	0.000	0.000	0.000	0.000	0.000	0.000	0.000	0.000	0.030	0.000	0.000	0.000	0.000	0.000	0.000	0.000	0.000	0.000	0.000	0.000	0.000	0.025	0.000	0.000	0.000	0.000	0.000	0.000	0.000	0.010	0.000	0.000	0.000	0.000	0.000	0.000	0.025	0.000	0.000	0.000	0.000	0.000	0.000	0.000	0.000	0.000	0.000	0.000	0.000	0.005	0.000	0.000	0.000	0.005	0.000	0.000	0.000	0.000	0.000	0.000	0.000	0.000	0.000	0.000	0.000	0.000	0.010	0.005	0.000	0.000
CNUK1141	0.298	0.215	0.118	0.001	0.020	0.000	0.000	0.000	0.000	0.000	0.032	0.000	0.000	0.000	0.063	0.000	0.000	0.000	0.000	0.008	0.000	0.000	0.000	0.000	0.000	0.000	0.000	0.083	0.008	0.000	0.000	0.036	0.000	0.000	0.000	0.012	0.000	0.004	0.000	0.000	0.000	0.000	0.008	0.000	0.008	0.000	0.000	0.000	0.000	0.000	0.000	0.000	0.000	0.000	0.012	0.000	0.000	0.000	0.000	0.000	0.000	0.000	0.000	0.000	0.000	0.000	0.008	0.000	0.000	0.000	0.000	0.000	0.000	0.000	0.000	0.000	0.000	0.020	0.000	0.000	0.000	0.000	0.000	0.000	0.000	0.000	0.016	0.000	0.000	0.000	0.000	0.000	0.000	0.000	0.000	0.000	0.008	0.000	0.008	0.000
CNUK2011	0.390	0.258	0.080	0.024	0.001	0.001	0.001	0.001	0.001	0.001	0.006	0.024	0.029	0.047	0.000	0.000	0.000	0.006	0.000	0.001	0.001	0.006	0.000	0.018	0.001	0.000	0.000	0.001	0.000	0.000	0.000	0.000	0.023	0.000	0.000	0.000	0.000	0.006	0.000	0.000	0.000	0.000	0.018	0.000	0.000	0.000	0.000	0.000	0.000	0.000	0.000	0.012	0.000	0.006	0.000	0.000	0.000	0.000	0.000	0.000	0.006	0.000	0.000	0.000	0.000	0.000	0.000	0.000	0.000	0.006	0.000	0.000	0.000	0.006	0.000	0.000	0.006	0.000	0.000	0.000	0.000	0.000	0.000	0.000	0.000	0.000	0.000	0.000	0.000	0.000	0.000	0.000	0.000	0.000	0.000	0.000	0.000	0.000	0.000	0.000
CNUK1143	0.221	0.175	0.227	0.006	0.001	0.001	0.001	0.001	0.001	0.001	0.061	0.000	0.000	0.000	0.000	0.000	0.000	0.000	0.000	0.005	0.000	0.000	0.000	0.000	0.000	0.042	0.000	0.000	0.000	0.000	0.005	0.000	0.000	0.000	0.000	0.000	0.000	0.000	0.000	0.000	0.000	0.000	0.000	0.000	0.000	0.028	0.000	0.000	0.000	0.000	0.005	0.000	0.000	0.000	0.000	0.167	0.005	0.000	0.000	0.000	0.000	0.000	0.000	0.000	0.000	0.000	0.000	0.000	0.000	0.000	0.000	0.000	0.000	0.000	0.000	0.000	0.000	0.000	0.000	0.000	0.000	0.000	0.000	0.000	0.000	0.000	0.000	0.000	0.000	0.000	0.000	0.033	0.000	0.000	0.000	0.000	0.000	0.000	0.000	0.000
CNUK4016	0.439	0.186	0.187	0.001	0.001	0.001	0.007	0.001	0.013	0.007	0.000	0.001	0.001	0.001	0.001	0.000	0.001	0.001	0.006	0.001	0.001	0.001	0.000	0.000	0.031	0.000	0.000	0.001	0.000	0.000	0.000	0.000	0.000	0.000	0.001	0.000	0.000	0.000	0.000	0.000	0.006	0.000	0.000	0.000	0.000	0.000	0.000	0.000	0.000	0.000	0.000	0.000	0.000	0.000	0.000	0.000	0.000	0.000	0.000	0.000	0.000	0.012	0.000	0.000	0.000	0.000	0.000	0.000	0.000	0.000	0.079	0.000	0.000	0.000	0.000	0.000	0.000	0.000	0.000	0.000	0.000	0.000	0.000	0.000	0.000	0.000	0.000	0.000	0.000	0.000	0.000	0.000	0.000	0.000	0.000	0.000	0.000	0.000	0.000	0.000
CNUK1123	0.436	0.234	0.075	0.048	0.067	0.001	0.001	0.005	0.001	0.001	0.000	0.001	0.015	0.000	0.000	0.000	0.000	0.010	0.000	0.000	0.005	0.000	0.000	0.005	0.000	0.000	0.000	0.000	0.000	0.000	0.000	0.010	0.000	0.000	0.000	0.000	0.010	0.014	0.000	0.005	0.000	0.000	0.000	0.000	0.000	0.000	0.000	0.000	0.000	0.000	0.000	0.000	0.000	0.000	0.000	0.000	0.010	0.010	0.000	0.000	0.005	0.000	0.000	0.014	0.000	0.000	0.000	0.000	0.005	0.000	0.000	0.000	0.000	0.000	0.000	0.000	0.000	0.000	0.000	0.000	0.000	0.000	0.000	0.000	0.000	0.000	0.000	0.000	0.000	0.000	0.000	0.000	0.000	0.000	0.000	0.000	0.000	0.000	0.000	0.000
CNUK1185	0.182	0.302	0.089	0.001	0.026	0.006	0.015	0.010	0.001	0.001	0.085	0.001	0.001	0.010	0.000	0.000	0.000	0.000	0.010	0.001	0.000	0.000	0.000	0.010	0.005	0.000	0.000	0.000	0.025	0.000	0.000	0.000	0.000	0.000	0.000	0.000	0.000	0.000	0.000	0.000	0.000	0.000	0.000	0.000	0.000	0.000	0.000	0.000	0.000	0.010	0.000	0.000	0.000	0.040	0.000	0.000	0.000	0.000	0.000	0.000	0.000	0.000	0.000	0.015	0.020	0.000	0.000	0.000	0.000	0.000	0.000	0.000	0.000	0.000	0.000	0.000	0.050	0.000	0.020	0.015	0.000	0.000	0.000	0.035	0.000	0.000	0.000	0.000	0.000	0.000	0.000	0.000	0.000	0.000	0.000	0.000	0.000	0.000	0.000	0.000
CNUK1173	0.379	0.099	0.152	0.013	0.001	0.001	0.112	0.001	0.001	0.001	0.000	0.001	0.012	0.006	0.000	0.006	0.000	0.012	0.000	0.001	0.042	0.000	0.000	0.000	0.001	0.000	0.000	0.006	0.000	0.000	0.000	0.000	0.000	0.000	0.001	0.000	0.000	0.030	0.000	0.024	0.000	0.000	0.000	0.000	0.000	0.000	0.000	0.071	0.000	0.000	0.000	0.000	0.000	0.000	0.000	0.000	0.000	0.000	0.000	0.000	0.000	0.000	0.000	0.000	0.000	0.000	0.000	0.000	0.000	0.000	0.000	0.000	0.000	0.000	0.000	0.000	0.000	0.000	0.012	0.000	0.000	0.000	0.000	0.000	0.000	0.000	0.000	0.000	0.000	0.000	0.000	0.000	0.000	0.000	0.000	0.000	0.000	0.000	0.000	0.000
CNUK4024	0.291	0.168	0.164	0.050	0.001	0.001	0.014	0.000	0.014	0.032	0.000	0.000	0.000	0.000	0.023	0.000	0.000	0.000	0.000	0.036	0.000	0.031	0.000	0.000	0.000	0.053	0.000	0.000	0.005	0.000	0.000	0.031	0.000	0.000	0.005	0.000	0.000	0.000	0.005	0.000	0.000	0.000	0.000	0.000	0.000	0.000	0.005	0.000	0.000	0.000	0.013	0.000	0.000	0.000	0.000	0.000	0.000	0.005	0.000	0.000	0.000	0.005	0.000	0.000	0.000	0.000	0.000	0.000	0.000	0.009	0.000	0.000	0.000	0.000	0.000	0.000	0.000	0.000	0.000	0.000	0.000	0.000	0.000	0.000	0.005	0.013	0.000	0.000	0.000	0.000	0.009	0.000	0.000	0.000	0.000	0.000	0.000	0.000	0.000	0.000
CNUK1111	0.327	0.087	0.149	0.001	0.038	0.000	0.017	0.000	0.000	0.084	0.046	0.000	0.000	0.000	0.000	0.000	0.000	0.000	0.004	0.000	0.021	0.000	0.000	0.000	0.000	0.009	0.000	0.000	0.000	0.000	0.000	0.000	0.000	0.000	0.000	0.000	0.000	0.000	0.004	0.000	0.000	0.000	0.000	0.004	0.004	0.000	0.004	0.000	0.000	0.000	0.000	0.075	0.008	0.000	0.000	0.000	0.000	0.000	0.000	0.000	0.000	0.000	0.000	0.000	0.000	0.000	0.021	0.000	0.000	0.000	0.000	0.000	0.000	0.000	0.062	0.017	0.000	0.000	0.000	0.000	0.000	0.000	0.000	0.000	0.000	0.000	0.000	0.000	0.000	0.000	0.000	0.000	0.000	0.000	0.000	0.000	0.000	0.000	0.000	0.000
CNUK1062	0.222	0.351	0.142	0.001	0.019	0.001	0.001	0.036	0.001	0.001	0.000	0.067	0.067	0.005	0.000	0.000	0.000	0.000	0.000	0.000	0.000	0.000	0.000	0.000	0.000	0.000	0.000	0.000	0.000	0.000	0.000	0.000	0.000	0.000	0.005	0.000	0.000	0.000	0.000	0.000	0.000	0.000	0.000	0.000	0.000	0.000	0.014	0.000	0.000	0.000	0.000	0.000	0.000	0.000	0.000	0.009	0.000	0.014	0.000	0.000	0.000	0.000	0.000	0.000	0.000	0.000	0.000	0.000	0.000	0.000	0.000	0.000	0.000	0.000	0.000	0.000	0.000	0.027	0.000	0.005	0.000	0.000	0.000	0.000	0.000	0.000	0.000	0.000	0.000	0.000	0.000	0.000	0.000	0.000	0.000	0.000	0.000	0.000	0.000	0.000
CNUK4029	0.144	0.357	0.063	0.021	0.001	0.020	0.025	0.063	0.015	0.001	0.000	0.001	0.001	0.000	0.000	0.000	0.029	0.000	0.000	0.015	0.000	0.000	0.010	0.000	0.000	0.015	0.000	0.000	0.000	0.000	0.000	0.025	0.000	0.000	0.000	0.000	0.000	0.000	0.000	0.005	0.015	0.000	0.000	0.000	0.068	0.000	0.000	0.000	0.000	0.000	0.000	0.000	0.034	0.000	0.000	0.000	0.000	0.000	0.000	0.000	0.000	0.000	0.005	0.000	0.024	0.000	0.000	0.005	0.000	0.000	0.000	0.000	0.005	0.000	0.000	0.000	0.000	0.019	0.000	0.000	0.000	0.000	0.000	0.000	0.000	0.000	0.000	0.000	0.000	0.000	0.000	0.000	0.000	0.000	0.000	0.000	0.000	0.000	0.000	0.000
CNUK1057	0.287	0.209	0.368	0.007	0.001	0.001	0.001	0.001	0.001	0.001	0.000	0.001	0.001	0.000	0.000	0.000	0.000	0.029	0.000	0.001	0.001	0.000	0.000	0.000	0.001	0.000	0.000	0.001	0.000	0.000	0.000	0.000	0.023	0.000	0.000	0.000	0.000	0.000	0.000	0.000	0.012	0.000	0.000	0.000	0.000	0.000	0.000	0.012	0.000	0.006	0.000	0.000	0.000	0.000	0.000	0.000	0.000	0.000	0.000	0.000	0.000	0.000	0.006	0.000	0.000	0.000	0.006	0.000	0.000	0.000	0.000	0.000	0.000	0.000	0.000	0.000	0.000	0.000	0.000	0.000	0.000	0.000	0.000	0.000	0.000	0.006	0.000	0.000	0.000	0.000	0.000	0.000	0.000	0.000	0.000	0.000	0.000	0.000	0.006	0.000
CNUK1082	0.338	0.232	0.248	0.001	0.001	0.021	0.001	0.001	0.001	0.001	0.000	0.006	0.026	0.000	0.000	0.026	0.005	0.000	0.000	0.001	0.000	0.011	0.010	0.000	0.006	0.000	0.000	0.006	0.000	0.000	0.000	0.000	0.026	0.000	0.000	0.000	0.000	0.000	0.000	0.000	0.000	0.000	0.000	0.000	0.000	0.000	0.000	0.000	0.000	0.010	0.000	0.000	0.000	0.010	0.000	0.000	0.000	0.000	0.000	0.000	0.000	0.000	0.000	0.000	0.000	0.000	0.000	0.000	0.000	0.000	0.000	0.000	0.000	0.000	0.000	0.000	0.000	0.000	0.000	0.000	0.000	0.000	0.000	0.000	0.000	0.000	0.000	0.000	0.000	0.000	0.000	0.000	0.000	0.000	0.000	0.000	0.000	0.000	0.000	0.000
CNUK4007	0.250	0.210	0.137	0.001	0.005	0.101	0.023	0.000	0.001	0.078	0.000	0.000	0.019	0.000	0.005	0.000	0.000	0.000	0.028	0.051	0.000	0.000	0.000	0.000	0.000	0.000	0.000	0.000	0.000	0.000	0.009	0.019	0.000	0.000	0.000	0.000	0.000	0.000	0.005	0.000	0.000	0.000	0.000	0.000	0.000	0.000	0.000	0.000	0.000	0.009	0.000	0.000	0.000	0.000	0.000	0.000	0.000	0.000	0.000	0.000	0.000	0.000	0.000	0.000	0.000	0.000	0.000	0.000	0.000	0.000	0.000	0.000	0.000	0.000	0.000	0.000	0.000	0.000	0.000	0.000	0.000	0.000	0.032	0.000	0.000	0.000	0.000	0.000	0.000	0.000	0.000	0.000	0.000	0.000	0.000	0.000	0.000	0.000	0.000	0.000
CNUK1007	0.352	0.298	0.136	0.001	0.005	0.001	0.001	0.000	0.001	0.001	0.009	0.000	0.000	0.000	0.005	0.000	0.041	0.000	0.009	0.000	0.000	0.000	0.000	0.000	0.000	0.000	0.000	0.000	0.000	0.000	0.009	0.000	0.000	0.000	0.000	0.000	0.000	0.005	0.000	0.000	0.005	0.000	0.014	0.000	0.032	0.005	0.005	0.000	0.000	0.000	0.036	0.000	0.000	0.000	0.000	0.000	0.000	0.000	0.000	0.000	0.000	0.000	0.000	0.000	0.000	0.000	0.000	0.000	0.000	0.000	0.000	0.000	0.000	0.000	0.000	0.000	0.000	0.000	0.000	0.000	0.000	0.000	0.000	0.000	0.014	0.000	0.000	0.000	0.000	0.000	0.000	0.000	0.000	0.000	0.000	0.000	0.000	0.000	0.000	0.000
CNUK1118	0.333	0.296	0.201	0.001	0.001	0.001	0.001	0.001	0.001	0.017	0.000	0.006	0.001	0.000	0.000	0.000	0.000	0.000	0.000	0.001	0.001	0.000	0.000	0.000	0.001	0.006	0.000	0.001	0.000	0.027	0.000	0.000	0.000	0.016	0.000	0.000	0.000	0.000	0.000	0.000	0.000	0.000	0.000	0.000	0.000	0.000	0.000	0.000	0.000	0.006	0.000	0.000	0.000	0.000	0.000	0.000	0.000	0.000	0.000	0.000	0.000	0.000	0.000	0.000	0.000	0.000	0.000	0.000	0.000	0.000	0.000	0.000	0.027	0.037	0.000	0.005	0.000	0.000	0.000	0.000	0.000	0.000	0.000	0.000	0.000	0.000	0.000	0.000	0.000	0.000	0.000	0.000	0.000	0.000	0.000	0.000	0.000	0.000	0.000	0.000
CNUK4025	0.511	0.186	0.018	0.015	0.001	0.001	0.001	0.001	0.001	0.001	0.000	0.005	0.000	0.000	0.000	0.014	0.014	0.000	0.000	0.000	0.000	0.000	0.000	0.000	0.000	0.000	0.000	0.000	0.033	0.089	0.028	0.000	0.000	0.000	0.000	0.000	0.000	0.019	0.000	0.000	0.000	0.010	0.000	0.000	0.000	0.000	0.000	0.000	0.000	0.000	0.000	0.000	0.000	0.000	0.000	0.000	0.000	0.000	0.000	0.000	0.000	0.000	0.000	0.000	0.000	0.000	0.014	0.000	0.000	0.000	0.000	0.000	0.000	0.000	0.000	0.000	0.000	0.019	0.000	0.000	0.000	0.000	0.000	0.000	0.000	0.000	0.000	0.000	0.000	0.000	0.000	0.000	0.000	0.000	0.000	0.000	0.005	0.000	0.000	0.000
CNUK1025	0.235	0.128	0.443	0.018	0.001	0.000	0.001	0.005	0.000	0.000	0.000	0.000	0.000	0.000	0.000	0.000	0.000	0.000	0.000	0.000	0.005	0.000	0.000	0.000	0.005	0.000	0.000	0.000	0.000	0.000	0.000	0.000	0.000	0.000	0.009	0.000	0.000	0.000	0.000	0.000	0.000	0.033	0.000	0.000	0.000	0.000	0.000	0.000	0.000	0.000	0.000	0.000	0.000	0.000	0.000	0.000	0.000	0.000	0.000	0.017	0.000	0.000	0.000	0.000	0.000	0.000	0.000	0.000	0.000	0.000	0.041	0.000	0.000	0.000	0.029	0.000	0.000	0.000	0.000	0.000	0.000	0.000	0.000	0.000	0.000	0.000	0.000	0.012	0.000	0.000	0.004	0.000	0.000	0.000	0.000	0.000	0.000	0.000	0.000	0.000
CNUK1169	0.269	0.280	0.175	0.026	0.001	0.031	0.001	0.001	0.016	0.001	0.000	0.011	0.001	0.000	0.000	0.000	0.015	0.000	0.005	0.011	0.000	0.000	0.000	0.010	0.000	0.000	0.000	0.000	0.000	0.000	0.000	0.000	0.000	0.000	0.000	0.035	0.000	0.000	0.005	0.010	0.000	0.000	0.000	0.000	0.000	0.000	0.000	0.000	0.000	0.000	0.000	0.000	0.000	0.000	0.000	0.000	0.000	0.000	0.000	0.000	0.015	0.000	0.000	0.000	0.000	0.000	0.000	0.000	0.000	0.000	0.000	0.000	0.000	0.000	0.000	0.000	0.000	0.000	0.000	0.000	0.000	0.000	0.000	0.000	0.000	0.000	0.000	0.000	0.000	0.065	0.000	0.000	0.000	0.000	0.000	0.000	0.000	0.000	0.000	0.000
CNUK4028	0.243	0.380	0.094	0.001	0.001	0.043	0.001	0.001	0.001	0.005	0.000	0.001	0.010	0.043	0.000	0.000	0.000	0.000	0.010	0.000	0.010	0.000	0.000	0.000	0.000	0.010	0.000	0.024	0.033	0.024	0.000	0.000	0.000	0.000	0.000	0.000	0.000	0.000	0.000	0.000	0.000	0.000	0.000	0.000	0.000	0.000	0.000	0.000	0.000	0.000	0.000	0.000	0.000	0.000	0.000	0.000	0.000	0.042	0.000	0.000	0.000	0.000	0.000	0.000	0.000	0.000	0.000	0.000	0.000	0.000	0.000	0.000	0.000	0.000	0.000	0.000	0.000	0.000	0.005	0.000	0.000	0.000	0.005	0.000	0.000	0.000	0.000	0.000	0.000	0.000	0.000	0.000	0.000	0.000	0.000	0.000	0.000	0.000	0.000	0.000
CNUK1080	0.407	0.193	0.162	0.001	0.001	0.001	0.001	0.000	0.018	0.001	0.000	0.000	0.000	0.000	0.000	0.000	0.000	0.000	0.000	0.000	0.000	0.000	0.000	0.000	0.005	0.000	0.110	0.000	0.000	0.027	0.000	0.000	0.000	0.000	0.000	0.000	0.000	0.000	0.000	0.000	0.000	0.000	0.000	0.000	0.000	0.000	0.000	0.000	0.000	0.000	0.000	0.000	0.000	0.000	0.000	0.000	0.000	0.000	0.000	0.000	0.000	0.000	0.053	0.000	0.000	0.000	0.000	0.005	0.000	0.000	0.000	0.000	0.000	0.000	0.000	0.000	0.000	0.000	0.000	0.000	0.000	0.000	0.000	0.000	0.000	0.000	0.000	0.000	0.000	0.000	0.000	0.000	0.000	0.000	0.000	0.000	0.000	0.000	0.000	0.000
CNUK4033	0.260	0.196	0.165	0.028	0.001	0.001	0.001	0.001	0.001	0.001	0.000	0.001	0.065	0.000	0.000	0.000	0.000	0.000	0.000	0.001	0.001	0.027	0.000	0.006	0.001	0.016	0.000	0.001	0.000	0.006	0.000	0.000	0.000	0.000	0.000	0.000	0.000	0.027	0.000	0.000	0.000	0.000	0.000	0.176	0.000	0.000	0.000	0.000	0.000	0.000	0.000	0.000	0.000	0.000	0.000	0.000	0.000	0.000	0.006	0.000	0.000	0.000	0.000	0.000	0.000	0.000	0.000	0.000	0.000	0.000	0.000	0.000	0.000	0.000	0.000	0.000	0.000	0.000	0.000	0.000	0.000	0.000	0.000	0.000	0.000	0.000	0.000	0.000	0.000	0.000	0.000	0.000	0.000	0.000	0.000	0.000	0.000	0.000	0.000	0.000
CNUK1122	0.405	0.202	0.152	0.001	0.010	0.001	0.001	0.000	0.001	0.001	0.010	0.000	0.010	0.000	0.000	0.000	0.000	0.010	0.000	0.000	0.000	0.000	0.000	0.000	0.010	0.000	0.000	0.010	0.019	0.010	0.051	0.000	0.000	0.000	0.000	0.000	0.014	0.000	0.000	0.019	0.000	0.000	0.000	0.000	0.000	0.000	0.000	0.000	0.000	0.000	0.000	0.000	0.000	0.000	0.000	0.000	0.005	0.000	0.000	0.000	0.000	0.000	0.000	0.000	0.009	0.000	0.000	0.000	0.000	0.028	0.000	0.000	0.000	0.005	0.000	0.000	0.000	0.000	0.005	0.000	0.000	0.000	0.000	0.000	0.000	0.000	0.000	0.000	0.000	0.000	0.000	0.000	0.000	0.000	0.000	0.000	0.000	0.000	0.000	0.000
CNUK4019	0.269	0.260	0.114	0.093	0.001	0.001	0.005	0.000	0.001	0.005	0.000	0.000	0.000	0.000	0.000	0.000	0.000	0.005	0.000	0.000	0.005	0.000	0.000	0.064	0.000	0.028	0.000	0.023	0.000	0.000	0.005	0.000	0.000	0.005	0.019	0.000	0.000	0.005	0.005	0.000	0.000	0.000	0.000	0.000	0.000	0.000	0.000	0.000	0.000	0.051	0.000	0.000	0.000	0.000	0.005	0.000	0.000	0.000	0.000	0.000	0.000	0.000	0.000	0.014	0.005	0.000	0.000	0.000	0.000	0.000	0.000	0.000	0.000	0.000	0.000	0.000	0.000	0.000	0.000	0.000	0.000	0.000	0.000	0.000	0.000	0.000	0.000	0.000	0.000	0.000	0.000	0.000	0.000	0.000	0.000	0.000	0.000	0.000	0.000	0.000
CNUK1179	0.401	0.253	0.080	0.001	0.014	0.001	0.001	0.001	0.001	0.001	0.031	0.001	0.044	0.001	0.001	0.000	0.001	0.001	0.000	0.001	0.001	0.001	0.000	0.019	0.001	0.000	0.007	0.001	0.000	0.000	0.000	0.001	0.000	0.000	0.001	0.000	0.000	0.000	0.093	0.000	0.000	0.000	0.000	0.000	0.000	0.006	0.000	0.000	0.006	0.000	0.000	0.000	0.000	0.000	0.000	0.000	0.000	0.000	0.000	0.000	0.019	0.000	0.000	0.000	0.000	0.000	0.000	0.000	0.000	0.000	0.000	0.000	0.000	0.000	0.000	0.000	0.000	0.000	0.000	0.000	0.000	0.000	0.000	0.000	0.000	0.000	0.000	0.000	0.000	0.000	0.000	0.000	0.000	0.000	0.000	0.000	0.000	0.000	0.000	0.000
CNUK4018	0.289	0.350	0.159	0.001	0.001	0.001	0.010	0.010	0.010	0.015	0.000	0.000	0.000	0.000	0.005	0.000	0.000	0.010	0.000	0.000	0.019	0.005	0.000	0.000	0.000	0.000	0.000	0.000	0.000	0.000	0.000	0.000	0.000	0.000	0.000	0.000	0.010	0.000	0.000	0.005	0.005	0.000	0.000	0.000	0.010	0.010	0.000	0.000	0.000	0.000	0.014	0.000	0.000	0.000	0.000	0.000	0.000	0.000	0.000	0.000	0.000	0.000	0.000	0.000	0.000	0.000	0.000	0.000	0.000	0.000	0.000	0.042	0.000	0.000	0.000	0.000	0.000	0.000	0.000	0.000	0.000	0.000	0.000	0.000	0.000	0.000	0.000	0.000	0.000	0.000	0.000	0.000	0.000	0.000	0.000	0.000	0.005	0.000	0.000	0.000
CNUK1098	0.401	0.250	0.182	0.001	0.001	0.021	0.001	0.001	0.001	0.001	0.000	0.001	0.001	0.000	0.000	0.000	0.011	0.000	0.000	0.001	0.000	0.000	0.000	0.000	0.006	0.037	0.016	0.000	0.000	0.000	0.000	0.000	0.000	0.000	0.000	0.011	0.000	0.006	0.000	0.000	0.000	0.000	0.021	0.000	0.000	0.000	0.000	0.000	0.000	0.000	0.000	0.000	0.000	0.000	0.000	0.000	0.000	0.000	0.000	0.000	0.000	0.000	0.000	0.000	0.000	0.005	0.000	0.000	0.000	0.000	0.000	0.000	0.000	0.000	0.000	0.000	0.000	0.000	0.000	0.005	0.000	0.000	0.000	0.000	0.000	0.000	0.000	0.000	0.000	0.000	0.000	0.000	0.000	0.000	0.000	0.000	0.000	0.000	0.000	0.005
CNUK1142	0.341	0.174	0.134	0.038	0.090	0.000	0.001	0.000	0.000	0.000	0.000	0.021	0.000	0.000	0.000	0.000	0.000	0.037	0.000	0.000	0.000	0.000	0.000	0.017	0.000	0.000	0.000	0.000	0.000	0.000	0.000	0.000	0.000	0.000	0.000	0.004	0.000	0.000	0.000	0.000	0.000	0.000	0.000	0.000	0.000	0.000	0.016	0.000	0.000	0.000	0.000	0.000	0.000	0.000	0.000	0.000	0.021	0.000	0.000	0.061	0.000	0.000	0.000	0.000	0.004	0.000	0.000	0.000	0.000	0.000	0.000	0.000	0.008	0.000	0.000	0.000	0.000	0.000	0.000	0.000	0.000	0.000	0.000	0.000	0.016	0.000	0.000	0.000	0.000	0.000	0.000	0.000	0.000	0.000	0.000	0.000	0.000	0.000	0.000	0.000
CNUK1151	0.206	0.179	0.354	0.007	0.001	0.001	0.028	0.001	0.001	0.001	0.000	0.001	0.001	0.000	0.000	0.000	0.000	0.000	0.000	0.001	0.001	0.000	0.000	0.049	0.001	0.011	0.000	0.001	0.000	0.017	0.000	0.000	0.000	0.000	0.000	0.000	0.000	0.000	0.000	0.000	0.000	0.000	0.006	0.000	0.000	0.000	0.000	0.000	0.000	0.000	0.000	0.000	0.000	0.000	0.000	0.000	0.000	0.000	0.000	0.000	0.000	0.000	0.000	0.000	0.000	0.000	0.000	0.000	0.120	0.000	0.000	0.000	0.000	0.000	0.000	0.000	0.000	0.000	0.000	0.000	0.000	0.000	0.000	0.000	0.000	0.000	0.000	0.000	0.000	0.000	0.000	0.000	0.000	0.000	0.000	0.000	0.000	0.000	0.000	0.000
CNUK4015	0.275	0.477	0.064	0.001	0.015	0.001	0.001	0.000	0.001	0.033	0.000	0.000	0.010	0.000	0.000	0.000	0.000	0.000	0.000	0.005	0.000	0.000	0.074	0.000	0.000	0.000	0.000	0.000	0.000	0.000	0.000	0.000	0.000	0.000	0.000	0.000	0.000	0.000	0.000	0.005	0.000	0.000	0.000	0.000	0.000	0.000	0.000	0.000	0.000	0.000	0.000	0.000	0.000	0.000	0.000	0.000	0.000	0.000	0.000	0.000	0.000	0.005	0.000	0.000	0.000	0.000	0.000	0.000	0.000	0.000	0.000	0.000	0.019	0.000	0.000	0.000	0.000	0.000	0.000	0.000	0.000	0.000	0.000	0.000	0.000	0.000	0.000	0.000	0.000	0.000	0.000	0.000	0.000	0.000	0.000	0.000	0.000	0.000	0.000	0.000
CNUK1120	0.230	0.049	0.135	0.001	0.005	0.000	0.000	0.000	0.000	0.000	0.000	0.012	0.000	0.027	0.189	0.016	0.000	0.000	0.000	0.000	0.020	0.000	0.000	0.004	0.012	0.000	0.000	0.020	0.000	0.000	0.000	0.012	0.000	0.004	0.000	0.008	0.000	0.000	0.000	0.000	0.000	0.000	0.000	0.000	0.000	0.000	0.000	0.000	0.000	0.000	0.000	0.000	0.000	0.093	0.015	0.000	0.031	0.000	0.000	0.000	0.000	0.000	0.000	0.000	0.000	0.000	0.000	0.008	0.000	0.000	0.000	0.000	0.035	0.008	0.000	0.000	0.000	0.000	0.000	0.000	0.035	0.000	0.000	0.000	0.000	0.000	0.000	0.000	0.000	0.000	0.000	0.000	0.000	0.019	0.000	0.000	0.000	0.000	0.000	0.000
CNUK1124	0.174	0.330	0.136	0.001	0.040	0.001	0.001	0.035	0.001	0.001	0.000	0.001	0.001	0.000	0.000	0.000	0.000	0.000	0.000	0.000	0.000	0.000	0.010	0.068	0.000	0.000	0.000	0.000	0.000	0.000	0.000	0.000	0.000	0.000	0.000	0.000	0.000	0.000	0.000	0.000	0.054	0.000	0.000	0.000	0.000	0.005	0.000	0.000	0.005	0.000	0.000	0.000	0.088	0.000	0.000	0.000	0.000	0.000	0.000	0.000	0.000	0.000	0.000	0.000	0.000	0.000	0.000	0.034	0.000	0.000	0.000	0.000	0.000	0.000	0.000	0.000	0.000	0.000	0.000	0.000	0.000	0.000	0.000	0.000	0.000	0.000	0.000	0.000	0.000	0.000	0.000	0.000	0.000	0.000	0.000	0.000	0.000	0.000	0.000	0.000
CNUK1097	0.400	0.233	0.119	0.001	0.010	0.001	0.039	0.001	0.039	0.001	0.000	0.001	0.001	0.000	0.024	0.010	0.000	0.000	0.000	0.000	0.000	0.019	0.000	0.000	0.000	0.000	0.000	0.000	0.000	0.000	0.000	0.000	0.000	0.000	0.000	0.000	0.000	0.005	0.000	0.000	0.000	0.000	0.029	0.000	0.000	0.000	0.000	0.000	0.019	0.000	0.000	0.000	0.000	0.000	0.000	0.000	0.000	0.000	0.000	0.000	0.000	0.000	0.000	0.000	0.000	0.000	0.000	0.034	0.000	0.000	0.000	0.000	0.000	0.000	0.000	0.000	0.000	0.000	0.000	0.000	0.000	0.000	0.000	0.000	0.000	0.000	0.000	0.000	0.000	0.000	0.000	0.000	0.000	0.000	0.000	0.000	0.000	0.000	0.000	0.000
CNUK1101	0.531	0.110	0.164	0.001	0.001	0.005	0.001	0.000	0.014	0.009	0.000	0.005	0.000	0.000	0.009	0.000	0.000	0.000	0.076	0.000	0.000	0.000	0.000	0.000	0.000	0.000	0.000	0.000	0.000	0.000	0.000	0.000	0.000	0.000	0.000	0.000	0.000	0.000	0.000	0.000	0.000	0.000	0.000	0.000	0.000	0.000	0.000	0.000	0.000	0.000	0.009	0.000	0.000	0.000	0.000	0.000	0.000	0.000	0.000	0.000	0.000	0.000	0.000	0.000	0.000	0.000	0.000	0.000	0.000	0.000	0.000	0.000	0.000	0.000	0.000	0.040	0.000	0.009	0.000	0.000	0.000	0.000	0.000	0.000	0.000	0.000	0.000	0.000	0.000	0.000	0.000	0.000	0.000	0.000	0.000	0.000	0.000	0.000	0.000	0.000
CNUK1018	0.386	0.216	0.105	0.001	0.001	0.001	0.021	0.001	0.031	0.001	0.000	0.001	0.001	0.010	0.000	0.000	0.000	0.000	0.010	0.011	0.000	0.000	0.026	0.000	0.000	0.000	0.000	0.000	0.005	0.000	0.036	0.000	0.000	0.000	0.000	0.000	0.025	0.000	0.000	0.000	0.000	0.000	0.000	0.000	0.000	0.005	0.000	0.000	0.000	0.000	0.000	0.000	0.000	0.000	0.000	0.000	0.005	0.000	0.000	0.010	0.000	0.000	0.000	0.025	0.000	0.000	0.000	0.000	0.000	0.000	0.000	0.000	0.000	0.000	0.005	0.000	0.000	0.000	0.000	0.000	0.000	0.000	0.000	0.000	0.000	0.000	0.000	0.000	0.000	0.000	0.045	0.000	0.000	0.000	0.000	0.000	0.000	0.000	0.000	0.000
CNUK1033	0.362	0.243	0.119	0.013	0.001	0.000	0.000	0.000	0.012	0.012	0.000	0.000	0.000	0.008	0.000	0.000	0.000	0.000	0.000	0.004	0.000	0.000	0.036	0.000	0.000	0.048	0.020	0.000	0.000	0.004	0.004	0.000	0.000	0.000	0.000	0.000	0.032	0.016	0.000	0.000	0.000	0.000	0.000	0.000	0.000	0.000	0.000	0.000	0.000	0.000	0.000	0.000	0.000	0.000	0.000	0.000	0.000	0.000	0.040	0.000	0.008	0.000	0.000	0.000	0.000	0.000	0.000	0.000	0.000	0.000	0.000	0.000	0.000	0.000	0.000	0.000	0.000	0.000	0.000	0.000	0.000	0.000	0.000	0.000	0.000	0.000	0.000	0.000	0.000	0.000	0.000	0.000	0.000	0.000	0.000	0.000	0.000	0.000	0.000	0.000
CNUK1119	0.439	0.328	0.055	0.001	0.001	0.001	0.001	0.001	0.005	0.001	0.000	0.000	0.000	0.019	0.000	0.000	0.000	0.000	0.000	0.000	0.000	0.000	0.000	0.000	0.000	0.000	0.000	0.000	0.000	0.000	0.000	0.000	0.000	0.000	0.056	0.000	0.000	0.000	0.000	0.000	0.019	0.014	0.000	0.000	0.000	0.000	0.000	0.000	0.000	0.000	0.000	0.000	0.000	0.000	0.000	0.000	0.000	0.000	0.042	0.000	0.000	0.000	0.000	0.000	0.000	0.000	0.000	0.000	0.000	0.000	0.000	0.000	0.000	0.000	0.000	0.000	0.000	0.000	0.000	0.000	0.000	0.000	0.000	0.000	0.000	0.000	0.000	0.000	0.000	0.000	0.000	0.000	0.000	0.000	0.000	0.000	0.000	0.000	0.000	0.000
CNUK1153	0.445	0.237	0.047	0.011	0.001	0.001	0.001	0.001	0.001	0.001	0.000	0.005	0.001	0.000	0.000	0.000	0.000	0.000	0.152	0.000	0.000	0.005	0.000	0.000	0.000	0.000	0.010	0.000	0.000	0.000	0.000	0.000	0.000	0.000	0.000	0.000	0.000	0.000	0.000	0.000	0.000	0.000	0.000	0.000	0.000	0.000	0.000	0.000	0.000	0.015	0.000	0.000	0.000	0.000	0.000	0.005	0.000	0.000	0.000	0.000	0.000	0.000	0.005	0.000	0.000	0.000	0.000	0.000	0.000	0.000	0.000	0.000	0.000	0.000	0.000	0.000	0.000	0.000	0.000	0.005	0.000	0.010	0.000	0.000	0.000	0.000	0.000	0.000	0.029	0.000	0.000	0.000	0.000	0.000	0.000	0.000	0.000	0.000	0.000	0.000
TSNO1011	0.230	0.109	0.036	0.131	0.022	0.018	0.002	0.045	0.061	0.017	0.009	0.001	0.025	0.028	0.001	0.000	0.000	0.000	0.052	0.000	0.000	0.000	0.004	0.000	0.000	0.000	0.000	0.000	0.000	0.000	0.000	0.008	0.174	0.000	0.000	0.000	0.000	0.000	0.000	0.000	0.000	0.016	0.000	0.000	0.000	0.000	0.000	0.000	0.000	0.000	0.000	0.000	0.000	0.000	0.000	0.000	0.000	0.000	0.000	0.004	0.000	0.000	0.000	0.000	0.000	0.000	0.000	0.000	0.000	0.000	0.000	0.000	0.000	0.000	0.000	0.000	0.000	0.000	0.000	0.000	0.000	0.000	0.000	0.000	0.000	0.000	0.000	0.000	0.000	0.000	0.000	0.000	0.000	0.000	0.000	0.000	0.000	0.000	0.000	0.000
TSNO1122	0.062	0.411	0.005	0.010	0.055	0.160	0.012	0.002	0.030	0.002	0.002	0.006	0.020	0.005	0.001	0.000	0.000	0.000	0.010	0.000	0.000	0.000	0.000	0.000	0.000	0.000	0.000	0.000	0.000	0.000	0.000	0.000	0.000	0.000	0.000	0.000	0.000	0.000	0.000	0.000	0.000	0.000	0.000	0.000	0.000	0.000	0.000	0.000	0.000	0.000	0.000	0.000	0.000	0.000	0.000	0.000	0.000	0.000	0.171	0.000	0.000	0.000	0.000	0.000	0.014	0.000	0.000	0.014	0.000	0.000	0.000	0.000	0.000	0.000	0.000	0.000	0.000	0.000	0.000	0.000	0.000	0.000	0.000	0.000	0.000	0.000	0.000	0.000	0.000	0.000	0.000	0.000	0.000	0.000	0.000	0.000	0.000	0.000	0.000	0.000
CZPR3048	0.045	0.193	0.196	0.056	0.155	0.003	0.042	0.042	0.002	0.086	0.024	0.002	0.001	0.001	0.001	0.000	0.000	0.000	0.000	0.000	0.000	0.000	0.000	0.000	0.006	0.000	0.000	0.000	0.000	0.000	0.000	0.000	0.000	0.000	0.000	0.000	0.000	0.000	0.000	0.000	0.000	0.000	0.000	0.000	0.000	0.000	0.000	0.051	0.000	0.000	0.000	0.000	0.000	0.000	0.000	0.000	0.000	0.000	0.000	0.000	0.000	0.000	0.000	0.000	0.000	0.000	0.000	0.000	0.000	0.000	0.045	0.000	0.000	0.000	0.000	0.039	0.000	0.000	0.000	0.000	0.000	0.000	0.000	0.000	0.000	0.000	0.000	0.000	0.000	0.000	0.000	0.000	0.000	0.000	0.000	0.000	0.000	0.000	0.000	0.000
TSNO1515	0.234	0.087	0.064	0.149	0.003	0.008	0.117	0.032	0.091	0.002	0.031	0.002	0.001	0.001	0.001	0.000	0.000	0.020	0.010	0.000	0.000	0.000	0.000	0.000	0.000	0.000	0.000	0.060	0.000	0.000	0.000	0.000	0.000	0.000	0.000	0.000	0.000	0.000	0.000	0.000	0.000	0.000	0.030	0.000	0.000	0.000	0.000	0.000	0.000	0.000	0.000	0.000	0.000	0.005	0.000	0.000	0.000	0.000	0.000	0.000	0.000	0.035	0.000	0.000	0.000	0.000	0.000	0.000	0.000	0.000	0.000	0.000	0.000	0.000	0.000	0.000	0.000	0.000	0.000	0.000	0.000	0.000	0.000	0.000	0.000	0.000	0.000	0.000	0.000	0.000	0.000	0.000	0.000	0.000	0.000	0.010	0.000	0.000	0.000	0.000
TSNO1050	0.181	0.140	0.044	0.100	0.010	0.079	0.059	0.003	0.115	0.189	0.008	0.008	0.001	0.001	0.001	0.000	0.013	0.000	0.032	0.000	0.000	0.000	0.000	0.000	0.000	0.000	0.000	0.000	0.000	0.000	0.000	0.000	0.000	0.000	0.000	0.000	0.006	0.000	0.000	0.000	0.000	0.000	0.000	0.000	0.000	0.000	0.000	0.000	0.000	0.000	0.000	0.000	0.000	0.000	0.000	0.000	0.000	0.000	0.000	0.000	0.000	0.000	0.000	0.000	0.000	0.000	0.000	0.000	0.000	0.000	0.000	0.000	0.000	0.000	0.000	0.000	0.000	0.000	0.000	0.000	0.000	0.000	0.000	0.000	0.000	0.000	0.000	0.000	0.000	0.000	0.000	0.000	0.000	0.000	0.000	0.000	0.000	0.000	0.000	0.000
TSNO1308	0.152	0.224	0.227	0.014	0.004	0.004	0.010	0.010	0.064	0.002	0.030	0.030	0.001	0.001	0.001	0.000	0.000	0.021	0.000	0.000	0.014	0.000	0.172	0.000	0.000	0.000	0.000	0.000	0.000	0.000	0.007	0.000	0.000	0.000	0.000	0.000	0.000	0.000	0.000	0.000	0.000	0.000	0.000	0.000	0.000	0.000	0.000	0.000	0.000	0.000	0.000	0.000	0.000	0.000	0.000	0.000	0.000	0.000	0.000	0.000	0.000	0.000	0.000	0.000	0.000	0.000	0.000	0.000	0.000	0.000	0.000	0.000	0.000	0.000	0.000	0.000	0.000	0.000	0.000	0.000	0.000	0.000	0.000	0.000	0.000	0.000	0.000	0.000	0.000	0.000	0.000	0.000	0.000	0.000	0.000	0.000	0.000	0.000	0.000	0.000
FRUL1025	0.166	0.072	0.048	0.070	0.072	0.033	0.120	0.094	0.002	0.058	0.180	0.028	0.018	0.001	0.009	0.005	0.000	0.000	0.000	0.000	0.000	0.000	0.000	0.000	0.000	0.000	0.000	0.000	0.000	0.000	0.000	0.000	0.000	0.000	0.000	0.000	0.000	0.000	0.000	0.000	0.000	0.000	0.000	0.000	0.000	0.000	0.000	0.000	0.018	0.000	0.000	0.000	0.000	0.000	0.000	0.000	0.000	0.000	0.000	0.000	0.000	0.000	0.000	0.000	0.000	0.000	0.000	0.000	0.000	0.000	0.000	0.000	0.000	0.000	0.000	0.000	0.000	0.000	0.000	0.000	0.000	0.000	0.000	0.000	0.000	0.000	0.000	0.000	0.000	0.000	0.000	0.000	0.000	0.000	0.000	0.000	0.000	0.000	0.000	0.000
FRUC3048	0.303	0.082	0.127	0.027	0.110	0.062	0.024	0.002	0.002	0.002	0.002	0.060	0.001	0.080	0.001	0.000	0.000	0.000	0.000	0.000	0.000	0.000	0.000	0.000	0.000	0.000	0.000	0.043	0.000	0.000	0.000	0.000	0.000	0.000	0.000	0.005	0.000	0.043	0.000	0.000	0.000	0.000	0.000	0.000	0.000	0.000	0.000	0.000	0.000	0.000	0.000	0.000	0.000	0.000	0.000	0.000	0.000	0.000	0.000	0.000	0.000	0.000	0.000	0.000	0.000	0.000	0.000	0.000	0.000	0.000	0.000	0.000	0.000	0.000	0.000	0.000	0.000	0.000	0.000	0.000	0.000	0.000	0.000	0.000	0.000	0.000	0.016	0.000	0.000	0.000	0.000	0.000	0.000	0.000	0.000	0.000	0.000	0.000	0.000	0.000
TSNO1332	0.196	0.353	0.148	0.048	0.004	0.027	0.003	0.015	0.008	0.026	0.002	0.014	0.019	0.001	0.001	0.000	0.000	0.000	0.000	0.000	0.000	0.000	0.000	0.000	0.000	0.000	0.000	0.000	0.000	0.000	0.000	0.000	0.000	0.000	0.000	0.000	0.000	0.000	0.000	0.000	0.000	0.000	0.000	0.012	0.000	0.000	0.000	0.000	0.000	0.000	0.000	0.000	0.000	0.000	0.000	0.000	0.000	0.000	0.000	0.000	0.000	0.000	0.000	0.000	0.000	0.000	0.000	0.000	0.000	0.000	0.000	0.000	0.000	0.000	0.000	0.000	0.000	0.113	0.000	0.000	0.000	0.000	0.000	0.000	0.000	0.000	0.000	0.000	0.000	0.000	0.000	0.000	0.000	0.000	0.000	0.000	0.000	0.000	0.000	0.000
TSNO1161	0.171	0.232	0.139	0.032	0.025	0.142	0.029	0.002	0.002	0.002	0.098	0.002	0.001	0.001	0.006	0.000	0.000	0.000	0.000	0.000	0.006	0.000	0.000	0.000	0.000	0.000	0.000	0.000	0.005	0.000	0.000	0.000	0.000	0.000	0.000	0.000	0.000	0.016	0.000	0.000	0.000	0.000	0.000	0.000	0.000	0.000	0.000	0.000	0.000	0.000	0.000	0.000	0.000	0.000	0.000	0.000	0.000	0.000	0.000	0.000	0.000	0.000	0.000	0.000	0.000	0.000	0.000	0.000	0.000	0.000	0.000	0.000	0.000	0.000	0.000	0.000	0.000	0.000	0.000	0.000	0.000	0.000	0.000	0.000	0.000	0.000	0.000	0.000	0.000	0.000	0.000	0.080	0.000	0.000	0.000	0.000	0.000	0.000	0.000	0.000
FRUB1026	0.254	0.055	0.070	0.101	0.025	0.003	0.006	0.151	0.019	0.010	0.036	0.019	0.032	0.005	0.058	0.009	0.013	0.000	0.009	0.000	0.000	0.000	0.000	0.000	0.000	0.000	0.000	0.000	0.000	0.000	0.000	0.000	0.000	0.000	0.000	0.000	0.000	0.000	0.105	0.000	0.000	0.000	0.000	0.000	0.000	0.000	0.000	0.000	0.000	0.000	0.000	0.000	0.000	0.000	0.000	0.000	0.000	0.000	0.000	0.000	0.000	0.004	0.000	0.000	0.000	0.000	0.000	0.000	0.009	0.000	0.000	0.000	0.000	0.000	0.000	0.000	0.000	0.000	0.000	0.000	0.000	0.000	0.000	0.000	0.000	0.000	0.000	0.000	0.000	0.000	0.000	0.000	0.000	0.000	0.000	0.000	0.000	0.000	0.000	0.000
RUMO2011	0.147	0.161	0.018	0.065	0.203	0.033	0.062	0.091	0.008	0.002	0.008	0.072	0.001	0.001	0.001	0.000	0.000	0.000	0.000	0.000	0.000	0.000	0.000	0.000	0.000	0.000	0.000	0.000	0.000	0.000	0.000	0.000	0.000	0.000	0.000	0.000	0.006	0.000	0.000	0.000	0.000	0.000	0.000	0.000	0.000	0.000	0.000	0.000	0.000	0.000	0.000	0.000	0.000	0.000	0.000	0.000	0.000	0.000	0.000	0.000	0.106	0.000	0.000	0.000	0.000	0.000	0.000	0.000	0.000	0.000	0.000	0.006	0.000	0.000	0.000	0.000	0.000	0.000	0.000	0.000	0.000	0.000	0.000	0.000	0.000	0.000	0.000	0.000	0.000	0.000	0.000	0.000	0.000	0.000	0.000	0.000	0.000	0.000	0.000	0.000
DBAN2008	0.224	0.005	0.076	0.135	0.022	0.098	0.011	0.117	0.018	0.004	0.083	0.004	0.001	0.000	0.037	0.000	0.000	0.000	0.000	0.000	0.000	0.000	0.000	0.023	0.000	0.000	0.000	0.000	0.000	0.000	0.000	0.017	0.000	0.000	0.000	0.000	0.000	0.000	0.000	0.000	0.000	0.000	0.000	0.000	0.000	0.000	0.000	0.000	0.000	0.036	0.003	0.000	0.000	0.000	0.000	0.000	0.000	0.000	0.000	0.000	0.000	0.000	0.000	0.000	0.000	0.000	0.000	0.000	0.000	0.000	0.000	0.000	0.000	0.000	0.000	0.000	0.000	0.000	0.000	0.000	0.000	0.000	0.079	0.000	0.000	0.000	0.000	0.000	0.000	0.000	0.000	0.000	0.000	0.000	0.000	0.000	0.000	0.000	0.000	0.000
DBAN1004	0.334	0.083	0.020	0.109	0.039	0.002	0.002	0.010	0.006	0.134	0.009	0.025	0.001	0.001	0.005	0.000	0.000	0.000	0.000	0.000	0.000	0.000	0.000	0.000	0.000	0.000	0.000	0.000	0.000	0.000	0.000	0.000	0.000	0.004	0.000	0.000	0.000	0.000	0.000	0.000	0.000	0.000	0.000	0.000	0.000	0.000	0.000	0.000	0.000	0.000	0.000	0.000	0.000	0.000	0.000	0.000	0.000	0.201	0.000	0.000	0.000	0.000	0.000	0.000	0.000	0.000	0.000	0.000	0.000	0.000	0.008	0.000	0.000	0.000	0.000	0.000	0.000	0.000	0.000	0.000	0.000	0.000	0.000	0.000	0.000	0.000	0.000	0.000	0.000	0.000	0.000	0.000	0.000	0.000	0.000	0.000	0.000	0.000	0.000	0.000
DBAN1006	0.321	0.108	0.040	0.106	0.003	0.069	0.055	0.006	0.041	0.015	0.001	0.019	0.032	0.001	0.005	0.000	0.000	0.000	0.000	0.000	0.150	0.000	0.009	0.000	0.000	0.000	0.000	0.000	0.000	0.013	0.000	0.000	0.000	0.000	0.000	0.000	0.000	0.000	0.000	0.000	0.000	0.000	0.000	0.000	0.000	0.000	0.000	0.000	0.000	0.000	0.000	0.000	0.000	0.000	0.000	0.000	0.000	0.000	0.000	0.000	0.000	0.000	0.000	0.000	0.000	0.000	0.000	0.000	0.000	0.000	0.000	0.000	0.000	0.000	0.000	0.000	0.000	0.000	0.000	0.000	0.000	0.000	0.000	0.000	0.000	0.000	0.000	0.000	0.000	0.000	0.000	0.000	0.000	0.000	0.000	0.000	0.000	0.000	0.000	0.000
TSNO1064	0.265	0.237	0.180	0.031	0.004	0.010	0.003	0.003	0.062	0.026	0.002	0.038	0.001	0.001	0.007	0.000	0.006	0.000	0.036	0.000	0.000	0.000	0.000	0.000	0.000	0.000	0.000	0.012	0.000	0.000	0.000	0.000	0.000	0.000	0.000	0.000	0.000	0.000	0.000	0.000	0.000	0.000	0.060	0.000	0.000	0.000	0.000	0.000	0.000	0.000	0.000	0.000	0.000	0.000	0.000	0.006	0.000	0.000	0.000	0.000	0.000	0.000	0.000	0.000	0.000	0.000	0.000	0.000	0.000	0.000	0.000	0.000	0.000	0.000	0.000	0.000	0.000	0.000	0.000	0.000	0.000	0.000	0.000	0.000	0.000	0.000	0.000	0.000	0.000	0.000	0.000	0.000	0.000	0.000	0.000	0.000	0.000	0.000	0.000	0.000
DBAN3027	0.086	0.192	0.126	0.163	0.021	0.134	0.020	0.020	0.002	0.011	0.033	0.006	0.001	0.050	0.001	0.000	0.113	0.000	0.000	0.000	0.000	0.000	0.000	0.000	0.000	0.000	0.000	0.000	0.000	0.000	0.000	0.000	0.000	0.000	0.000	0.000	0.000	0.000	0.000	0.000	0.000	0.000	0.000	0.000	0.000	0.000	0.000	0.000	0.000	0.000	0.000	0.000	0.005	0.000	0.000	0.000	0.000	0.000	0.000	0.000	0.000	0.000	0.000	0.000	0.000	0.000	0.000	0.000	0.000	0.000	0.000	0.000	0.000	0.000	0.000	0.000	0.000	0.000	0.000	0.000	0.000	0.000	0.000	0.000	0.000	0.000	0.009	0.000	0.000	0.000	0.000	0.000	0.000	0.000	0.000	0.000	0.000	0.000	0.000	0.000
RUMO4028	0.140	0.155	0.105	0.170	0.080	0.004	0.026	0.038	0.002	0.002	0.043	0.054	0.025	0.001	0.001	0.000	0.000	0.000	0.000	0.000	0.000	0.000	0.000	0.000	0.000	0.000	0.000	0.035	0.000	0.000	0.000	0.000	0.000	0.000	0.000	0.082	0.000	0.006	0.000	0.006	0.000	0.000	0.006	0.000	0.000	0.000	0.000	0.000	0.000	0.000	0.000	0.000	0.000	0.000	0.000	0.000	0.000	0.000	0.000	0.000	0.000	0.000	0.000	0.000	0.000	0.000	0.000	0.000	0.000	0.000	0.000	0.000	0.000	0.000	0.000	0.000	0.000	0.000	0.012	0.000	0.000	0.000	0.000	0.000	0.000	0.000	0.000	0.000	0.000	0.000	0.000	0.000	0.000	0.000	0.000	0.000	0.000	0.000	0.000	0.000
TSNO1397	0.103	0.155	0.042	0.077	0.037	0.228	0.002	0.002	0.227	0.001	0.001	0.001	0.001	0.001	0.001	0.000	0.000	0.000	0.000	0.015	0.000	0.000	0.004	0.000	0.000	0.000	0.000	0.019	0.000	0.000	0.000	0.000	0.073	0.000	0.000	0.000	0.000	0.000	0.000	0.000	0.000	0.000	0.000	0.000	0.000	0.000	0.000	0.000	0.000	0.000	0.000	0.000	0.000	0.000	0.000	0.000	0.000	0.000	0.000	0.000	0.000	0.000	0.000	0.000	0.000	0.000	0.000	0.000	0.000	0.000	0.000	0.000	0.000	0.000	0.000	0.000	0.000	0.000	0.000	0.000	0.000	0.000	0.000	0.004	0.000	0.000	0.000	0.000	0.000	0.000	0.000	0.000	0.000	0.000	0.000	0.000	0.000	0.000	0.000	0.000
TSNO1090	0.025	0.158	0.065	0.020	0.129	0.093	0.017	0.002	0.152	0.037	0.097	0.057	0.001	0.001	0.001	0.000	0.000	0.000	0.000	0.000	0.000	0.000	0.000	0.000	0.000	0.000	0.000	0.000	0.000	0.000	0.000	0.000	0.000	0.000	0.000	0.000	0.000	0.000	0.000	0.000	0.000	0.000	0.000	0.000	0.000	0.000	0.030	0.105	0.000	0.000	0.000	0.000	0.000	0.000	0.000	0.000	0.000	0.000	0.000	0.000	0.000	0.000	0.000	0.000	0.000	0.000	0.000	0.000	0.000	0.000	0.000	0.000	0.000	0.000	0.000	0.000	0.000	0.000	0.000	0.000	0.000	0.000	0.000	0.000	0.000	0.000	0.000	0.000	0.000	0.000	0.000	0.000	0.000	0.000	0.000	0.000	0.000	0.000	0.000	0.000
FRUL1035	0.203	0.076	0.200	0.123	0.048	0.016	0.030	0.076	0.018	0.021	0.067	0.001	0.024	0.003	0.000	0.003	0.000	0.000	0.026	0.000	0.026	0.000	0.000	0.000	0.000	0.000	0.000	0.003	0.000	0.000	0.000	0.000	0.000	0.000	0.003	0.000	0.000	0.000	0.000	0.000	0.000	0.000	0.000	0.000	0.000	0.000	0.000	0.000	0.000	0.000	0.000	0.000	0.000	0.000	0.000	0.000	0.000	0.000	0.000	0.000	0.000	0.000	0.000	0.020	0.000	0.000	0.003	0.000	0.000	0.000	0.000	0.000	0.000	0.000	0.000	0.000	0.000	0.000	0.000	0.000	0.000	0.000	0.000	0.006	0.000	0.000	0.000	0.000	0.000	0.000	0.000	0.000	0.000	0.000	0.000	0.000	0.000	0.000	0.000	0.000
TSNO1145	0.123	0.120	0.022	0.095	0.009	0.065	0.047	0.014	0.108	0.002	0.052	0.007	0.001	0.001	0.001	0.000	0.006	0.000	0.006	0.000	0.000	0.000	0.000	0.000	0.000	0.000	0.000	0.000	0.000	0.000	0.195	0.028	0.045	0.000	0.000	0.000	0.000	0.000	0.000	0.000	0.000	0.000	0.000	0.000	0.000	0.000	0.000	0.000	0.000	0.000	0.000	0.000	0.000	0.000	0.000	0.000	0.028	0.000	0.017	0.000	0.000	0.000	0.000	0.000	0.000	0.000	0.000	0.000	0.000	0.000	0.000	0.000	0.000	0.000	0.000	0.000	0.000	0.000	0.000	0.000	0.000	0.000	0.000	0.000	0.000	0.000	0.000	0.000	0.000	0.000	0.000	0.000	0.000	0.000	0.000	0.000	0.000	0.000	0.000	0.000
RUMO2002	0.150	0.088	0.179	0.137	0.021	0.008	0.043	0.190	0.024	0.014	0.004	0.001	0.001	0.000	0.000	0.016	0.000	0.000	0.000	0.000	0.000	0.000	0.000	0.000	0.003	0.000	0.000	0.000	0.000	0.000	0.000	0.000	0.003	0.013	0.000	0.067	0.000	0.000	0.000	0.000	0.000	0.000	0.000	0.000	0.000	0.000	0.000	0.000	0.016	0.000	0.000	0.000	0.000	0.000	0.000	0.000	0.000	0.000	0.000	0.000	0.000	0.000	0.000	0.000	0.000	0.000	0.000	0.000	0.000	0.000	0.000	0.000	0.000	0.000	0.000	0.000	0.000	0.010	0.000	0.000	0.000	0.000	0.000	0.000	0.000	0.000	0.006	0.000	0.000	0.000	0.000	0.000	0.000	0.000	0.000	0.000	0.000	0.000	0.000	0.000
RUMO2012	0.299	0.166	0.022	0.051	0.079	0.020	0.133	0.005	0.001	0.016	0.023	0.023	0.012	0.001	0.001	0.004	0.000	0.000	0.000	0.000	0.000	0.000	0.000	0.000	0.007	0.000	0.000	0.000	0.000	0.000	0.000	0.000	0.000	0.000	0.000	0.011	0.000	0.000	0.000	0.000	0.000	0.000	0.000	0.000	0.000	0.000	0.000	0.000	0.000	0.000	0.000	0.000	0.000	0.000	0.000	0.000	0.000	0.000	0.000	0.000	0.000	0.000	0.000	0.000	0.000	0.000	0.000	0.120	0.000	0.000	0.000	0.000	0.000	0.000	0.000	0.000	0.000	0.000	0.000	0.000	0.000	0.000	0.000	0.000	0.000	0.000	0.000	0.000	0.000	0.000	0.000	0.000	0.000	0.000	0.000	0.000	0.000	0.000	0.000	0.000
SPM03035	0.106	0.017	0.072	0.118	0.006	0.014	0.093	0.138	0.001	0.005	0.016	0.001	0.046	0.001	0.001	0.000	0.000	0.000	0.000	0.000	0.000	0.000	0.000	0.000	0.000	0.000	0.334	0.000	0.011	0.000	0.000	0.000	0.000	0.000	0.000	0.000	0.000	0.000	0.000	0.012	0.000	0.000	0.000	0.000	0.000	0.000	0.000	0.000	0.000	0.000	0.000	0.000	0.000	0.000	0.000	0.000	0.000	0.000	0.000	0.000	0.000	0.000	0.000	0.000	0.000	0.000	0.000	0.000	0.000	0.000	0.000	0.000	0.000	0.000	0.000	0.000	0.000	0.000	0.000	0.000	0.000	0.000	0.000	0.000	0.000	0.000	0.000	0.000	0.000	0.000	0.000	0.000	0.000	0.000	0.000	0.000	0.000	0.000	0.000	0.000
RUMO1014	0.226	0.123	0.110	0.163	0.040	0.003	0.108	0.050	0.007	0.002	0.091	0.012	0.001	0.001	0.053	0.000	0.000	0.000	0.000	0.000	0.000	0.000	0.000	0.000	0.000	0.000	0.000	0.000	0.000	0.000	0.000	0.000	0.000	0.000	0.000	0.000	0.000	0.000	0.000	0.000	0.000	0.000	0.000	0.000	0.000	0.000	0.000	0.000	0.000	0.000	0.000	0.000	0.000	0.000	0.000	0.000	0.000	0.000	0.000	0.000	0.000	0.000	0.000	0.000	0.000	0.000	0.000	0.000	0.000	0.000	0.000	0.000	0.000	0.000	0.000	0.000	0.000	0.000	0.000	0.000	0.000	0.000	0.000	0.000	0.000	0.000	0.000	0.000	0.000	0.000	0.000	0.000	0.000	0.000	0.000	0.000	0.000	0.000	0.000	0.000
NOUO1040	0.202	0.127	0.048	0.063	0.056	0.089	0.012	0.002	0.002	0.035	0.016	0.021	0.015	0.005	0.001	0.000	0.010	0.000	0.015	0.000	0.000	0.000	0.000	0.000	0.000	0.005	0.000	0.010	0.000	0.000	0.000	0.000	0.000	0.000	0.000	0.000	0.000	0.005	0.014	0.000	0.000	0.010	0.000	0.038	0.000	0.000	0.000	0.000	0.000	0.000	0.000	0.000	0.000	0.000	0.000	0.000	0.000	0.000	0.000	0.000	0.000	0.000	0.000	0.000	0.000	0.000	0.000	0.000	0.192	0.000	0.000	0.000	0.000	0.000	0.000	0.000	0.000	0.000	0.000	0.000	0.000	0.000	0.000	0.000	0.000	0.000	0.000	0.000	0.000	0.000	0.000	0.000	0.000	0.000	0.000	0.000	0.000	0.000	0.000	0.000
FIJO1038	0.311	0.010	0.031	0.171	0.047	0.070	0.033	0.056	0.004	0.041	0.061	0.078	0.032	0.000	0.000	0.000	0.012	0.000	0.000	0.000	0.000	0.000	0.000	0.000	0.000	0.000	0.000	0.000	0.000	0.000	0.000	0.000	0.000	0.000	0.000	0.000	0.000	0.000	0.000	0.000	0.000	0.000	0.000	0.000	0.000	0.000	0.000	0.000	0.000	0.000	0.000	0.000	0.000	0.000	0.000	0.000	0.000	0.000	0.000	0.000	0.000	0.000	0.000	0.000	0.000	0.020	0.000	0.000	0.000	0.000	0.000	0.000	0.000	0.000	0.000	0.000	0.000	0.000	0.000	0.000	0.000	0.000	0.000	0.000	0.000	0.000	0.000	0.017	0.000	0.000	0.000	0.000	0.000	0.000	0.000	0.000	0.000	0.000	0.000	0.000
FRUL1030	0.162	0.134	0.106	0.016	0.049	0.023	0.104	0.088	0.002	0.002	0.002	0.052	0.092	0.001	0.016	0.000	0.000	0.000	0.000	0.000	0.000	0.000	0.000	0.000	0.000	0.000	0.000	0.000	0.041	0.101	0.000	0.000	0.000	0.000	0.000	0.000	0.000	0.000	0.000	0.000	0.000	0.000	0.000	0.000	0.000	0.000	0.000	0.000	0.000	0.000	0.000	0.000	0.000	0.000	0.000	0.000	0.000	0.000	0.000	0.000	0.000	0.000	0.000	0.000	0.000	0.000	0.000	0.000	0.000	0.000	0.000	0.000	0.000	0.000	0.000	0.000	0.000	0.000	0.000	0.000	0.000	0.000	0.000	0.000	0.000	0.000	0.000	0.000	0.000	0.000	0.000	0.000	0.000	0.000	0.000	0.000	0.000	0.000	0.000	0.000
TSNO1269	0.116	0.129	0.047	0.011	0.024	0.183	0.003	0.008	0.055	0.002	0.002	0.023	0.001	0.001	0.001	0.000	0.000	0.000	0.000	0.000	0.000	0.000	0.000	0.000	0.000	0.000	0.000	0.000	0.000	0.058	0.000	0.000	0.000	0.000	0.000	0.000	0.148	0.000	0.000	0.000	0.005	0.000	0.000	0.000	0.000	0.000	0.000	0.000	0.021	0.000	0.000	0.000	0.000	0.000	0.000	0.000	0.095	0.000	0.000	0.000	0.000	0.000	0.000	0.000	0.000	0.000	0.000	0.000	0.000	0.000	0.000	0.000	0.000	0.000	0.000	0.000	0.000	0.000	0.058	0.000	0.000	0.000	0.000	0.000	0.000	0.000	0.000	0.000	0.000	0.000	0.000	0.000	0.000	0.000	0.000	0.000	0.000	0.000	0.000	0.000
DBAN2049	0.278	0.017	0.054	0.151	0.022	0.033	0.013	0.079	0.017	0.102	0.055	0.028	0.001	0.001	0.016	0.000	0.000	0.000	0.000	0.000	0.000	0.004	0.000	0.000	0.000	0.000	0.000	0.000	0.000	0.000	0.000	0.000	0.000	0.000	0.000	0.000	0.000	0.000	0.000	0.000	0.000	0.000	0.000	0.000	0.000	0.000	0.000	0.000	0.000	0.000	0.000	0.000	0.000	0.000	0.000	0.019	0.000	0.000	0.000	0.000	0.000	0.000	0.000	0.000	0.000	0.019	0.000	0.000	0.000	0.000	0.000	0.085	0.000	0.000	0.000	0.000	0.000	0.000	0.000	0.000	0.000	0.000	0.000	0.000	0.000	0.000	0.000	0.000	0.000	0.000	0.000	0.000	0.000	0.000	0.000	0.000	0.000	0.000	0.000	0.000
RUMO9007	0.106	0.054	0.115	0.091	0.011	0.014	0.142	0.060	0.022	0.001	0.036	0.013	0.077	0.094	0.009	0.030	0.000	0.030	0.000	0.000	0.000	0.000	0.000	0.000	0.000	0.000	0.000	0.000	0.000	0.000	0.000	0.000	0.000	0.032	0.000	0.000	0.000	0.000	0.000	0.041	0.000	0.000	0.000	0.000	0.000	0.000	0.000	0.000	0.000	0.000	0.000	0.000	0.000	0.000	0.000	0.000	0.012	0.000	0.000	0.000	0.000	0.000	0.000	0.000	0.000	0.000	0.000	0.000	0.000	0.000	0.000	0.000	0.000	0.000	0.006	0.000	0.000	0.000	0.000	0.000	0.000	0.000	0.000	0.000	0.000	0.000	0.000	0.000	0.000	0.000	0.000	0.000	0.000	0.000	0.000	0.000	0.000	0.000	0.000	0.000
TSNO1303	0.034	0.316	0.103	0.005	0.003	0.008	0.002	0.002	0.119	0.016	0.002	0.006	0.016	0.001	0.001	0.000	0.162	0.000	0.005	0.098	0.000	0.000	0.015	0.000	0.000	0.000	0.000	0.000	0.000	0.074	0.000	0.000	0.000	0.000	0.000	0.000	0.000	0.000	0.000	0.000	0.000	0.000	0.000	0.000	0.000	0.000	0.000	0.000	0.000	0.000	0.000	0.000	0.000	0.000	0.000	0.000	0.000	0.000	0.000	0.000	0.000	0.000	0.000	0.000	0.000	0.000	0.000	0.000	0.000	0.000	0.000	0.000	0.000	0.000	0.000	0.000	0.000	0.000	0.000	0.000	0.000	0.000	0.000	0.005	0.000	0.000	0.000	0.000	0.000	0.000	0.000	0.000	0.000	0.000	0.000	0.000	0.000	0.000	0.000	0.000
TSNO1104	0.103	0.233	0.060	0.049	0.046	0.016	0.106	0.033	0.087	0.014	0.002	0.002	0.001	0.001	0.001	0.000	0.012	0.043	0.000	0.000	0.000	0.000	0.012	0.000	0.000	0.000	0.000	0.000	0.000	0.000	0.000	0.000	0.000	0.000	0.000	0.000	0.000	0.000	0.012	0.030	0.000	0.000	0.000	0.000	0.000	0.000	0.000	0.000	0.000	0.000	0.000	0.000	0.000	0.000	0.127	0.000	0.000	0.000	0.000	0.000	0.000	0.000	0.000	0.000	0.000	0.000	0.000	0.000	0.000	0.000	0.000	0.000	0.000	0.000	0.000	0.000	0.000	0.000	0.000	0.000	0.000	0.000	0.000	0.000	0.000	0.000	0.000	0.000	0.000	0.000	0.000	0.000	0.000	0.000	0.000	0.000	0.000	0.000	0.000	0.000
FRUC3086	0.404	0.112	0.060	0.039	0.123	0.003	0.003	0.030	0.002	0.035	0.013	0.051	0.001	0.001	0.033	0.000	0.000	0.000	0.000	0.000	0.000	0.000	0.006	0.000	0.000	0.000	0.000	0.000	0.000	0.000	0.000	0.000	0.000	0.006	0.000	0.000	0.000	0.000	0.055	0.000	0.000	0.000	0.000	0.000	0.000	0.000	0.000	0.000	0.000	0.000	0.000	0.006	0.000	0.000	0.000	0.000	0.000	0.000	0.000	0.000	0.000	0.000	0.000	0.000	0.000	0.000	0.000	0.000	0.000	0.006	0.000	0.000	0.000	0.000	0.000	0.000	0.000	0.000	0.000	0.000	0.000	0.000	0.000	0.006	0.000	0.000	0.000	0.000	0.000	0.000	0.000	0.000	0.000	0.000	0.000	0.000	0.000	0.000	0.000	0.000
DBAN3049	0.195	0.066	0.063	0.205	0.019	0.008	0.029	0.044	0.002	0.002	0.065	0.059	0.022	0.064	0.001	0.000	0.042	0.000	0.006	0.005	0.000	0.000	0.000	0.000	0.000	0.000	0.000	0.000	0.000	0.000	0.000	0.058	0.000	0.000	0.000	0.000	0.000	0.000	0.000	0.000	0.000	0.005	0.000	0.000	0.000	0.000	0.000	0.011	0.000	0.021	0.000	0.000	0.000	0.000	0.000	0.000	0.000	0.000	0.000	0.000	0.000	0.000	0.000	0.000	0.000	0.000	0.000	0.000	0.000	0.000	0.000	0.000	0.000	0.000	0.000	0.000	0.000	0.000	0.000	0.000	0.000	0.000	0.000	0.000	0.000	0.000	0.000	0.000	0.000	0.000	0.000	0.000	0.000	0.000	0.000	0.000	0.000	0.000	0.000	0.000
RUMO3001	0.155	0.100	0.287	0.052	0.216	0.061	0.043	0.003	0.002	0.014	0.013	0.002	0.030	0.001	0.001	0.000	0.000	0.000	0.000	0.000	0.000	0.000	0.000	0.000	0.006	0.000	0.000	0.000	0.000	0.000	0.000	0.000	0.000	0.006	0.000	0.000	0.000	0.000	0.000	0.000	0.000	0.000	0.000	0.000	0.000	0.000	0.000	0.000	0.000	0.000	0.000	0.000	0.000	0.000	0.000	0.000	0.000	0.000	0.000	0.000	0.000	0.000	0.000	0.000	0.000	0.000	0.000	0.000	0.000	0.000	0.000	0.000	0.000	0.000	0.000	0.000	0.000	0.000	0.000	0.000	0.000	0.000	0.000	0.000	0.000	0.000	0.000	0.000	0.000	0.000	0.000	0.000	0.000	0.000	0.000	0.000	0.000	0.000	0.000	0.000
TSNO1102	0.209	0.131	0.048	0.113	0.003	0.089	0.008	0.008	0.082	0.013	0.002	0.002	0.012	0.006	0.001	0.000	0.000	0.070	0.172	0.000	0.000	0.000	0.000	0.000	0.000	0.000	0.000	0.000	0.000	0.000	0.000	0.000	0.000	0.000	0.000	0.000	0.000	0.000	0.000	0.000	0.000	0.000	0.000	0.000	0.000	0.000	0.005	0.000	0.006	0.011	0.000	0.000	0.000	0.000	0.000	0.000	0.000	0.000	0.000	0.000	0.000	0.000	0.000	0.000	0.000	0.000	0.000	0.000	0.000	0.000	0.000	0.000	0.000	0.000	0.000	0.000	0.000	0.000	0.000	0.000	0.000	0.000	0.000	0.000	0.000	0.000	0.000	0.000	0.000	0.000	0.000	0.000	0.000	0.000	0.000	0.000	0.000	0.000	0.000	0.000
TSNO1039	0.067	0.164	0.120	0.027	0.004	0.265	0.030	0.010	0.016	0.009	0.002	0.009	0.008	0.001	0.001	0.000	0.000	0.000	0.000	0.214	0.000	0.000	0.000	0.000	0.000	0.000	0.000	0.000	0.000	0.000	0.000	0.000	0.000	0.000	0.000	0.000	0.034	0.000	0.000	0.000	0.007	0.000	0.000	0.000	0.000	0.000	0.000	0.000	0.000	0.000	0.000	0.000	0.000	0.000	0.000	0.000	0.000	0.000	0.000	0.000	0.000	0.000	0.000	0.000	0.000	0.000	0.000	0.000	0.000	0.000	0.000	0.000	0.000	0.000	0.000	0.000	0.000	0.000	0.000	0.000	0.000	0.000	0.000	0.000	0.000	0.000	0.000	0.000	0.000	0.000	0.000	0.000	0.000	0.000	0.000	0.000	0.000	0.000	0.000	0.000
TSNO1398	0.171	0.075	0.097	0.069	0.018	0.027	0.075	0.002	0.002	0.007	0.026	0.002	0.001	0.001	0.001	0.010	0.005	0.404	0.000	0.000	0.000	0.000	0.000	0.000	0.000	0.000	0.000	0.000	0.000	0.000	0.000	0.000	0.000	0.000	0.000	0.000	0.000	0.000	0.000	0.000	0.000	0.000	0.000	0.000	0.000	0.000	0.000	0.000	0.000	0.000	0.000	0.000	0.000	0.000	0.000	0.000	0.000	0.000	0.000	0.000	0.000	0.000	0.000	0.000	0.000	0.000	0.000	0.000	0.000	0.000	0.000	0.000	0.000	0.000	0.000	0.000	0.000	0.000	0.000	0.000	0.000	0.000	0.000	0.000	0.000	0.000	0.000	0.000	0.000	0.000	0.000	0.000	0.000	0.000	0.000	0.000	0.000	0.000	0.000	0.000
SPM04002	0.216	0.132	0.121	0.097	0.005	0.053	0.017	0.004	0.010	0.004	0.004	0.010	0.007	0.091	0.040	0.006	0.000	0.000	0.000	0.000	0.000	0.000	0.000	0.152	0.000	0.000	0.000	0.000	0.000	0.000	0.000	0.000	0.000	0.000	0.000	0.000	0.000	0.000	0.000	0.000	0.000	0.000	0.000	0.000	0.000	0.006	0.000	0.000	0.000	0.003	0.000	0.000	0.000	0.000	0.000	0.000	0.000	0.000	0.000	0.000	0.000	0.000	0.000	0.000	0.000	0.003	0.000	0.000	0.000	0.000	0.000	0.000	0.000	0.000	0.000	0.000	0.000	0.000	0.000	0.000	0.012	0.000	0.000	0.000	0.000	0.000	0.000	0.000	0.000	0.000	0.000	0.000	0.000	0.000	0.000	0.000	0.000	0.000	0.000	0.000
TSNO1006	0.153	0.234	0.092	0.027	0.090	0.007	0.002	0.006	0.085	0.041	0.015	0.010	0.005	0.001	0.001	0.000	0.167	0.000	0.000	0.000	0.000	0.000	0.000	0.000	0.000	0.000	0.000	0.000	0.000	0.000	0.000	0.000	0.000	0.026	0.000	0.000	0.000	0.000	0.000	0.000	0.000	0.013	0.000	0.000	0.000	0.000	0.000	0.000	0.000	0.000	0.000	0.000	0.000	0.000	0.000	0.000	0.000	0.000	0.018	0.000	0.000	0.000	0.000	0.000	0.000	0.000	0.000	0.000	0.000	0.000	0.000	0.000	0.000	0.000	0.000	0.000	0.000	0.000	0.000	0.000	0.000	0.000	0.000	0.000	0.000	0.000	0.000	0.000	0.000	0.000	0.000	0.000	0.000	0.000	0.000	0.000	0.000	0.000	0.000	0.000
FRUL2024	0.397	0.058	0.089	0.037	0.002	0.025	0.069	0.113	0.001	0.053	0.031	0.035	0.001	0.019	0.001	0.000	0.000	0.000	0.000	0.000	0.000	0.000	0.000	0.000	0.000	0.000	0.000	0.000	0.000	0.000	0.000	0.000	0.000	0.000	0.000	0.000	0.000	0.000	0.000	0.000	0.000	0.000	0.000	0.000	0.000	0.000	0.000	0.000	0.000	0.000	0.000	0.000	0.000	0.000	0.000	0.000	0.000	0.000	0.000	0.000	0.000	0.000	0.000	0.000	0.000	0.000	0.000	0.000	0.000	0.000	0.000	0.000	0.000	0.000	0.000	0.000	0.011	0.000	0.000	0.000	0.052	0.000	0.000	0.000	0.000	0.000	0.000	0.000	0.000	0.000	0.000	0.000	0.000	0.000	0.000	0.000	0.000	0.000	0.000	0.000
DBAN2052	0.242	0.258	0.057	0.135	0.020	0.045	0.005	0.016	0.001	0.005	0.005	0.040	0.011	0.000	0.001	0.082	0.000	0.000	0.000	0.000	0.000	0.000	0.000	0.000	0.000	0.000	0.000	0.000	0.000	0.000	0.000	0.000	0.000	0.000	0.000	0.000	0.000	0.000	0.000	0.007	0.000	0.000	0.000	0.000	0.000	0.000	0.000	0.000	0.000	0.000	0.000	0.000	0.000	0.000	0.000	0.000	0.000	0.000	0.000	0.000	0.000	0.000	0.000	0.000	0.000	0.000	0.000	0.000	0.000	0.000	0.000	0.000	0.000	0.000	0.000	0.000	0.000	0.000	0.000	0.000	0.000	0.064	0.000	0.000	0.000	0.000	0.000	0.000	0.000	0.000	0.000	0.000	0.000	0.000	0.000	0.000	0.000	0.000	0.000	0.000
RUMO7035	0.078	0.080	0.150	0.104	0.126	0.051	0.041	0.076	0.004	0.027	0.014	0.001	0.001	0.000	0.000	0.000	0.000	0.000	0.000	0.000	0.000	0.000	0.000	0.000	0.000	0.000	0.000	0.003	0.010	0.000	0.003	0.000	0.000	0.000	0.033	0.000	0.000	0.003	0.000	0.000	0.000	0.000	0.000	0.007	0.000	0.000	0.000	0.000	0.000	0.003	0.000	0.000	0.000	0.000	0.000	0.000	0.000	0.000	0.000	0.000	0.000	0.003	0.000	0.000	0.000	0.000	0.000	0.000	0.000	0.000	0.000	0.000	0.000	0.000	0.000	0.042	0.000	0.000	0.039	0.000	0.000	0.000	0.000	0.000	0.094	0.000	0.000	0.000	0.000	0.000	0.000	0.000	0.000	0.000	0.000	0.000	0.000	0.000	0.000	0.000
RUMO2006	0.106	0.043	0.057	0.102	0.239	0.035	0.108	0.043	0.002	0.034	0.022	0.005	0.001	0.001	0.017	0.000	0.000	0.000	0.004	0.000	0.000	0.000	0.000	0.000	0.008	0.000	0.000	0.000	0.000	0.000	0.000	0.000	0.000	0.000	0.000	0.000	0.000	0.000	0.000	0.000	0.000	0.000	0.000	0.000	0.000	0.000	0.000	0.000	0.000	0.000	0.004	0.000	0.000	0.000	0.000	0.000	0.000	0.000	0.000	0.163	0.000	0.000	0.000	0.000	0.000	0.000	0.000	0.000	0.000	0.000	0.000	0.000	0.000	0.000	0.000	0.000	0.000	0.000	0.000	0.000	0.000	0.000	0.000	0.000	0.000	0.000	0.000	0.000	0.000	0.000	0.000	0.000	0.000	0.000	0.000	0.000	0.000	0.000	0.000	0.000
DBAN2018	0.331	0.074	0.056	0.061	0.003	0.135	0.018	0.028	0.032	0.002	0.007	0.053	0.001	0.001	0.001	0.000	0.000	0.000	0.000	0.000	0.000	0.005	0.000	0.000	0.005	0.031	0.000	0.015	0.000	0.000	0.000	0.000	0.000	0.000	0.000	0.000	0.000	0.000	0.020	0.000	0.000	0.000	0.000	0.000	0.005	0.000	0.005	0.000	0.000	0.000	0.000	0.000	0.000	0.000	0.071	0.000	0.000	0.000	0.000	0.000	0.000	0.000	0.000	0.000	0.000	0.000	0.000	0.000	0.000	0.000	0.000	0.000	0.000	0.000	0.000	0.000	0.000	0.000	0.005	0.000	0.000	0.000	0.000	0.000	0.000	0.000	0.000	0.000	0.000	0.000	0.000	0.000	0.000	0.000	0.000	0.025	0.000	0.000	0.000	0.000
FRUC3076	0.250	0.050	0.146	0.042	0.078	0.009	0.012	0.102	0.001	0.005	0.001	0.105	0.001	0.014	0.000	0.000	0.000	0.000	0.000	0.000	0.000	0.000	0.000	0.125	0.000	0.000	0.000	0.024	0.000	0.000	0.000	0.000	0.000	0.000	0.000	0.000	0.000	0.000	0.000	0.000	0.000	0.000	0.000	0.000	0.000	0.000	0.004	0.000	0.000	0.000	0.000	0.000	0.000	0.000	0.000	0.000	0.000	0.000	0.000	0.000	0.000	0.024	0.000	0.000	0.000	0.000	0.000	0.000	0.000	0.000	0.000	0.000	0.000	0.000	0.000	0.000	0.000	0.000	0.000	0.000	0.000	0.000	0.000	0.000	0.000	0.000	0.000	0.000	0.000	0.000	0.000	0.000	0.000	0.000	0.000	0.000	0.000	0.000	0.000	0.000
NOAC1016	0.300	0.131	0.052	0.105	0.003	0.046	0.007	0.007	0.021	0.116	0.011	0.002	0.044	0.001	0.001	0.000	0.062	0.000	0.000	0.000	0.000	0.000	0.000	0.019	0.000	0.014	0.000	0.000	0.000	0.000	0.000	0.000	0.000	0.005	0.000	0.000	0.000	0.000	0.000	0.000	0.000	0.000	0.000	0.000	0.005	0.000	0.000	0.000	0.000	0.000	0.000	0.000	0.000	0.000	0.000	0.000	0.000	0.000	0.000	0.000	0.000	0.000	0.000	0.000	0.000	0.000	0.000	0.000	0.000	0.000	0.000	0.000	0.000	0.000	0.000	0.000	0.000	0.000	0.000	0.038	0.000	0.000	0.000	0.000	0.000	0.000	0.000	0.000	0.000	0.000	0.000	0.005	0.000	0.000	0.000	0.000	0.000	0.000	0.000	0.000
SPM05016	0.143	0.006	0.067	0.139	0.007	0.003	0.010	0.157	0.027	0.056	0.001	0.064	0.005	0.001	0.001	0.000	0.000	0.000	0.084	0.000	0.000	0.000	0.004	0.000	0.000	0.000	0.000	0.004	0.000	0.000	0.000	0.000	0.000	0.000	0.000	0.000	0.000	0.000	0.000	0.021	0.000	0.000	0.000	0.000	0.013	0.000	0.000	0.038	0.000	0.004	0.008	0.000	0.000	0.092	0.000	0.038	0.000	0.000	0.000	0.000	0.000	0.000	0.000	0.000	0.000	0.000	0.000	0.000	0.000	0.000	0.000	0.000	0.000	0.000	0.000	0.000	0.000	0.000	0.000	0.000	0.000	0.000	0.000	0.000	0.000	0.000	0.000	0.000	0.000	0.000	0.000	0.000	0.000	0.000	0.000	0.000	0.000	0.000	0.000	0.000
RUMO7062	0.095	0.254	0.118	0.051	0.073	0.022	0.108	0.002	0.001	0.001	0.005	0.037	0.001	0.142	0.056	0.000	0.000	0.000	0.000	0.000	0.000	0.000	0.000	0.000	0.000	0.000	0.000	0.000	0.000	0.000	0.000	0.000	0.000	0.024	0.000	0.000	0.000	0.000	0.000	0.004	0.000	0.000	0.000	0.000	0.000	0.000	0.000	0.000	0.000	0.000	0.000	0.000	0.000	0.000	0.000	0.000	0.000	0.000	0.000	0.000	0.000	0.000	0.000	0.000	0.000	0.000	0.000	0.000	0.000	0.000	0.000	0.000	0.000	0.000	0.000	0.000	0.000	0.000	0.000	0.000	0.000	0.000	0.000	0.000	0.000	0.000	0.000	0.000	0.000	0.000	0.000	0.000	0.000	0.000	0.000	0.000	0.000	0.000	0.000	0.000
POPZ1004	0.110	0.151	0.183	0.211	0.039	0.014	0.029	0.114	0.007	0.001	0.007	0.019	0.007	0.000	0.000	0.000	0.000	0.000	0.000	0.000	0.000	0.000	0.000	0.000	0.037	0.000	0.031	0.018	0.000	0.000	0.000	0.000	0.000	0.000	0.000	0.000	0.000	0.000	0.000	0.000	0.000	0.012	0.000	0.000	0.000	0.000	0.000	0.000	0.000	0.000	0.000	0.000	0.000	0.000	0.000	0.000	0.000	0.000	0.003	0.000	0.000	0.000	0.000	0.000	0.000	0.000	0.000	0.000	0.000	0.000	0.000	0.000	0.000	0.000	0.000	0.000	0.000	0.000	0.000	0.000	0.000	0.000	0.000	0.000	0.000	0.000	0.000	0.000	0.000	0.000	0.000	0.000	0.000	0.000	0.000	0.000	0.000	0.000	0.000	0.000
FRUC3081	0.186	0.178	0.074	0.006	0.094	0.009	0.029	0.146	0.002	0.002	0.002	0.050	0.001	0.075	0.022	0.000	0.032	0.000	0.000	0.000	0.006	0.000	0.048	0.000	0.000	0.000	0.000	0.006	0.000	0.000	0.000	0.000	0.000	0.000	0.000	0.000	0.000	0.027	0.000	0.000	0.000	0.000	0.000	0.000	0.000	0.000	0.000	0.000	0.000	0.000	0.000	0.000	0.000	0.000	0.000	0.000	0.000	0.000	0.000	0.000	0.000	0.000	0.000	0.000	0.000	0.000	0.000	0.000	0.000	0.000	0.000	0.000	0.000	0.000	0.000	0.000	0.000	0.000	0.000	0.000	0.000	0.000	0.000	0.000	0.000	0.000	0.000	0.000	0.000	0.000	0.000	0.000	0.000	0.000	0.000	0.000	0.000	0.000	0.000	0.000
FRUL2018	0.123	0.129	0.231	0.024	0.135	0.050	0.012	0.012	0.006	0.002	0.016	0.082	0.010	0.001	0.001	0.005	0.000	0.014	0.000	0.000	0.000	0.000	0.000	0.000	0.000	0.000	0.000	0.000	0.000	0.000	0.000	0.005	0.000	0.000	0.000	0.000	0.000	0.000	0.000	0.000	0.000	0.000	0.000	0.080	0.005	0.000	0.000	0.000	0.000	0.000	0.000	0.000	0.000	0.000	0.000	0.000	0.014	0.000	0.000	0.000	0.000	0.000	0.000	0.000	0.000	0.000	0.000	0.000	0.000	0.000	0.000	0.000	0.000	0.000	0.000	0.000	0.000	0.000	0.000	0.000	0.000	0.000	0.000	0.000	0.000	0.000	0.009	0.028	0.000	0.000	0.000	0.000	0.000	0.000	0.000	0.000	0.000	0.000	0.000	0.000
TSNO1022	0.339	0.119	0.010	0.097	0.003	0.047	0.060	0.031	0.215	0.007	0.002	0.002	0.001	0.001	0.001	0.000	0.000	0.005	0.000	0.000	0.005	0.000	0.000	0.000	0.000	0.010	0.000	0.000	0.000	0.000	0.000	0.000	0.000	0.000	0.000	0.000	0.000	0.000	0.029	0.000	0.000	0.000	0.000	0.000	0.000	0.000	0.010	0.000	0.000	0.000	0.000	0.000	0.000	0.000	0.000	0.000	0.000	0.000	0.000	0.000	0.000	0.000	0.000	0.000	0.000	0.000	0.000	0.000	0.000	0.000	0.000	0.000	0.000	0.000	0.000	0.000	0.000	0.000	0.000	0.000	0.000	0.000	0.000	0.000	0.000	0.000	0.000	0.000	0.000	0.000	0.000	0.000	0.000	0.000	0.000	0.000	0.000	0.000	0.000	0.000
NOUO2007	0.072	0.065	0.029	0.437	0.011	0.011	0.187	0.010	0.002	0.081	0.001	0.006	0.001	0.001	0.001	0.000	0.000	0.000	0.000	0.000	0.000	0.000	0.000	0.004	0.000	0.000	0.000	0.000	0.000	0.013	0.000	0.000	0.000	0.000	0.000	0.000	0.000	0.000	0.000	0.000	0.000	0.000	0.000	0.000	0.000	0.000	0.000	0.000	0.000	0.000	0.000	0.000	0.000	0.000	0.000	0.000	0.000	0.000	0.000	0.000	0.000	0.000	0.000	0.025	0.038	0.000	0.000	0.000	0.000	0.000	0.000	0.000	0.000	0.000	0.000	0.000	0.000	0.000	0.000	0.000	0.000	0.000	0.000	0.000	0.000	0.000	0.000	0.000	0.000	0.000	0.000	0.000	0.000	0.000	0.000	0.000	0.000	0.000	0.000	0.000
TSKC1374	0.174	0.357	0.051	0.071	0.010	0.107	0.048	0.003	0.002	0.047	0.002	0.009	0.001	0.001	0.001	0.000	0.033	0.000	0.000	0.000	0.000	0.000	0.026	0.000	0.000	0.000	0.000	0.020	0.007	0.000	0.000	0.000	0.000	0.000	0.000	0.000	0.000	0.000	0.000	0.000	0.000	0.000	0.000	0.000	0.000	0.000	0.000	0.000	0.000	0.000	0.000	0.000	0.000	0.013	0.007	0.000	0.000	0.000	0.000	0.000	0.000	0.000	0.000	0.000	0.000	0.000	0.000	0.000	0.000	0.000	0.000	0.000	0.000	0.000	0.000	0.000	0.000	0.000	0.000	0.000	0.000	0.000	0.000	0.000	0.000	0.000	0.000	0.000	0.000	0.000	0.000	0.000	0.000	0.000	0.000	0.000	0.000	0.000	0.000	0.000
TSNO1410	0.090	0.302	0.072	0.050	0.030	0.047	0.025	0.007	0.051	0.019	0.001	0.001	0.001	0.001	0.001	0.000	0.000	0.000	0.000	0.000	0.032	0.000	0.040	0.000	0.018	0.000	0.000	0.005	0.000	0.000	0.000	0.000	0.000	0.000	0.000	0.000	0.000	0.000	0.000	0.000	0.000	0.000	0.005	0.166	0.000	0.000	0.000	0.000	0.000	0.000	0.000	0.000	0.000	0.000	0.000	0.000	0.000	0.000	0.000	0.000	0.000	0.000	0.000	0.000	0.000	0.000	0.000	0.000	0.000	0.000	0.000	0.000	0.000	0.000	0.000	0.000	0.031	0.000	0.000	0.000	0.000	0.000	0.000	0.000	0.000	0.000	0.000	0.000	0.000	0.000	0.000	0.000	0.000	0.000	0.000	0.000	0.000	0.000	0.000	0.000
DBAN2022	0.203	0.211	0.090	0.096	0.066	0.003	0.014	0.155	0.025	0.030	0.002	0.002	0.001	0.001	0.001	0.000	0.000	0.000	0.000	0.000	0.000	0.012	0.000	0.000	0.000	0.000	0.000	0.000	0.000	0.000	0.000	0.000	0.000	0.000	0.000	0.000	0.000	0.000	0.000	0.000	0.000	0.000	0.000	0.000	0.000	0.000	0.000	0.000	0.000	0.000	0.000	0.000	0.000	0.000	0.000	0.000	0.000	0.000	0.000	0.000	0.000	0.000	0.000	0.079	0.000	0.000	0.000	0.000	0.000	0.000	0.000	0.000	0.000	0.000	0.000	0.000	0.000	0.000	0.000	0.000	0.000	0.000	0.000	0.000	0.000	0.000	0.000	0.000	0.000	0.000	0.000	0.000	0.000	0.000	0.000	0.000	0.000	0.000	0.000	0.000
FRUC3053	0.081	0.067	0.064	0.059	0.148	0.084	0.035	0.008	0.013	0.002	0.002	0.066	0.049	0.001	0.022	0.000	0.000	0.000	0.000	0.000	0.000	0.000	0.000	0.000	0.000	0.263	0.000	0.000	0.000	0.006	0.000	0.000	0.000	0.000	0.000	0.000	0.000	0.000	0.000	0.000	0.000	0.000	0.000	0.000	0.000	0.000	0.000	0.000	0.016	0.000	0.000	0.000	0.000	0.000	0.005	0.000	0.000	0.000	0.000	0.000	0.000	0.000	0.000	0.000	0.000	0.000	0.000	0.000	0.000	0.000	0.000	0.000	0.000	0.000	0.000	0.000	0.000	0.000	0.000	0.000	0.000	0.000	0.000	0.000	0.000	0.000	0.000	0.000	0.000	0.000	0.000	0.000	0.000	0.000	0.000	0.000	0.000	0.000	0.000	0.000
TSNO1403	0.062	0.076	0.136	0.051	0.014	0.127	0.025	0.002	0.161	0.040	0.040	0.001	0.001	0.004	0.008	0.000	0.004	0.000	0.008	0.000	0.000	0.000	0.000	0.000	0.004	0.000	0.000	0.121	0.023	0.000	0.000	0.000	0.000	0.000	0.000	0.000	0.000	0.000	0.000	0.000	0.000	0.000	0.004	0.000	0.058	0.012	0.000	0.000	0.000	0.000	0.000	0.000	0.008	0.000	0.000	0.000	0.000	0.000	0.000	0.000	0.000	0.000	0.000	0.000	0.000	0.000	0.000	0.000	0.000	0.000	0.000	0.004	0.000	0.000	0.000	0.000	0.000	0.000	0.000	0.000	0.000	0.000	0.000	0.000	0.000	0.000	0.000	0.000	0.000	0.000	0.000	0.000	0.000	0.000	0.000	0.000	0.000	0.000	0.000	0.000
TSNO1135	0.071	0.227	0.013	0.039	0.004	0.125	0.003	0.009	0.137	0.092	0.111	0.002	0.014	0.014	0.001	0.000	0.000	0.026	0.000	0.000	0.000	0.000	0.000	0.032	0.000	0.032	0.039	0.000	0.000	0.000	0.000	0.000	0.000	0.000	0.000	0.000	0.000	0.000	0.000	0.000	0.000	0.000	0.000	0.000	0.000	0.000	0.000	0.000	0.000	0.000	0.000	0.000	0.000	0.000	0.000	0.000	0.000	0.000	0.000	0.000	0.000	0.000	0.000	0.000	0.000	0.000	0.000	0.000	0.000	0.000	0.000	0.000	0.000	0.000	0.000	0.000	0.000	0.000	0.000	0.000	0.000	0.000	0.000	0.000	0.000	0.000	0.000	0.000	0.000	0.000	0.000	0.000	0.000	0.000	0.000	0.000	0.000	0.000	0.000	0.000
TSNO1166	0.204	0.137	0.037	0.065	0.003	0.014	0.072	0.024	0.217	0.007	0.098	0.082	0.001	0.001	0.001	0.000	0.000	0.000	0.000	0.000	0.000	0.000	0.000	0.000	0.000	0.000	0.000	0.000	0.000	0.000	0.000	0.000	0.000	0.000	0.000	0.000	0.000	0.000	0.000	0.000	0.000	0.000	0.000	0.000	0.000	0.000	0.000	0.000	0.000	0.000	0.000	0.000	0.000	0.016	0.000	0.000	0.005	0.000	0.000	0.000	0.000	0.000	0.000	0.000	0.000	0.000	0.005	0.000	0.000	0.000	0.000	0.000	0.000	0.000	0.000	0.000	0.000	0.000	0.000	0.000	0.000	0.000	0.000	0.000	0.000	0.000	0.000	0.000	0.000	0.000	0.000	0.000	0.000	0.000	0.000	0.000	0.000	0.000	0.000	0.000
TSNO1012	0.067	0.156	0.027	0.034	0.150	0.004	0.003	0.056	0.049	0.009	0.049	0.022	0.008	0.014	0.001	0.000	0.000	0.040	0.000	0.220	0.000	0.000	0.000	0.000	0.000	0.000	0.000	0.000	0.000	0.000	0.000	0.000	0.000	0.000	0.000	0.013	0.000	0.000	0.000	0.000	0.000	0.000	0.000	0.000	0.000	0.000	0.000	0.000	0.000	0.020	0.000	0.000	0.000	0.000	0.000	0.000	0.000	0.000	0.000	0.000	0.000	0.000	0.000	0.000	0.000	0.000	0.000	0.000	0.000	0.000	0.000	0.000	0.000	0.000	0.000	0.047	0.000	0.000	0.000	0.000	0.000	0.000	0.000	0.000	0.000	0.000	0.000	0.000	0.000	0.000	0.000	0.000	0.000	0.000	0.000	0.000	0.000	0.000	0.000	0.000
SPM01009	0.250	0.134	0.047	0.030	0.134	0.122	0.003	0.074	0.002	0.014	0.020	0.002	0.001	0.001	0.001	0.000	0.000	0.000	0.000	0.000	0.000	0.000	0.000	0.000	0.000	0.000	0.012	0.000	0.000	0.000	0.000	0.000	0.000	0.000	0.006	0.000	0.000	0.000	0.000	0.000	0.000	0.000	0.000	0.000	0.000	0.000	0.000	0.000	0.000	0.000	0.000	0.000	0.000	0.000	0.018	0.000	0.000	0.000	0.000	0.000	0.000	0.000	0.000	0.000	0.000	0.000	0.000	0.000	0.000	0.119	0.000	0.000	0.000	0.000	0.000	0.000	0.000	0.000	0.000	0.000	0.000	0.000	0.000	0.000	0.000	0.000	0.000	0.000	0.000	0.000	0.000	0.000	0.000	0.000	0.000	0.000	0.000	0.000	0.000	0.000
TSNO1513	0.218	0.176	0.032	0.007	0.017	0.113	0.041	0.003	0.015	0.137	0.002	0.008	0.001	0.001	0.001	0.077	0.039	0.000	0.000	0.000	0.000	0.000	0.000	0.000	0.000	0.000	0.007	0.000	0.000	0.000	0.000	0.000	0.000	0.000	0.000	0.000	0.000	0.000	0.000	0.000	0.000	0.000	0.000	0.000	0.000	0.000	0.000	0.000	0.000	0.000	0.000	0.000	0.077	0.000	0.000	0.000	0.000	0.000	0.000	0.000	0.000	0.000	0.006	0.000	0.000	0.000	0.000	0.013	0.000	0.000	0.000	0.000	0.000	0.000	0.000	0.000	0.000	0.000	0.000	0.000	0.000	0.000	0.000	0.000	0.000	0.000	0.000	0.000	0.000	0.000	0.000	0.000	0.000	0.000	0.000	0.000	0.000	0.000	0.000	0.000
TSNO1157	0.211	0.343	0.054	0.055	0.072	0.052	0.010	0.003	0.098	0.002	0.002	0.029	0.042	0.001	0.001	0.000	0.000	0.000	0.000	0.000	0.000	0.000	0.000	0.000	0.000	0.000	0.000	0.000	0.000	0.000	0.000	0.000	0.000	0.000	0.000	0.000	0.000	0.000	0.000	0.000	0.000	0.007	0.000	0.000	0.000	0.000	0.007	0.000	0.000	0.000	0.000	0.000	0.000	0.000	0.000	0.000	0.000	0.000	0.000	0.000	0.000	0.000	0.000	0.000	0.000	0.000	0.000	0.000	0.000	0.000	0.000	0.000	0.000	0.000	0.000	0.000	0.000	0.000	0.000	0.000	0.000	0.000	0.000	0.000	0.000	0.000	0.000	0.000	0.000	0.000	0.000	0.000	0.000	0.000	0.000	0.000	0.000	0.000	0.000	0.000
POPZ1003	0.128	0.044	0.181	0.029	0.077	0.030	0.076	0.076	0.015	0.001	0.019	0.001	0.026	0.004	0.000	0.004	0.000	0.004	0.000	0.000	0.000	0.021	0.000	0.000	0.000	0.000	0.000	0.004	0.000	0.000	0.000	0.000	0.000	0.018	0.000	0.014	0.135	0.000	0.000	0.000	0.000	0.000	0.000	0.000	0.043	0.000	0.000	0.000	0.000	0.000	0.000	0.000	0.000	0.000	0.000	0.018	0.000	0.000	0.000	0.000	0.000	0.014	0.000	0.000	0.000	0.000	0.000	0.000	0.000	0.000	0.000	0.000	0.000	0.000	0.000	0.000	0.000	0.014	0.000	0.000	0.000	0.000	0.000	0.000	0.000	0.000	0.000	0.000	0.000	0.000	0.000	0.000	0.000	0.000	0.000	0.000	0.000	0.000	0.000	0.000
NOUO1096	0.241	0.076	0.052	0.027	0.009	0.155	0.039	0.002	0.012	0.112	0.096	0.017	0.001	0.001	0.006	0.006	0.000	0.000	0.000	0.000	0.000	0.000	0.005	0.000	0.000	0.000	0.000	0.000	0.110	0.000	0.000	0.000	0.000	0.000	0.000	0.000	0.000	0.000	0.000	0.000	0.000	0.000	0.021	0.000	0.000	0.000	0.000	0.000	0.000	0.000	0.000	0.000	0.000	0.000	0.000	0.000	0.000	0.000	0.000	0.000	0.000	0.000	0.000	0.000	0.000	0.000	0.000	0.000	0.000	0.000	0.000	0.000	0.000	0.000	0.000	0.000	0.000	0.000	0.000	0.000	0.000	0.000	0.000	0.000	0.000	0.000	0.000	0.000	0.000	0.000	0.000	0.000	0.000	0.000	0.000	0.000	0.000	0.005	0.000	0.000
TSNO1009	0.220	0.203	0.083	0.031	0.021	0.055	0.002	0.006	0.009	0.066	0.119	0.009	0.001	0.001	0.001	0.000	0.000	0.000	0.027	0.000	0.019	0.000	0.000	0.031	0.000	0.000	0.000	0.000	0.004	0.000	0.000	0.004	0.000	0.000	0.000	0.000	0.000	0.004	0.000	0.000	0.076	0.000	0.000	0.000	0.000	0.000	0.004	0.000	0.000	0.000	0.000	0.000	0.000	0.000	0.000	0.000	0.000	0.000	0.000	0.000	0.000	0.000	0.000	0.000	0.000	0.000	0.000	0.000	0.000	0.000	0.000	0.000	0.000	0.000	0.000	0.000	0.000	0.000	0.000	0.000	0.000	0.000	0.000	0.000	0.000	0.000	0.000	0.000	0.000	0.000	0.000	0.000	0.000	0.000	0.000	0.000	0.000	0.000	0.000	0.000
FIHE1026	0.192	0.050	0.139	0.067	0.057	0.011	0.175	0.062	0.075	0.029	0.002	0.002	0.001	0.001	0.001	0.000	0.000	0.000	0.000	0.000	0.000	0.000	0.000	0.000	0.000	0.000	0.000	0.000	0.000	0.013	0.000	0.000	0.000	0.000	0.000	0.000	0.000	0.000	0.000	0.000	0.000	0.000	0.000	0.000	0.000	0.000	0.106	0.000	0.000	0.000	0.000	0.000	0.000	0.000	0.000	0.000	0.000	0.000	0.007	0.000	0.000	0.000	0.000	0.000	0.000	0.000	0.000	0.000	0.000	0.000	0.000	0.000	0.000	0.000	0.000	0.000	0.000	0.000	0.000	0.000	0.000	0.000	0.000	0.000	0.000	0.000	0.000	0.000	0.000	0.000	0.000	0.000	0.000	0.000	0.000	0.000	0.000	0.000	0.000	0.000
TSNO1416	0.138	0.299	0.016	0.042	0.040	0.226	0.066	0.008	0.008	0.004	0.023	0.004	0.013	0.000	0.007	0.000	0.000	0.000	0.000	0.000	0.000	0.000	0.000	0.000	0.000	0.000	0.000	0.000	0.000	0.000	0.000	0.000	0.000	0.000	0.016	0.000	0.000	0.000	0.000	0.003	0.000	0.000	0.000	0.000	0.000	0.000	0.000	0.000	0.000	0.000	0.000	0.000	0.038	0.000	0.000	0.000	0.026	0.000	0.000	0.000	0.000	0.000	0.000	0.000	0.013	0.000	0.000	0.000	0.000	0.000	0.000	0.000	0.000	0.000	0.000	0.000	0.000	0.000	0.000	0.003	0.000	0.000	0.000	0.000	0.000	0.000	0.000	0.000	0.000	0.000	0.000	0.000	0.000	0.000	0.000	0.000	0.000	0.000	0.000	0.000
RUMO4003	0.093	0.213	0.059	0.098	0.120	0.013	0.071	0.022	0.012	0.007	0.002	0.026	0.001	0.001	0.001	0.010	0.000	0.000	0.000	0.000	0.000	0.000	0.005	0.000	0.000	0.000	0.000	0.030	0.000	0.000	0.000	0.000	0.000	0.000	0.000	0.000	0.000	0.000	0.000	0.000	0.000	0.000	0.000	0.000	0.000	0.000	0.000	0.000	0.000	0.000	0.000	0.122	0.000	0.000	0.000	0.000	0.000	0.000	0.000	0.000	0.000	0.000	0.000	0.000	0.000	0.000	0.000	0.000	0.000	0.000	0.000	0.000	0.000	0.000	0.000	0.000	0.000	0.000	0.000	0.000	0.000	0.000	0.000	0.000	0.000	0.000	0.000	0.000	0.088	0.000	0.000	0.000	0.000	0.000	0.000	0.000	0.000	0.000	0.000	0.000
RUMO7036	0.170	0.111	0.103	0.052	0.127	0.002	0.156	0.027	0.004	0.001	0.040	0.001	0.014	0.000	0.000	0.000	0.016	0.000	0.000	0.000	0.000	0.023	0.000	0.000	0.048	0.000	0.000	0.000	0.000	0.000	0.000	0.000	0.000	0.000	0.000	0.000	0.000	0.000	0.000	0.000	0.000	0.000	0.000	0.000	0.000	0.000	0.000	0.000	0.000	0.000	0.000	0.019	0.000	0.000	0.000	0.000	0.000	0.000	0.000	0.000	0.000	0.000	0.000	0.000	0.000	0.000	0.000	0.000	0.000	0.003	0.000	0.000	0.000	0.000	0.000	0.000	0.000	0.000	0.000	0.000	0.000	0.000	0.000	0.000	0.000	0.077	0.000	0.000	0.000	0.000	0.000	0.000	0.000	0.000	0.000	0.000	0.000	0.000	0.000	0.000
NOUO2005	0.127	0.113	0.157	0.158	0.037	0.048	0.006	0.032	0.040	0.051	0.067	0.001	0.001	0.001	0.008	0.000	0.000	0.000	0.004	0.004	0.000	0.000	0.000	0.000	0.000	0.000	0.000	0.000	0.000	0.008	0.000	0.000	0.000	0.000	0.000	0.000	0.000	0.000	0.000	0.000	0.000	0.000	0.000	0.000	0.000	0.000	0.000	0.000	0.019	0.000	0.000	0.000	0.000	0.000	0.000	0.000	0.000	0.000	0.000	0.000	0.000	0.000	0.000	0.000	0.100	0.000	0.000	0.000	0.000	0.000	0.000	0.000	0.000	0.000	0.000	0.000	0.000	0.000	0.000	0.000	0.000	0.012	0.000	0.000	0.000	0.000	0.000	0.000	0.000	0.000	0.000	0.000	0.000	0.000	0.000	0.000	0.000	0.000	0.000	0.000
NOUO2024	0.293	0.040	0.092	0.280	0.032	0.019	0.010	0.006	0.002	0.010	0.039	0.010	0.001	0.005	0.001	0.000	0.000	0.000	0.000	0.000	0.013	0.138	0.000	0.000	0.000	0.000	0.000	0.000	0.000	0.000	0.000	0.000	0.000	0.000	0.000	0.000	0.000	0.004	0.000	0.000	0.000	0.000	0.000	0.000	0.000	0.000	0.000	0.000	0.000	0.000	0.000	0.000	0.000	0.000	0.000	0.000	0.000	0.000	0.000	0.000	0.000	0.000	0.000	0.000	0.000	0.000	0.000	0.000	0.000	0.000	0.000	0.000	0.000	0.000	0.000	0.000	0.000	0.000	0.000	0.000	0.000	0.000	0.000	0.000	0.000	0.000	0.000	0.000	0.000	0.000	0.000	0.000	0.000	0.000	0.000	0.000	0.000	0.000	0.000	0.000
DBAN3006	0.287	0.166	0.035	0.050	0.008	0.225	0.002	0.022	0.002	0.026	0.007	0.002	0.001	0.065	0.001	0.000	0.000	0.000	0.005	0.000	0.069	0.015	0.000	0.000	0.000	0.000	0.000	0.000	0.000	0.000	0.000	0.000	0.000	0.000	0.000	0.000	0.000	0.000	0.000	0.000	0.000	0.000	0.000	0.000	0.000	0.000	0.000	0.000	0.000	0.000	0.000	0.000	0.000	0.000	0.000	0.000	0.000	0.000	0.000	0.000	0.000	0.000	0.000	0.000	0.000	0.000	0.000	0.005	0.000	0.000	0.000	0.000	0.000	0.000	0.000	0.000	0.000	0.000	0.000	0.000	0.000	0.000	0.000	0.000	0.000	0.000	0.000	0.000	0.000	0.000	0.000	0.000	0.000	0.000	0.000	0.000	0.000	0.000	0.000	0.000
FRUC3089	0.345	0.068	0.101	0.095	0.075	0.039	0.003	0.015	0.002	0.061	0.020	0.014	0.001	0.013	0.019	0.000	0.000	0.000	0.000	0.000	0.000	0.000	0.006	0.000	0.000	0.030	0.030	0.000	0.000	0.000	0.006	0.000	0.006	0.000	0.000	0.000	0.000	0.000	0.000	0.000	0.000	0.006	0.000	0.000	0.000	0.006	0.000	0.000	0.000	0.000	0.000	0.000	0.000	0.000	0.000	0.000	0.000	0.000	0.000	0.000	0.000	0.000	0.000	0.000	0.000	0.000	0.000	0.000	0.000	0.000	0.000	0.000	0.000	0.000	0.000	0.000	0.000	0.000	0.000	0.000	0.030	0.000	0.000	0.000	0.000	0.000	0.000	0.000	0.000	0.000	0.000	0.000	0.000	0.000	0.000	0.000	0.000	0.000	0.000	0.000
NOAC1017	0.446	0.126	0.059	0.017	0.014	0.132	0.013	0.008	0.002	0.077	0.007	0.002	0.001	0.001	0.001	0.000	0.000	0.006	0.000	0.000	0.000	0.000	0.000	0.000	0.000	0.000	0.000	0.000	0.000	0.000	0.000	0.000	0.000	0.000	0.000	0.000	0.000	0.000	0.000	0.000	0.000	0.000	0.000	0.000	0.000	0.005	0.000	0.000	0.000	0.000	0.000	0.000	0.000	0.000	0.000	0.000	0.000	0.000	0.000	0.000	0.000	0.000	0.000	0.000	0.000	0.000	0.000	0.000	0.000	0.000	0.000	0.000	0.000	0.000	0.000	0.000	0.000	0.000	0.000	0.000	0.000	0.000	0.000	0.000	0.000	0.000	0.000	0.000	0.000	0.000	0.000	0.000	0.075	0.000	0.000	0.000	0.000	0.000	0.000	0.000
NOUO2035	0.177	0.266	0.076	0.120	0.006	0.028	0.085	0.009	0.005	0.009	0.008	0.001	0.174	0.001	0.001	0.000	0.004	0.000	0.000	0.000	0.000	0.000	0.000	0.000	0.000	0.000	0.000	0.000	0.000	0.000	0.000	0.000	0.000	0.000	0.000	0.000	0.000	0.000	0.000	0.000	0.000	0.000	0.000	0.000	0.000	0.000	0.000	0.000	0.000	0.000	0.000	0.000	0.000	0.000	0.000	0.000	0.000	0.000	0.000	0.000	0.000	0.000	0.000	0.000	0.007	0.000	0.000	0.000	0.000	0.000	0.000	0.000	0.000	0.000	0.000	0.000	0.000	0.000	0.000	0.000	0.018	0.000	0.000	0.000	0.000	0.000	0.000	0.000	0.000	0.000	0.000	0.000	0.000	0.000	0.000	0.000	0.000	0.000	0.000	0.000





"All armies should consist entirely of professional soldiers: there is no value in a system of military service"
5 41.952	army	military	service	soldier	professional	people	country	time	man	war
5 6.748	country	system	army	service	force	defend	national	small	woman	defense
1 4.407	man	young	year	month	study	family	duty	spend	start	boy
1 4.120	rrb	lrb	reason	fact	end	understand	arm	opinion	case	talk
4 3.852	military	compulsory	service	nation	voluntary	follow	finally	argue	favor	training
1 3.327	state	present	part	require	reason	training	exist	change	defense	majority
4 1.844	war	state	fight	country	peace	attack	power	rights	news	patriotism
1 1.570	month	Spain	social	spanish	United	militar	States	increase	political	american
1 1.473	security	development	social	citizen	aim	bring	experience	interest	level	tend
 1.457	government	home	money	live	find	aspect	food	problem	leave	week
1 1.456	human	people	protect	case	make	sense	profession	conclusion	thing	learn
2 1.333	conscript	send	abolish	Belgium	statement	lower	cost	loss	conscription	measure
2 1.049	modern	technology	warfare	World	participate	start	prove	War	activity	gain
4 1.000	Norway	norwegian	recruit	attack	argument	invasion	Vietnam	task	base	experienced
3 0.932	russian	Army	Russia	unit	officer	strong	feed	day	mental	escape
 0.880	work	argument	university	hard	knowledge	steal	interested	big	college	favor
 0.744	child	home	hope	today	medical	disease	Chechnya	parent	teacher	graduate
 0.737	join	establish	quality	higher	qualify	reluctant	true	spring	low	extend
 0.704	recently	carry	current	million	group	matter	arise	daily	naturally	Kingdom
1 0.695	create	recruitment	stage	teenager	creation	difference	objective	topic	process	organise
3 0.689	troops	hire	battle	enemy	battlefield	couple	die	citizen	closer	guess
5 0.659	Service	Military	Compulsory	objector	profesional	person	finally	imprisonment	stude	arm
 0.651	boy	today	strong	weak	society	thinking	tough	anymore	invalid	earlier
 0.651	belgian	argument	risk	exercise	totally	difference	contribute	reject	unwillingness	win
4 0.573	well-trained	personnel	draft	size	regular	operation	reserve	individual	backbone	large-scale
3 0.556	supporter	reform	carry	efficiently	non-military	conscript	amateur	issue	great	training
 0.554	youngster	join	weight	Delcroix	Leo	Nations	wrong	United	gold	eventual
4 0.518	mercenary	conscript	strong	moral	reserve	allowance	daily	recent	objector	equipment
3 0.490	Army	experience	reflect	wages	superior	face	simple	formative	invader	italian
 0.486	death	reality	discussion	complicated	naturally	mark	spirit	present	approach	unfit
 0.454	money	acquire	operate	issue	employ	lie	kilom	promise	deferment	father
1 0.433	pilot	student	father	connect	soviet	Borovik	Moscow	professionalism	american	discussion
3 0.422	fight	order	moral	involuntary	inhabitant	stable	wave	belief	slavery	wrong
 0.417	individual	Finland	view	practical	point	ultimately	argue	line	nation-state	purely
3 0.408	recruit	recruiting	president	Forces	station	deliver	test	excuse	enlistment	speciality
1 0.406	serviceman	head	specially	forget	barracks	huge	drug	tre	relationship	task
 0.398	sufficient	front	combat	change	propably	gather	separate	frigate	onboard	convenient
4 0.396	war	recruit	officer	worst	casualty	instruction	drill	perfect	destination	prepaired
4 0.383	conscientious	objector	involve	trade	Voluntary	occidental	approve	unsubmissive	consciention	voluntary
 0.359	business	expert	offer	reputation	properly	quote	contribute	affect	device	basics
 0.333	polish	equipment	Poland	safety	uniform	housing	modern	increase	obsolete	fund
1 0.332	democracy	recruit	dull	rarely	meaningless	candidate	mentally	handicap	cartridge	drinking
2 0.332	corps	skilled	disappear	eye	authority	complicated	individual	resistance	papers	call-up
2 0.329	wage	big	obligatory	wiev	independent	choice	finland	credible	defensive	suffering
2 0.325	National	brigade	Servicemen	partly	control	negociation	wether	anymore	emergency	institute
 0.318	present	faithful	Moslems	Croats	Serbs	soul	oath	swear	reject	enthusiastic
1 0.309	reserve	nuclear	permanent	prosperity	operator	connect	evidently	elevated	rocket	missile
 0.300	capacity	practice	licence	usefull	Shell	science	cruel	prepared	energy	loaded
 0.298	CMS	European	unemployed	area	true	Union	advantage	mobile	execute	shooter
 0.295	food	brain	tribe	introduce	develop	twenty	Princes	newspaper	hot	background
1 0.289	regiment	protect	boyfriend	letter	bomb	twelve	ethical	shortage	czech	list
 0.287	means	defeat	punishment	chance	soviet	plead	diplomatic	mutual	Germany	budget
1 0.283	quit	dangerous	guy	Finland	occupation	volunteer	reasonable	standar	nursery	teatch
2 0.280	objection	aspect	movement	rest	accordance	conscience	opt	independent	establish	wich
 0.268	pro	con	proportion	addition	equipment	numerous	food	absolute	essay	garantee
1 0.267	woman	company	employee	preparation	difference	half-soldier	sue	unlike	contrast	sergeant
 0.255	life	green	weather	fighter	care	short	doctor	cool	misuse	body
3 0.245	armament	command	competent	imagine	York	tempt	mili	shadow	fighting	personality
 0.244	citizen	democratic	control	goverment	easier	structure	cold	home	workless	prestige
1 0.240	serve	ship	Atlantic	fleet	naval	increase	oncoming	omega	Emirates	Luxemburg
 0.237	Machiavelli	ruler	auxiliary	local	machinery	governor	Europe	citizen	strong	stabile
 0.234	fully	count	ordinary	Czech	day	professionalize	communist	play	element	bully
1 0.232	choice	personel	individuality	uniform	enthustically	combination	cook	excude	classify	pure
3 0.226	major	turn	enrolment	suffering	basically	corps	tendency	create	psychiatrist	wavering
 0.222	son	Chechna	practically	computer	discovery	afraid	Institute	idea-it	practicise	Church
 0.216	civilian	suppress	murder	Waco	sect	impose	killer	leader	dream	continue
 0.214	patriotism	push	fun	build	homeland	conclu	tree	traumatic	senselessly	lesser
2 0.197	material	manpower	size	trainer	step	incompetent	easilly	ammunition	privacy	variable
3 0.196	obligatory	expent	everyday	opposition	offence	enormous	measure	large	supposse	intermediate
4 0.196	integration	militiaman	beter	fatigue	militia	enlistment	source	militray	fulfile	unwelcomed
1 0.193	mandatory	rest	significant	potential	Americans	fraction	incorporate	board	constituent	ist
2 0.191	world	regular	transition	large-scale	film	hire	weapon	lowering	service-man	offensive
1 0.186	institute	vocation	hero	militiaman	fat	Palestine	perk	essential	drug-addicted	diseased
3 0.182	technological	warfare	sufficiently	January	Iraq	high-tech	umo-soldier	war-stricken	re-establish	personnel
3 0.173	preparedness	unprofessional	excessive	occupation	conscientious	aqay	promide	collegiate	milityary	disorder
 0.170	Republic	nobleman	step	proclaim	repetition	Czech	realization	competitive	Regulations	Crimea
1 0.161	liutenant-colonel	minority	poor	depend	propose	bulldoze	wing	election	March	February
1 0.161	sex	insumiso	lack	obligation	rear	control	volunty	affirm	provoque	sensitive
1 0.157	official	free	invest	tax	business	cripple	sit	evade	means	sergeant
 0.152	unwilling	franc	career	interrupt	sentence	hour	hide	Soup	theoretical	federal
 0.151	point	division	summer	widely	detachment	half	concentrate	crime	clear	culturalogical
1 0.150	Norway	soldier	birth	advance	requirement	contact	killer	compete	wanted	court
2 0.150	combat	opponent	easily	peace	life	morale	hesitate	cheap	desruption	ominous
1 0.149	army-service	promotion	mother	strategy	intelligence	discriminatory	tat	title	renew	fresh
1 0.140	militia	terrorism	destructive	exact	ban	essential	firstly	informational	martial	posess
2 0.133	volountary	subsidize	controversial	enrole	immaturity	wealthy	marginal	refuge	retribute	diminish
 0.131	rifle	person	symbol	cetme	truck	clothes	headquarter	party	freely	happy
 0.128	level	ambition	brotherhood	north	sport	express	disappearance	fade	economically	handicapped
 0.127	quick	worry	secret	contract	mind	abundance	differentiation	suffice	dope	vital
 0.119	don	quote	persue	award	imposition	insurance	prople	qualificate	countire	supplay
 0.103	politicaly	file	rapidly	solid	peaceful	area	power	mobilization	inspire	precisely
 0.098	Chechnia	innatural	amnesty	kindergarten	transportation	alive	Frontier	Korea	unlike	Canada
 0.095	suppress	silly	paradoxical	smattering	agreement	perfectly	museum	library	facultative	naja
 0.095	mark	appeal	desire	sentence	utterly	dramatically	surplus	diem	conscentious	statuary
 0.080	fund	license	found	analyze	way-out	previous	obsolete	luxurious	afraid	citizen
 0.079	drilling	everytime	assemble	proposed	early	doesn	rate	valuable	building	exception
1 0.062	affair	Commons	Shanon	Powell	confront	participant	bewilder	pig	Zabaycalsky	garrison
1 0.053	top	industry	cigarette	varied	retain	East	personally	majority	consription	traditional
 0.041	dictate	format	cyclical	standby	metaphorically	similarly	emotion	constant	aggressor	hinder
 0.008	administration

"Crime does not pay"
5 14.172	crime	criminal	people	pay	make	commit	catch	life	society	time
3 7.630	people	person	law	time	thing	punishment	case	wrong	change	man
5 5.950	crime	pay	work	day	hand	kill	country	thing	steal	robbery
4 5.063	life	crime	police	child	jail	commit	car	end	grow	force
 2.785	problem	find	order	world	choose	bring	part	increase	idea	human
2 2.700	day	steal	boy	school	bad	buy	store	catch	parent	feel
 2.573	money	year	family	give	big	friend	leave	lot	house	night
2 2.370	law	future	wrong	child	call	lose	find	wife	individual	care
5 2.130	society	case	punishment	legal	system	accord	prevent	social	lead	rape
 1.467	year	make	ago	happen	agree	girl	young	citizen	month	past
5 1.401	criminal	sentence	make	punish	serve	guilty	public	smaller	small	trial
2 1.381	rrb	lrb	work	punish	answer	prison	today	method	low	represent
1 1.136	moral	freedom	man	aspect	great	property	influence	importance	severe	institution
2 1.111	country	criminal	rrb	lrb	murder	States	United	state	place	charge
5 0.945	death	penalty	kill	innocent	term	individual	convict	freedom	final	afraid
1 0.909	remember	spend	moral	thought	interview	struggle	character	doubt	train	sort
4 0.860	thief	business	police	arrest	lot	mafia	organization	leader	title	boss
 0.852	rate	hiv\/aids	South	Africa	rape	condom	sangoma	bar	open	people
5 0.846	murder	killer	punish	death	political	love	news	age	life	unpunished
1 0.772	friend	Themba	cookie	gun	mother	clever	visit	happy	room	demand
5 0.742	prison	leave	bail	job	sentence	jail	rape	order	regard	facility
1 0.715	group	authority	number	city	occur	discuss	issue	young	robber	report
2 0.669	line	society	top	answer	human	rehabilitation	bottom	complex	criminal	system
 0.668	James	son	father	man	start	mother	hear	decide	suddenly	kid
5 0.660	God	sin	law	punish	judgment	sinner	violation	jurisdiction	restrict	christian
2 0.601	prison	prisoner	warder	hard	e.g	personality	ordinary	lunch	sir	card
2 0.583	profit	company	perpetrator	victim	insurance	tax	income	pleasure	statement	distance
4 0.581	Norway	punishment	part	regret	prisoner	prize	treat	scar	ex-criminal	s\/he
5 0.553	jail	Capone	light	Ness	gangster	minister	fine	connection	stake	pocket
 0.530	life	human	decision	decide	animal	learn	race	Life	cruel	bear
 0.520	Harry	game	play	rule	Carl	Sally	John	win	real	Maggie
3 0.511	kill	problem	country	bank	justice	USA	innocent	poison	catholic	greek
5 0.481	drug	police	deal	release	policy	sentence	Justice	abuse	assault	organization
2 0.472	main	finger	sex	surely	morality	prostitute	trap	income	personal	deed
 0.466	wallet	sister	class	trip	cold	finally	mother	doll	fridge	red
2 0.459	imagine	modern	moral	obey	professional	war	dishonest	deep	businessman	account
 0.418	youth	youngster	solution	enjoy	starve	juvenile	reconciliation	pleasant	waste	He\/she
1 0.390	hold	economic	possession	lack	materialism	arrest	series	childhood	product	field
 0.383	poor	due	family	finally	well-education	fruit	concerned	warm	daily	condition
 0.380	Russia	russian	Moscow	percent	gang	organized	organize	official	include	arm
2 0.377	drug	illegal	call	abortion	potential	educate	disease	average	soft	Belgium
4 0.373	victim	law	person	compensation	subjective	author	regulation	injury	loss	esteem
 0.369	community	remind	quality	high	reject	hard	empathy	dead	burden	deprive
1 0.364	goods	reaction	ethic	illusion	Untouchables	tempting	speed	tempt	crucial	i.e
1 0.345	God	speak	detective	investigate	creature	remain	intelligent	deny	revenge	suddenly
1 0.306	abortion	woman	pregnancy	contraceptive	acceptable	view	homicide	despair	unwanted	recognize
 0.305	discover	team	brake	drop	largest	marked	adult	advanced	visit	Modern
5 0.284	execute	murderer	justice	accuse	deterrent	rational	system	beast	revolution	comparison
 0.281	car	lose	don	grocery	guess	couldn	breaking	bee	encounter	thinking
1 0.272	write	prohibit	interpret	village	bible	commandment	Jesus	imprison	Dmitry	heaven
1 0.270	opinion	magazine	Speak	John	topic	publish	Dostoiewski	McVicar	writer	corrupt
 0.269	assassination	Kholodov	essay	russian	politician	base	terrifying	range	nuclear	crash
 0.260	care	weak	strong	hat	medication	asthma	crack	drink	healthy	exept
 0.256	blame	house	husband	mother	trigger	back	teacher	nowadays	arsentic	indefeasible
2 0.256	simply	provide	reach	police	competitiveness	tragic	joke	assertion	aggressive	issue
1 0.249	he\/she	frequently	institution	attack	pardon	dificult	hurt	damage	punsh	eficient
3 0.249	penalty	biggest	enjoy	Police	permission	privilege	victime	impose	citizen	deposit
3 0.244	lawyer	judicial	group	accuse	separate	competent	principle	Norse	latest	prestige
3 0.238	effect	court	suspect	opportunity	restitution	integrity	evidence	intend	procedure	seed
 0.238	Church	christian	kind	pretend	amazing	cruel	museum	age	temple	Catholic
2 0.227	legal	century	thirteenth	violation	hair	Ihave	iam	manners	honesty	self-esteem
 0.220	circle	vicious	account	pair	hide	boundary	break	sully	dart	chess
1 0.219	advertised	rampant	inmate	identity	clothing	disapointment	successor	everturn	allmost	excercise
 0.216	code	act	complete	classify	pride	analyze	page	spiritual	variety	pursuit
 0.211	Maria	couple	sum	Jan	extra	earn	pension	malversation	backache	swedish
4 0.206	penal	economic	code	case	regard	objectify	remuneration	damages	reparation	reproach
1 0.206	Earth	topic	bear	deceive	alike	justice	shield	category	greatly	field
1 0.193	feature	phrase	cruelty	threshold	desperate	morally	illness	brutality	exciting	psychopathic
2 0.192	drug	plant	psychological	Inquiry	related	retaliation	custom	financially	community	carefully
 0.186	Marta	worrying	Versace	Gianni	Russo	dead	university	greaf	peril	absent
3 0.170	conscience	clear	line	crook	regular	carry	littlelest	lawbinding	blackmail	dollar
2 0.157	kill	killing	soviet	join	fund	daughter	rub	god	Mafia	bombing
 0.150	box	purse	SEX	greed	Cluedo	culprit	wicked	sisthren	wee	orgasm
5 0.146	offender	victim	dutch	victim-oriented	create	Blaauw	Britain	severity	criminologist	traffic
3 0.142	recession	nowadays	unusual	remarkably	drugdealer	confiscation	prohibitory	fortune	assassinate	prime
3 0.116	meet	estate	drug-related	penitentiary	datum	research	individual	guard	attempt	security
2 0.114	life	virtue	immoral	analysis	effort	late	disappoint	Unisa	daddy	ignorant
 0.108	fill	majority	armed	privatization	divorce	untouchable	Angeles	region	crim	paralise
2 0.103	cell	catch	avoid	entice	criticize	victim	amplification	evaluate	Dutch	nose
2 0.095	investigation	attack	informer	Ede	park	prosecutor	patient	objective	unable	alteration
1 0.091	number	explanation	privatization	scare	worst	globe	officer	entire	scruple	EXTINCT
1 0.083	undercover	Netherlands	delay	receive	infiltration	strongly	work	charge	man	policestate
2 0.078	militia	expound	cocktail	defens	thug	pursue	hero-figure	vandalism	sexually	Department
 0.077	U.S	immense	regrettable	investor	disintegration	prospect	tackle	emerge	restricted	task
 0.067	glorious	graffitus	streamlined	unagreeable	rue	Cross	goods	braged	letter	Middle
 0.060	link	upset	higher-quality	prevention	Intelligence	hop	overdose	ecstacy	addictive	rogue
 0.060	businessman	explosion	swiss	Siberia	randomness	trouble	physical	Russians	earlier	expert
1 0.059	method	measure	recidivism	speed	objective	fort	redefine	remedial	Lord	unsafety
1 0.055	jobless	stigma	inprisonment	Africa	singer	husband
 0.051	release	democracy	deeper	Play	Kulakov	dovshchina	pnvate	half-hour	alcohol-related	maim
 0.050	excell	bury	convert	moribund	curse	proceed
1 0.041	sex-maniac	toponder	Capital	batter	Care	crime-reporting	screen	headline	scud	absurdly
 0.039	Ministry	conscription	Defense	industrial	total	similar	grow	internationally	calm	abrogate
2 0.039	thieves-in-law	italian	threat	work	January	crossedwith	knife	boil	shield	coal
 0.039	structure	conscript	Los	drive-by	directorate	Vladimir	revenge	brass	automatic	violent
4 0.037	bandit	trial	Washington	laundering	terrifying	conference	extortion	unique	West	finally
 0.022	climb	specialist
 0.018	counterbalance	opportune	predetermine	contradictory	knife
1 0.016	happily	Rehabilitation	exclamation
 0.001

"Feminists have done more harm to the cause of women than good"
5 22.328	woman	man	work	time	make	equal	give	point	job	year
4 19.753	woman	feminist	man	people	life	idea	change	sex	society	fact
5 10.203	woman	man	feminist	rights	good	fight	country	live	lead	respect
4 7.168	society	movement	century	problem	rights	human	sex	good	traditional	result
3 5.717	work	role	change	family	home	life	job	situation	husband	improve
4 4.393	feminism	lrb	rrb	fight	equality	social	political	principle	term	rights
4 4.023	child	family	duty	result	female	find	marriage	love	care	mother
 4.005	extreme	prove	show	subject	nature	start	free	simply	begin	side
4 3.852	rights	vote	political	lot	law	century	social	emancipation	university	win
2 3.583	husband	house	day	money	wife	life	school	stay	earn	beat
5 3.358	feminist	movement	liberation	harm	statement	good	case	divorce	action	true
3 3.129	feminism	family	life	modern	freedom	career	number	education	aim	sexual
2 2.936	today	show	power	gain	money	position	living	leader	object	discrimination
4 2.329	male	female	equality	gender	point	past	country	domestic	individual	spite
 2.295	rrb	lrb	carry	basic	nowadays	stronger	western	character	main	early
2 2.277	work	home	child	year	person	young	model	back	father	sixty
5 2.191	feminism	movement	radical	start	negative	important	ideology	change	effect	connotation
 2.070	time	culture	thing	regard	day	happen	long	realize	age	case
1 1.861	child	world	thing	wear	clothes	lot	baby	beautiful	equally	dream
1 1.644	movement	obtain	country	important	States	United	condition	situation	main	year
1 1.353	generation	accept	real	young	decide	reach	slogan	dress	quality	loving
4 1.310	free	equal	equality	claim	win	independence	victory	happiness	crisis	service
 1.298	today	century	difficult	choose	strange	live	big	thing	european	angry
1 1.221	status	wife	low	area	state	great	mentality	cultural	eventually	challenge
5 1.188	wash	duty	hour	shopping	cook	clean	iron	housework	great	meal
3 0.905	mother	Liberation	combine	tendency	perfect	Movement	financially	politics	success	rate
 0.879	work	Africa	South	head	place	wake	alive	body	food	coffee
3 0.831	rape	girl	top	commit	gender	elect	crime	report	attend	hope
4 0.790	feminism	unhappy	dream	shoulder	news	backlash	disorder	miserable	fail	worst
 0.754	succeed	job	remember	generation	game	Beauvoir	Simone	lunch	company	fail
2 0.726	issue	class	background	achievement	workplace	argue	racism	pregnant	seventy	gap
2 0.655	girl	boy	remember	indication	toy	superiority	unnatural	restricted	main	tsa
 0.646	position	economic	cultural	react	reaction	express	conclude	exclude	eighteenth	black
 0.620	argument	day	enjoy	superior	doctor	enlighten	joke	regard	average	citizen
 0.597	issue	highly	existence	consciousness	thinking	longer	lib	perspective	typical	amount
1 0.589	role	big	father	possibility	outdate	live	muslim	civilized	direct	culturally
 0.536	employment	czech	traditional	emotional	Czech	western	partner	media	Republic	full-time
2 0.518	chauvinist	action	country	demonstration	chauvinism	suggest	stereotype	poorly	make	islamic
2 0.506	kind	extremism	aspect	thinking	superior	emancipate	conception	strongly	affirm	single
 0.479	God	fulfilment	Adam	uniqueness	image	Sixties	earth	basically	tough	process
 0.457	Russia	russian	combine	West	notion	careful	community	flower	pursue	enterprise
2 0.456	boyfriend	didn	happen	provoke	law	hit	domestic	order	Nick	violance
 0.446	decade	quarrel	harmful	cell	Muller	one-sided	capability	blood	red	concern
1 0.436	cycle	evolution	primitive	eventually	age	deliberative	pro-hominid	reproductive	essentially	survival-of-the-fittest
5 0.435	professional	full	franchise	suffragist	additionally	experience	confidence	graduate	advantage	lack
 0.382	world	language	structure	rest	silent	evolve	communicate	supose	idealization	hunter
2 0.377	american	formulate	follow	stress	existence	Emancipation	exact	psychology	practically	feministic
1 0.366	i.e	paper	obligation	intelligent	standard	sexism	meaning	damage	finish	vision
1 0.341	wrong	parliament	mad	Beijin	pea-sized	convey	biol	man-people	girl-child	untold
2 0.340	Spain	international	charge	sexuality	week	state	denounce	representation	oldest	provision
2 0.334	stereotype	employer	voice	scheme	poll	prize	cooperation	worsen	dark	fourth
1 0.309	previous	regret	black	benefit	pill	six-year-old	abortion	casual	flee	extension
1 0.304	standard	public	complete	beleive	domination	poverty	sphere	policy	interest	employment
1 0.296	category	Faludi	unhappy	sexist	fault	definition	press	wine	systematic	unhapiness
 0.280	reach	read	despise	industrial	activist	emotion	threaten	strongly	terribly	brutality
 0.276	history	literature	Jane	phrase	space	send	highest	association	weak	age
 0.263	industry	wether	lipstick	correct	intention	scrub	music	song	recognize	top
 0.263	extremity	beauty	ability	connect	hearth	unusual	normal	affair	empress	keeper
1 0.262	lack	smooth	father	failure	marry	contribute	Union	precipitant	anti-sexism	industrialization
 0.259	don	weak	preach	shouldn	tswana	batter	narrow	statistics	Becauseb	disrespectful
 0.257	nation	sane	hero	predominantly	idol	rut	belittle	insensitive	momentary	unharriedly
2 0.256	rape	date	means	i.e	intercourse	role-model	team	press	cultural	overcome
 0.256	negative	program	independence	abroad	individualist	accountable	considere	disapprove	Arbatova	admire
1 0.251	cent	Martha	Dilly	cleaning	survey	married	promotion	prospects	conventional	enormous
 0.250	write	Virginia	obstacle	Woolf	inferiority	lock	half	imposible	Shakespeare	inferior
 0.246	active	tribe	comfort	problematic	Prime	India	Minister	upbringe	was-what	house-keeper
 0.240	criminal	punish	prison	system	honest	extreme	kill	interested	rehabilitate	past
 0.238	hair	restaurant	fuss	seldom	trust	advice	cruel	fence	funny	comment
 0.234	nature	morning	human-being	hurry	bird	wood	silence	controle	beast	autumn
2 0.228	birth-control	supremacy	field	reconsider	ridicule	deny	perception	respect	complete	totally
1 0.227	western	objective	possibillity	preference	behavior	confirmity	femininity	fullfill	prestige	dare
 0.225	contribute	huge	quota	eighth	pathetic	attractive	provocative	carrier	March	south
2 0.217	militant	healthy	behavior	exception	complain	lady	imitate	unhealthy	fanatic	dominator
 0.210	aspect	previous	sheet	bundle	tea	demerit	phrase	boil	terrible	entertainment
 0.204	democratic	democracy	oppinion	truthful	harmless	civilised	record	widespread	wornel	distinguise
2 0.187	U.S	daycare	acheive	women	brothership	middleclass	beeing	devotion	strife	expose
3 0.168	patriarchy	image	capitalistic	Suffragettes	kid	consideration	stigmatize	polished	eye-opening	undoubtably
1 0.159	billboard	objectification	trace	hell	lekestue	Kurland	Roger	Otto	Taliban	underwear
2 0.153	begin	homework	feministic	devorce	collage	equalization	check	wonderful	unchangeable	conformation
 0.145	peace	Nature	occidental	hoe	placid	rea	climalic	corpo	reshape	dicine
 0.145	hand	coach	up-to-date	vehicle	potato	existence	nearest-dearest	nortdic	sutable	devise
2 0.143	teach	associate	proper	adultery	freely	threfore	provider	hysteria	irrationality	un-feminin
 0.141	interrupted	inherit	mayby	pragmatic	doubt	femi	statementthat	happy-as-it-is	hypermedium	Cixous
 0.141	worth	Kutusov	survice	white	elegant	page	Institute	ambitious	term	thin
2 0.138	analize	demonstration	FEMINISM	housewife	primer	grasp	summarize	suitable	plan	Harlem
1 0.138	study	retrospect	address	construct	frequent	twentyfirst	unjustly	reprocution	inevitablereaction	supposedly
2 0.136	childern	rampant	belive	individual	strong	reall	alternativity	familly	indipendant	freadom
 0.135	queen	check	psychical	decide	true	create	influence	artificiality	vomit	nervosa
1 0.132	linguistic	euphemism	mistress	connotate	conjugal	stress	chitchatt	femenist	reinforce	coffee
1 0.131	girlfriend	secure	expense	E.H	present-day	begining	income	altered	beforhand	quo
 0.129	Reagan	White	despair	didn	person	jeopardy	Bush	bless	crumble	everywhere-at
2 0.126	conduct	perfection	pregnant	pilot	Myth	cosmetic	spindly-legged	migrate	civilright	stream
 0.122	intellectually	Act	unresolved	attribution	aknowledge	progression	unmixed	pest	discrediting	Mann
2 0.112	affirmation	reflection	tend	sacrify	denigrate	unfeminine	Gross	mtheir	grand-mother	debater
1 0.106	maternal	page	dark	newly	town	fifty	waitress	showing	perennial	hatchet
2 0.077	reproduction	breakdown	gratify	womanliness	nurturer	made-up	uniquely	confine	diamond	accidentally
 0.063	planning	center-left	indomitab	wander	shadowy	hedgehog	yellow	imitation	harrasment	dominant
 0.058	verse	fundamentalism	literairy	disfunctional	apt	disciplinarian	friction	incessant	medal	awareness
 0.040	fiction	matter	stack	arm-chair	ceremonial	worn	indifference	kind
 0.039	trend-setter	vow	adaptation	endurance	proce	song	morally	dissatisfaction	territory	objection

"In his novel \"Animal Farm\" George Orwell wrote \"All men are equal but some are more equal than others\". How true is this today?"
5 20.353	people	equal	society	human	equality	world	thing	live	rights	make
5 13.893	man	equality	equal	life	power	money	world	inequality	true	make
3 12.229	people	society	social	position	change	difference	problem	fact	idea	man
4 7.976	equal	people	rights	law	rich	color	treat	poor	show	today
1 5.883	job	country	work	situation	give	life	education	year	pay	university
3 4.533	Orwell	animal	Animal	Farm	George	leader	political	communist	revolution	regime
2 4.429	man	time	equal	year	day	happen	special	death	die	fight
1 4.424	woman	work	child	man	world	family	Europe	girl	sex	vote
5 3.939	discrimination	racism	minority	white	black	problem	group	racial	race	century
1 3.368	rrb	lrb	power	start	show	group	realize	situation	age	role
1 2.862	man	woman	statement	sex	social	male	write	female	politics	means
5 2.731	class	money	feel	rich	today	division	poor	divide	century	true
 2.505	child	family	school	good	friend	attitude	small	career	chance	suppose
4 2.436	people	live	treat	make	poor	differently	discrimination	baby	point	school
1 2.157	country	western	nation	reason	United	States	long	european	include	call
 1.403	human	natural	creature	nature	possess	existence	strive	determine	evil	invent
 1.271	man	easily	close	chance	lawyer	dark	control	relative	rid	justify
2 1.234	pig	animal	Napoleon	work	farm	book	sheep	remind	head	similar
4 1.185	culture	instance	religion	newspaper	immigrant	case	property	police	racism	longer
1 1.159	individual	interest	truth	physical	civilized	mental	exact	complex	institution	relation
3 1.138	society	financial	contribution	reward	present	Bulgaria	contribute	nation	labor	doctor
2 1.022	start	happy	open	world	refugee	happiness	speech	control	demand	tolerant
5 0.972	intelligence	impose	inferior	superior	weak	hierarchical	strong	superiority	circumstance	bottom
1 0.933	simply	represent	greater	health	business	general	medical	negro	front	USA
 0.864	evidence	visible	program	reality	space	image	half	direction	threat	exeption
4 0.851	class	social	lower	structure	ideal	century	economic	word	term	govern
4 0.777	equality	system	describe	absolute	love	Jefferson	Thomas	socialism	fair	politics
4 0.726	belief	violence	inferior	suffer	ethnic	totality	voice	universal	fire	economic
1 0.709	student	opportunity	parent	capacity	experience	quality	range	environment	restrict	employee
3 0.675	law	regard	rational	dictatorship	legally	tyranny	biological	agreement	pass	cunning
 0.666	statement	part	true	quote	case	refer	relevant	community	topical	famous
4 0.647	inequality	side	ladder	higher	spiritual	socially	secure	aristocracy	repeat	bribe
 0.636	imagination	dream	modern	creative	romantic	process	forget	beauty	valid	day
3 0.627	reason	unequality	Africa	moral	principle	political	extrinsic	equity	forward	step
4 0.592	black	improve	ghetto	improvement	fact	segregation	citizen	focus	apparently	american
1 0.546	Norway	Norwegians	group	part	important	Nazis	Oslo	Rights	professor	constitution
2 0.533	level	beggar	fulfil	beat	continent	beautiful	powerful	humanity	slow	civil
2 0.524	strive	moral	effort	colleague	lucky	contentment	evaluate	theoretical	peer	abstract
 0.517	party	degree	regard	government	graduate	scale	employment	realistic	tradition	lower
2 0.485	rights	oil	civilized	decide	limit	South	North	reduce	trick	beautiful
2 0.484	eat	humanity	issue	music	quality	move	group	anti-semitism	equalize	god
 0.483	term	truth	pocket	level	dog	civilization	mentally	careful	bulgarian	subjective
1 0.472	live	young	watch	technology	science	industrialization	protest	highly	night	pleased
 0.442	kill	wrong	murder	statement	Bush	stone	Hitler	line	pig-tailed	Nature
 0.435	policeman	Stalin	ruling	England	due	kill	Lenin	train	service	russian
2 0.400	suit	sit	surround	escape	starve	deep	deceive	hopeless	chair	attract
4 0.394	middle	norm	manual	division	England	Britain	universal	son	non-manual	savage
 0.383	maintain	access	sentence	hold	owner	mentally	post	sbout	inherit	pick
5 0.374	religious	biologically	unique	potential	sexism	persecution	racism	territory	crime	oppression
 0.357	listen	apple	laugh	alike	green	sweaty	respect	night	talk	pause
3 0.331	government	freedom	Rousseau	community	Social	majority	form	Contract	reject	perfect
3 0.310	slavery	prevent	media	strongest	means	weakest	weakness	distinguish	murder	small
1 0.310	independent	perpetrate	pronouncement	abnormality	Sexism	sleep	affect	heavy	possession	evening
 0.308	learn	fabel	acute	counter	civilised	excessive	vivid	i.e	disaster	Poeple
1 0.296	Equal	God	eternity	cloud	universe	arrogance	earth	judge	category	puzzle
 0.279	mister	Stalin	Smith	Belgians	Jones	instance	bright	everyday	naturalized	immigrant
4 0.278	commune	strength	lose	equitable	blood	mad	unscrupulous	greedy	goodness	sarcastic
3 0.262	factor	He\/She	external	property	resource	diver	economical	peculiar	irrational	materialism
2 0.253	gipsy	Gipsies	Czechs	Czech	vietnamese	Rushdie	easy	swimming	cheldren	automatically
 0.252	man\/comrade	building	rebellion	plot	clever	chapter	Squealar	Class	Hero	Czechoslovakia
1 0.235	Catholic	Church	disappear	communism	Karl	priest	mile	backwardness	ordination	Apostles
2 0.226	age	middle	unequality	diference	tortured	feudal	great	exist	consecuence	taht
 0.222	travel	Human	Rights	visa	cut	Convention	emigrant	clause	reinforce	boom
 0.213	Australia	Howard	australian	John	immigrant	Policy	Australian	minister	aware	nausea
1 0.201	Social	book	idealist	Smith	Winston	history	starry-eyed	steady	wether	resigne
1 0.197	dear	flux	pagan	Rich	finance	psychological	partly	possibly	governer	redeem
 0.190	adult	imagine	fantasy	specific	dreamer	individualist	smile	seek	madness	busy
 0.185	individual	modern	entertainment	impartial	musical	tight	liberal	provoke	Eventhough	housechore
2 0.184	hemisphere	northern	indifferent	resemble	balkan	enormity	good-hearted	salve	injust	short-sighted
5 0.184	elite	lesbian	disabled	fat	left-handed	underclass	ridicule	opportunity	fundamental	crystal
1 0.181	murder	utopian	domination	menace	behavior	supervision	School	delude	nigh	Concha
 0.181	strip	factor	miner	liver	landing	thing	uncertain	nepotism	favoritism	airport
 0.181	bus	push	web	shift	spin	significance	issue	selectivity	subconsciousness	antiquity
1 0.180	occasion	active	reform	europe	womwen	uthopium	girl\/boy	witty	Equality	Rubio
 0.178	surround	Thou	proclamation	knit	rumor	flawless	practicable	reminiscence	xxxxx	resolution
1 0.177	oppress	soviet	reference	russian	enter	perversion	republic	Russians	dole	amiable
 0.167	student	hostel	dictate	campaign	condition	ref	corrupted	BMW	Sofia	hamper
 0.153	priority	education	fellow-creature	passer-by	sake	elusive	ego	health	concept	barbarian
1 0.148	Raskolnikov	charity	royal	remarkable	incline	sapiens	admire	hippocratic	heartedly	donate
2 0.142	Gipsy	gut	faith	not-too-drunk	treachery	non-special	anxiety	Kings	akward	qoute
 0.138	intrinsically	intrinsic	extrinsically	Diana	comprehension	Blok	distrust	instinctive	dazzling	Jack
1 0.136	sadly	intend	bourgeoisie	Martin	deaf	Christianity	usual	exterminate	pang	myriad
 0.131	barn	cartoon	donkey	celebrate	Nature	scene	variant	first-it	non-having	brains\/women
2 0.126	shatter	Western	corrupt	genuinely	artistic	desirable	Pauline	ashore	child-labour	infer
1 0.124	persecute	colony	undeveloped	import	nuance	axe	implement	life-time	Nepal	Serbians
3 0.119	xenophobia	intolerance	investment	unbalance	comforting	fiasco	intercultural	Romania	deviation	ex-president
1 0.118	differentiation	Belgians	nail	hit	norma	catwalk	measurement	unbeatable	achievment	foreground
 0.116	polititian	differ	soviet	auther	representative	reduction	cent	weapon	passenger	defenceless
 0.115	fame	Andersen	corner	wont	hole	prise	Independence	categorize	trustworthy	page
 0.110	foster	technological	debris	co-organize	adhere	novelist	crunch	pillaging	looting	precarious
 0.084	reject	firstable	Spanish	max	assistanca	Moseon	wtose	stout	naoleon	boar
 0.073	affiliation	elude	truthfulness	asian	caste	bewilderment	delicately	breathtaking	music	literature
1 0.073	nobler	quotation	derision	verdict	Satan	tightening	mite	unalienable	collectively	workman
2 0.061	allegation	equal\/and	unrealisable	symbolise	Eden	differency	universe	copy	distance	twenty-two
1 0.057	clash	WWII	bondage	Eastern	arial	brutish	overhear	worthless	design	underlie
1 0.053	great-grand-mother	dwelling	pompous	Samuel	patriarchy	Chicago	calmly	peril	pocket	market
2 0.052	intensity	Locke	subatomic	non-governmental	existance	boxing	sharpness	disobedient	Barbarians	priori
1 0.041	sens	establi	ahd	nowday	tune	landowner	Hell	excitement	control	news
 0.031	income	inscription	well-off	guardianship	size	specialized	obtain	market	rely
 0.005	tan

"In the words of the old song: \"Money is the root of all evil\""
2 39.219	money	people	thing	live	life	buy	problem	give	work	important
4 23.389	money	evil	make	life	world	root	power	love	fact	time
 6.325	human	society	find	nature	situation	lrb	rrb	create	present	means
3 4.157	people	rich	poor	person	child	respect	give	care	house	businessman
5 3.617	crime	commit	drug	young	pay	sell	lack	kill	murder	robbery
1 3.370	society	property	economic	possession	modern	social	destroy	word	price	level
2 3.302	power	good	word	force	instance	proverb	interest	possess	forget	subject
3 3.136	evil	human	root	song	man	sense	word	act	negative	quality
 2.980	dream	man	day	lot	wife	family	beautiful	friend	begin	car
1 2.549	child	parent	job	year	study	mention	financial	influence	school	murder
 2.213	education	life	condition	school	health	survive	ill	student	benefit	hospital
1 2.170	problem	nation	idea	economy	society	produce	beginning	accord	aspect	occur
1 1.829	win	give	achieve	goal	lottery	state	member	idea	deceive	wrong
2 1.670	happy	happiness	stop	control	limit	devil	anymore	greed	cheat	fill
2 1.487	play	role	age	wealthy	plant	stop	destroy	terrible	prefer	materialistic
2 1.480	country	die	disease	poverty	water	spend	completely	city	russian	fate
1 1.462	man	God	wealth	truth	eye	Bible	book	follow	tool	back
3 1.418	man	gold	begin	invent	coin	silver	richer	animal	sake	year
1 1.251	night	remember	salary	actor	pleasure	animal	deal	singer	build	attention
2 1.230	country	sell	war	drug	attack	set	contribute	politics	due	land
1 1.228	rrb	lrb	Jesus	nowadays	absolutely	suppose	song	vice	end	head
5 1.123	rich	poor	Money	belong	class	divide	survive	time	master	quote
2 1.002	family	problem	couple	day	don	divorce	fur	gambling	animal	greedy
1 0.935	man	true	war	ambition	plenty	follow	amusement	prize	apartment	blind
5 0.910	corruption	reality	poverty	selfishness	obtain	today	cruel	beggar	drug	regard
1 0.892	father	character	lot	brother	inheritance	plot	daughter	mother	punishment	family
2 0.890	goods	basic	function	paper	metal	precious	perform	service	commodity	universal
2 0.710	range	relative	attempt	wood	truth	vice	character	factor	integrity	dependent
2 0.704	economical	social	group	purpose	payment	state	evidence	important	encounter	sister
2 0.567	radio	listen	commercial	century	future	spiritual	materialistic	side	collapse	stand
2 0.564	concept	material	remain	wealth	statement	link	draw	measure	strongly	expense
 0.527	university	study	firstly	character	exam	finish	instance	system	depend	service
3 0.512	motive	jealousy	poison	neighbor	dog	cut	alcohol	garden	winner	lady
1 0.498	develop	vicious	grow	religion	advantage	sackful	oil	teacher	cirkle	external
1 0.442	economic	culture	condition	community	urge	century	happyness	related	Nature	weakness
4 0.426	satisfaction	mafia	average	kidnap	dreadful	occupy	excessiveness	sickness	shocking	manners
3 0.421	capitalism	individual	artist	art	Art	heroine	capitalist	central	prestigious	homeless
4 0.409	Poor	weak	Rich	Tom	division	survival	theory	possibly	hundred	dissolve
1 0.366	time	progress	sit	peasant	industrialisation	stereotype	science	sense	imagination	switch
1 0.359	world	attractive	middle	chaos	planet	Earth	vast	majority	merciless	mortal
2 0.348	adult	aware	baklava	exploitate	suit	fine	private	hasitate	bureaucrat	Slavery
2 0.343	don	roof	happy	month	queue	riche	damage	love	pity	handsome
3 0.339	wealth	form	love	ability	versatile	enable	wisecrack	anti-selfishness	anti-wealth	misquote
4 0.331	pool	football	stockbroker	swimming	anxiety	write	fancy	swindle	West	profitt
 0.328	reach	struggle	skin	sake	she\/he	lastly	open	race	Don	undeniable
4 0.326	gambling	game	Lotto	gambler	american	dependance	gamble	hobby	firm	employee
3 0.301	great	Communism	infant	selfish	formulum	he\/she	impossibility	she\/he	unselfish	Theresa
1 0.295	pervert	discovery	prospects	medical	researcher	subsistence	bank	organize	sophisticated	Ivanovs
3 0.290	film	huge	information	untill	Devil	client	impunity	torture	arrange	push
 0.287	book	write	picture	Dreiser	author	Ruth	method	american	soul	talented
2 0.283	special	lot	steal	real	her\/his	she\/he	journalist	ignore	unequal	youth
4 0.276	War	World	responsable	Gipsies	egoism	blame	mask	dedicate	judaeo-christian	oog
4 0.267	war	pie	lump	money-pie	forgery	enormous	idea	sell-out	engulf	cream
 0.262	animal	moment	whale	species	wilderness	landscape	cosmetic	unwanted	continually	confront
2 0.261	job	well-off	confident	spite	owe	Argentina	exhibition	now-day	dexterity	gist
 0.256	bomb	August	Lindburg	Charles	police	train	blow	cash	victim	month
1 0.246	treasure	enter	reject	easily	legend	bury	ease	tempt	sorrowful	Moli
1 0.238	work	house	token	clothes	bake	loaf	model	establish	large	manufacture
 0.238	Mozart	Tretykov	Onasis	onasis	Raskolnikov	Chaykovsky	countess	proove	composer	compose
 0.225	element	Crusoe	exceed	important	Robinson	envy	opposition	explanation	set	analyze
2 0.223	video	holiday	Saddam	hold-up	ego	witness	impetus	covet	discomfort	criteria
2 0.219	scare	competition	small	aliate	wildlife	slimeball	ear	young	foam	quasi
3 0.217	pain	expectation	silver	golden	strength	hundred	probablity	carnal	temper	underrate
3 0.212	wont	atmosphere	tropical	refuse	connect	deforestation	prohibitive	plenty	recognize	blindly
3 0.208	f.i	competitive	lend	extortion	initiative	fairly	grass	job-hunting	bidder	jusice
2 0.208	boat	risky	escape	dress	specially	exploitation	Inmigration	inmigration	drug-dealer	uho
2 0.205	mone	utopy	corroborate	Fromm	pecunia	pecus	structure	England	reduce	null
1 0.202	regulate	solidarity	saty	Kuweit	Occidental	materialist	relationship	structure	indispensable	traditional
2 0.198	nature	quarrel	jealous	demolish	village	beginning	foot	stop	lear	beautif
2 0.186	method	marketing	legal	sector	stage	compell	manu	outstanding	endanger	uncontainable
5 0.183	jewish	privation	savings	invade	german	manage	Germany	knit	genocide	merchant
 0.182	oblige	Turkey	industry	native	bazaar	World	international	consiousness	superfluity	representant
3 0.177	arrest	worker	brutal	policeman	recognize	note	civilization	son	cruelty	hold
3 0.175	nice	hobby	ruthless	financially	cigarett	marridge	toady	Suchpeople	destro	putup
 0.172	dog	place	putt	park	sign	Ben	office	extremely	finder	OOO
2 0.172	type	medium	capitalism	investment	customer	symbol	instrument	View	autonomy	soil
1 0.170	calamity	story	sixth	destitution	Dostoevskiy	accomplish	vast	afliction	perpetration	ex-republic
2 0.160	statue	level	warm	power	classification	breakdown	hijacking	hungry	unconsciously	skill
2 0.158	powerless	Leeds	humanistic	successfull	fan	drink	victory	overdrunk	Aprial	entertaining
2 0.153	hen	peel	avarice	neighbor	treat	ball	finish	avaricious	indeterminated	entrance
1 0.143	Shaw	trust	spirit	Novak	profound	curse	comply	conform	account	ordinary
 0.141	someday	student	collie-dog	penny	boyfriend	effect	Anothe	unsecure	pane	alms
5 0.138	decembrist	boundless	deception	luxuriousness	indigent	destruct	Olympus	foretaste	Proverty	pround
2 0.137	barter	diversity	affluential	sizable	overgeneralization	protestant	preacher	digression	hare	prehistoric
1 0.134	s\/he	S\/he	mark	exchangable	instinction	Eating	HAV	EARN	celebration	predominant
3 0.133	independence	kinder	unmerciful	schedule	competitivity	motorbike	blond	chic	chinking	Maugham
 0.130	heaven	earthly	caveman	Narcomafia	patron	necessay	Mark	ecu	proudness	cavemen
2 0.126	disinterested	self-interested	percent	movement	monitor	physician	Scripture	Chaucer	pope	entity
4 0.105	bartering	trading	finally	gather	mitigate	non-profit	merchandise	smuggler	disability	fortunate
1 0.101	fire	survive	system	callous	trespasser	environs	Gahan	charakteristic	diferentiate	derveloped
3 0.098	f.e	pickpocket	tempt	unwisely	againthat	persont	sel-sufficient	thetre	primarly	moralize
 0.087	himm	Englishman	complete	sate	indispensably	neccesarily	finisht	motor	inesistence	inequlity
 0.070	qoutation	concomitant	invariable	Tverskaya	euro	Allworthy	foundling	Jones	presentation	excite
2 0.062	indifference	reality	HOMINI	rock	domesticated	serch	contentedly	appurtenance	greediness	mouse
2 0.054	indirectly	slaves-like	cave	roman	smile	exciting	dollar	minimum	treat	larger
1 0.041	classical	spirituality	sinusoid	greatness	critique	interior	favorite	savings	sponsor	prevail
2 0.024	dishonourable	stern	Matthew	gospel	trap	neglect	spiritually	salary	bring
 0.007	Schlemill	woman
 0.004	unrepent
 0.001

"Marx once said that religion was the opium of the masses. If he was alive at the end of the 20th century, he would replace religion with television"
1 26.486	people	watch	world	make	life	influence	time	important	good	day
5 22.906	television	people	religion	opium	mass	life	drug	Marx	show	live
4 21.479	watch	television	program	family	day	child	time	spend	sit	news
3 12.650	television	child	watch	time	program	parent	good	happen	end	adult
 12.124	thing	life	world	time	fact	give	live	make	part	question
5 11.877	television	program	set	time	nowadays	broadcast	channel	show	advertisement	popular
5 10.336	film	watch	friend	theater	lot	information	switch	program	cinema	read
5 9.398	religion	Marx	mass	opium	make	century	religious	alive	God	replace
5 9.082	television	information	media	viewer	question	make	program	show	effect	war
1 8.489	thing	mind	fact	point	interesting	screen	everyday	put	easy	phenomenon
5 8.340	thing	commercial	lot	soap	people	game	product	buy	program	show
3 5.059	film	life	screen	begin	problem	character	main	cartoon	art	book
 4.755	fact	happen	longer	tend	simply	attention	reality	scene	forget	regard
1 4.525	society	modern	aspect	social	important	year	negative	century	give	subject
 4.459	today	control	society	medium	negative	effect	state	purpose	side	education
2 4.352	rrb	lrb	means	play	screen	american	show	year	reduce	fight
4 3.831	political	power	culture	influence	situation	country	control	system	cultural	social
1 3.493	life	live	hero	man	experience	character	addict	young	popular	generation
2 3.418	child	anymore	communication	parent	reading	harmful	broadcast	effect	living	hobby
2 3.329	man	human	God	real	kill	ideal	agree	sort	Television	create
 3.085	money	lack	means	source	evil	past	attitude	lead	remain	suffer
1 3.075	turn	word	freedom	idea	moment	human	individual	thought	drug	man
5 2.654	Marx	mass	society	class	order	social	reality	theory	condition	choose
3 2.290	violence	drug	film	influence	violent	negative	behavior	positive	worry	eye
2 2.163	channel	public	election	party	control	advertisement	image	eye	vote	beautiful
 1.741	language	change	poor	start	force	afternoon	learn	horrible	World	War
3 1.373	video	screen	teach	put	twenty	rubbish	youngster	extreme	teacher	brainwash
3 1.167	computer	anymore	work	game	miss	e.g	depend	prove	advertisment	isolate
5 1.148	bold	Finland	Beautiful	average	tv-series	series	admit	hour	living-room	responsible
3 0.957	telly	addict	belong	order	homework	limit	experience	interrupt	speak	glue
 0.920	States	United	medium	react	catholic	advertiser	America	Dynasty	clean	hold
1 0.890	human	individual	educate	present	personality	population	longer	small	adopt	addictive
5 0.852	T.V	t.v	call	money	trash	him\/her	god	proof	sacrifice	care
2 0.773	sleep	pain	god	progress	future	consolation	addictive	ancient	modern	idol
 0.760	child	castle	fish	magic	beautiful	big	build	fantasy	stone	sand
3 0.721	truth	church	obey	s\/he	Religion	channel	sentence	woman	war	catholic
3 0.692	advertising	broadcasting	consumer	provide	technological	investigation	profitable	televisor	test	concept
2 0.655	parent	child	programm	violence	develop	strong	intellect	response	perceive	govern
1 0.648	press	button	ruler	conception	damage	pay	gesture	progressive	adolescent	superiority
3 0.608	network	class	opium	highly	electronic	remote	spare	mark	study	ruling
1 0.607	movie	issue	category	late	challenge	beat	Robinson	ground	prejudice	guy
2 0.588	school	hell	station	institution	decide	system	television-set	obey	abuse	career
5 0.588	Church	age	preach	law	certainty	promise	minister	tv-station	telecast	Divine
1 0.574	relaxation	concept	unknown	amuse	greatly	higher	spiritual	outlook	professional	sing
3 0.561	kick	twist	fight	christianity	finnish	nintendo	Music	coma	interview	generalize
5 0.532	spectator	journalist	instrument	tv-programme	crisis	massess	tv-news	indifferent	relieve	old-fashioned
 0.523	object	observe	potential	Nowdays	achieve	intelligence	record	surround	sector	widely
4 0.513	bread	circus	game	government	logical	virtuous	Romans	satisfied	emperor	troops
1 0.503	dull	communistic	ritual	heart	practice	resemblance	corrupt	check	touching	omniscient
1 0.482	don	maniac	ill	Ages	Middle	cathegory	seemingly	comunism	phone	surround
1 0.465	product	politic	great	tool	base	diffusion	spot	observe	spectator	link
1 0.463	tv-program	letter	selectively	roman	deceive	inevitably	involve	necessity	cultury	eternal
 0.438	body	animal	unreal	enrich	swallow	fault	agression	revolution	dialogue	complication
2 0.428	sort	distinction	misery	abuse	dull	bloody	fantasy	poverty	expense	programming
1 0.427	concern	lover	fulfil	today	stressed	hopeless	psychologically	depressed	fabulous	Tom
1 0.419	common	divorce	church	host	marriage	utterly	camera	thunderstorm	unshakeable	virtually
4 0.403	manipulate	chew	NOVA	Stallone	Damme	Neighbours	serie	Rushdie	Van	narrow
1 0.396	personality	sex	hemisphere	he\/she	dependency	Sport	mistaken	conduct	sort	himself\/herself
3 0.370	alienation	addiction	fail	notion	Allen	Panorama	predicament	eclecticism	Man	Woody
3 0.367	emit	obsession	excess	illness	engage	influe	detect	journal	pest	arrive
2 0.351	recent	candidate	technology	president	food	attribute	partially	conduct	means	tv-company
2 0.349	exert	entertain	blind	effect	exploit	refuge	leadership	inevitable	subdue	roughly
4 0.348	religion	sport	history	conflict	hockey	ice	club	team	oligarchy	fan
4 0.345	appliance	electrical	criminal	express	mania	programming	exceptional	ethic	ammount	rarity
2 0.341	person	consume	machine	guide	viewing	older	finality	stranger	earner	amony
3 0.339	tv-set	magazine	role	comic	sens	noisy	regarder	indoctrination	justified	sociological
5 0.316	serial	Hills	Beverly	Dallas	Boby	Pamela	Melrose	Place	junk	J.R
3 0.316	church	conspire	headset	sermon	gym	Sunday	vote	fill	week	train
3 0.315	channel	audience	field	interest	ambiguous	distract	activite	derivative	subjectivity	euphemism
 0.302	similarity	arrive	identity	finally	capacity	community	inside	unifying	breaking-up	transfer
5 0.301	wedding	news	event	schoolchildren	entertaining	arena	awareness	Media	sake	generally
 0.300	general	circle	vicious	interfere	assertion	universal	mere	vice-versa	caricatural	double-sided
 0.290	bias	dictator	men-in-power	activate	provoke	mere	occupy	war	military	arise
3 0.290	cognitive	NTV	traveller	financial	Sorokina	cinematograph	advertiser	infect	temptation	walk
 0.286	superstructure	capitalism	ideology	Revolution	element	manner	infrastructure	parallelism	Industrial	sector
3 0.270	flash	trick	authentic	overdose	well-informed	subliminal	delight	lull	antiquity	flattering
1 0.270	sensation	dear	aggressivness	phantasy	Saturday	bother	plant	Allo	flickering	forbid
1 0.267	fall	asleep	explain	reality-show	marvellous	catch	grief	nonsense	larger	develope
2 0.264	tale	position	hurry	exaggeration	Evening	Studio	Friedrich	venerate	superman	recommend
2 0.264	media	McLuhan	Marshall	established	purely	South	Vonnegut	Wildcott	buyer	Catholic
3 0.248	experiment	democratic	hold	soothe	Theatre	ban	epilepsy	contents	subconsciously	Japan
3 0.243	Americans	amusing	adolescent	sponsor	determinent	Magnus	Rambo	Ther	lizard	Leasure
3 0.226	ofcourse	world-view	till	otherwice	televisioon	lonelier	electricity	tv-star	somenthing	suspense
2 0.225	Religion	destroy	civilization	knowledge	creator	happiness	grief	equal	approach	demonstrate
1 0.213	Popper	democracy	village	environment	telematic	Wojtyla	Condry	liberal	immigration	licence
2 0.210	nuclear	cease	engine	award	uncover	unfortunatly	MAZDA	Gillete	NESTLE	DANONE
 0.206	murder	boom	lifestyle	original	double	Accumulator	dialect	nearer	degenerate	cat
 0.201	dominate	beginning	socio-cultural	newspaper	occidental	extreme	subyugate	concept	Ram	Pedro
 0.198	lesson	teaching	expenditure	school	demand	teacher	elasticity	pupil	educational	revenue
3 0.197	programm	american	portion	half	Hertz	non-stop	intrest	psychological	e-mail	multimedia
3 0.185	act	react	drowsy	injustice	ignorant	synthesis	appal	portray	stupidity	main
3 0.172	dentist	holiday	imaginary	sitcom	supernatural	iron	Jan	specific	appeal	tv-preacher
1 0.170	czech	couple	instructional	electronical	neverending	laziness	happier	eastern	adverising	clarity
3 0.164	progremme	skeleton	documentary	art	son	greasy	inhale	insidious	precise-few	Merry
2 0.162	laziness	passiv	middel	Ages	tribe	explanation	branch	ne-glecting	Vous	Arriv
2 0.146	stupefy	ancient	stupefied	container	organism	unscrupulous	weight	threaten	divinity	Oliver
2 0.144	Disney	associate	masonic	erotic	psyche	purpose	thriller	rock	fantasy	gesture
2 0.143	complaint	task	conservatism	uncritically	encroach	disparager	info-rmation	dosing	animation	theycannot
 0.135	Parliament	specific	serve	RTV	Svetlana	RTR	administration	society	Lumiere	Chubais
2 0.083	ladder	necessarily	Ortodos	setless	he\/she\/it	ressemble	sacrament	symbolically	phatic	Book

"Most University degrees are theoretical and do not prepare us for the real life. Do you agree or disagree?"
5 23.317	knowledge	student	university	make	education	life	theoretical	give	learn	work
4 11.615	people	study	university	job	find	time	graduate	year	young	country
5 6.436	university	practice	real	degree	theory	world	thing	matter	study	question
5 4.693	degree	real	world	university	ability	process	question	institution	exist	aspect
4 3.047	practical	theoretical	theory	problem	class	long	offer	reason	discover	essential
4 2.851	student	teacher	education	work	bulgarian	skill	lecture	general	receive	obtain
4 2.768	life	University	real	teach	lead	leave	live	business	mark	century
2 2.674	education	important	respect	depend	teach	pay	idea	instance	attention	key
4 1.965	system	opportunity	educational	lot	University	choice	world	english	professor	offer
3 1.508	experience	material	intellectual	create	information	back	personal	improve	reading	amount
2 1.481	man	world	human	science	time	easy	principle	idea	serve	talent
4 1.421	rrb	lrb	English	literature	american	philology	issue	culture	claim	American
4 1.411	main	encourage	graduation	read	brain	force	term	existence	examination	philosophy
4 1.393	society	profession	language	history	translator	translation	teacher	strong	easier	confront
2 1.075	professional	means	achieve	present	undoubtedly	fit	certificate	translate	profound	constantly
4 0.946	language	English	teacher	require	employer	colleague	produce	confident	speaker	department
2 0.847	demand	head	high	decision	teaching	market	qualification	irrelevant	sort	tutor
3 0.829	scientific	nature	research	sense	constant	rule	small	purely	enable	claim
1 0.602	money	equal	circle	bit	vicious	kind	intellect	self-confidence	driver	essence
1 0.501	truth	competition	achieve	critical	make	struggle	jungle	bother	harmony	greatly
3 0.485	field	sake	impractical	specialist	guarantee	speech	narrow	debate	medical	practicality
1 0.433	role	method	solve	inevitably	wall	develop	compulsory	service	Degree	indirectly
3 0.431	computer	Sofia	refer	compare	software	Technical	skilful	enjoy	hear	mathematical
4 0.410	skill	learning	communication	place	concept	culture	sound	include	broader	leadership
3 0.401	subject	author	greek	mission	economic	professionalist	understandable	ocean	bachelor-means	complitely
3 0.373	country	absolutely	reasoning	critically	advance	economical	analytical	devise	underlie	developed
 0.371	earn	range	society	flexible	initiative	open	taste	quest	scheme	youngster
1 0.339	academic	level	correspond	digress	Einstein	performance	popularity	so-called	logic	development
2 0.315	design	instruction	adapt	practically	widely	e.g	drop-out	syllabus	guidance	shoe
1 0.315	he\/she	his\/her	side	broad	publish	doctrine	topic	him\/her	mislead	prestige
2 0.304	image	ground	perception	solid	listen	s\/he	inspire	Education	him\/herself	Practice
 0.301	disadvantage	linguistic	strategy	numerous	cup	coffee	deep	afford	carry	well-acquainted
2 0.300	decent	Theory	quo	load	exercise	expert	brim	sake	largely	incapable
 0.253	ambitious	realisation	chaos	intend	newest	dangerous	organize	modern	specialise	working
2 0.251	computer	perform	literacy	description	count	case	candidate	acquaint	primarily	properly
 0.241	grow	dream	sound	confess	perceive	hero	fascinate	negligible	allude	unveil
3 0.227	school	and\/or	primary	guess	interview	ten	post-secondary	He\/she	interact	minister
 0.224	walk	dream	Dome	interpret	experienced	forget	responsobility	sophomore	understandingly	trashy
5 0.219	train	phd	postgraduate	fast-track	success	enrol	gymnasium	purposefulness	thnk	Universty
1 0.217	advanced	win	issue	cent	expose	halt	instruce	aptly	persuasively	spread-schools
3 0.206	phonology	sort	phonetics	robot	foster	every-day	kitchen	base	worn-out	decrepitude
2 0.206	reveal	project	continue	inside	print	imaginative	isolate	gauget	outfit	swerve
2 0.205	training	employer	catalogue	effort	immediately	picture	source	craft	Keneward	simile
3 0.203	poor	trend	cultivate	manual	weary	slaughter-house	tasteless	taxi-driver	non-intellectual	engross
3 0.191	sufficient	respective	dentist	specialise	certainty	error	desperately	raw	herb	thoretical
3 0.188	title	strange	philosophical	context	unintelligible	post	inferno	grind	etymology	better-prepared
3 0.187	kind	Plato	define	Academia	opposition	step	method	professionals-they	realium	verbal
 0.185	matter	feature	lesson	street	love	disapprove	respectable	honor	genuity	adivce
 0.183	fault	vary	frame	describe	efficiency	businessman	emphasize	dare	interrupt	substitute
1 0.180	textbook	unknown	hang	applicant	fashion	beseech	horison	despit	Fitzgerald	democratize
3 0.168	lack	Degrees	book-knowledge	combine	partly	wich	difficult	pronounciation	Literature	more-or-less
 0.167	dream	imagination	free	imaginative	meaning	generalised	mechanization	Science	describable	unburden
1 0.164	immemorial	whim	Ages	deeply	theocratic	Delphi	sedentary	proto-university	happenn	interlock
2 0.156	scholar	planning	integrate	inbetween	Phonology	clay	adult-participant	diplom	darwinian	decorate
 0.156	mature	leader	advise	investigator	rearrangement	dilemma	redundancy	trite	preliminatory	synchronize
1 0.155	swim	generalization	stupid	nice	wonderful	informatics	overenthusiastic	resul	workshop	smarter
1 0.154	literary	boy	balanced	style	endeavor	characteristic	territory	scholarly	lifeless	fax
 0.153	piece	grown-up	independent	bigger	painful	worst	sixty	studding	booking-clerk	didnot
1 0.151	house	maker	one-storied	geognosy	geology	cruise	phonetic	hypothetical	lifelong	grasp
1 0.151	creature	utilize	allegation	goods	secondary	notion	negative	celebrated	renowned	theacher
2 0.147	information	imagination	planet	amaze	surround	lern	determinant	semantics	notional	footing
3 0.146	technology	space	Architecture	identify	desease	calculate	approximation	pomising	leap	concequently
2 0.145	eat	industrialization	clash	rivulet	techno-world	nerve-racking	Programming	written	supernatural	extraordinary
 0.141	advice	practician	digression	contradiction	non-exhaustive	one-sidedly	interconnect	disturbing	Unfortunatelly	Coca-Cola
2 0.132	youth	vice	self-complacent	Stoicks	erudite	evidable	hard-working	enterprising	medal	collage
4 0.131	tend	numeracy	introduction	inexorably	stepping-stone	calculus	everyday-situation	theses	inapt	flounder
2 0.127	direction	harder	minimum	tine	apperently	cursory	seamy	theoretically-oriented	PRACTICE	diffential
2 0.123	enlightenment	versa	vice	gear	low-qualification	nullity	envigorate	gone-with-the-wind	posit	literate
3 0.122	program	worse	convincigly	intelletual	governing	everu	pottery	freshly-cut	unqualified	cucumber
 0.111	occasion	generally	modality	Fine	orally	uncooperative	Murphy	temporize	BBC	entangled
3 0.110	sad	scope	psychologically	successful	employment	self-promoting	siciety	enless	valueless	ever-changing
2 0.109	promote	policy	thrive	star	actally	advisory	promoter	Practical	seriousely	unstandard
1 0.104	basically	organ	minority	fairly	ridiculous	philosophically	Whichever	rustic	advisable	bleeding
3 0.103	share	Integrated	marxist	excitement	second-year	unessential	memoir	Ph.d	tuition	Commonwealth
2 0.101	reform	ago	form	formal	vacancy	would-be	teachers-shed	sping	half-heartedly	Bachelor
2 0.098	diligence	commercial	comprehend	professional	exhortation	sheepish	totter	influential	routine	obscure
 0.098	coleague	contraversal	slown	excelent	primal	accustom	ninety	assimilate	restrict	decrease
 0.097	revolution	nonsense	high-flying	avi	contemplation	artisan	unadulterated	upheval	side-track	abhor
2 0.097	swallow	apathy	surprising	over-demanding	weariness	plumber	Dostoevski	strengthen	overtime	vacation
1 0.097	threshold	legal	voice	hall	office	graft	jobbery	swot	ex-student	encyclopaedia
1 0.097	girl	predetermine	color	advice	reasonable	suggested	students-draw	theorem	sober	interaction
 0.096	underestimate	handle	tactful	downs	blunt	terrify	Oscar	cooperation	alas	alongside
1 0.095	Davis	pronunciation	England	gulf	apologetic	propo	dehypnotize	Lynch	Merril	impediment
 0.093	misery	announce	son	Ochridsky	incompetemce	Ottoman	Ohridsky	dangerously	sens	nervously
1 0.093	papers	unemployed	contact	unfavorable	Aversion	mote	free-market	committee	downtown	network
2 0.087	marketplace	rightest	lavatory	stroll	cleaning	low-paid	ruin	dish	wash	sell
2 0.084	sound	grade	speak	regret	sentence	fricative	phoneme	extracultural	rigorous	continious
3 0.084	examiner	rigorous	subjective	reward	Standards	induce	aptitude	catering	repulsive	mail
1 0.084	wider	lecture-hall	bereft	warrant	interest-wise	elicit	enaction	cornucopia	subscribe	parrot
2 0.078	record	amass	pharmacy	admission	editor	weave	vocabulary	Nature	brush	local
 0.073	unalterably	bodily	fabric	recommendable	stint	servitude	reshape	prime	significantly	daughter
1 0.073	tragic	matter-of-fact	pierian	rhyming	watchersthey	denude	zealotry	ridiculousness	fellow-teacher	programing
 0.071	audience	coveted	gallon	pollution	writing	nuance	elusive	nobility	acquaintance	synonymous
2 0.068	classroom	barrier	symbol	recluse-like	politology	Mathematics	comprehensive	stretch	kid	hostile
3 0.053	impart	poignant	tuch	schoolday	attendance	flaunt	happiest	arrest	luck	summary
3 0.036	teamwork	inter-cultural	reasearch	rigidly	upgrade	higher-education	communicative	politely	absent	nationality
1 0.031	film	higher-education	interdependent	entry	score
 0.029	boston-the	competitor	Bulgarians	tangible	hidden	impose	define
 0.025	formula	infection	adjacent	drama
 0.011	esteem	destination

"Most university degrees are theoretical and do not prepare students for the real world. They are therefore of very little value"
5 26.146	world	real	student	degree	study	theoretical	university	learn	knowledge	time
4 22.180	university	degree	people	job	good	work	find	thing	lot	year
5 18.704	university	life	give	make	learn	prepare	teach	knowledge	thing	question
5 15.609	student	real	practice	prepare	reason	teacher	problem	world	time	school
5 15.319	work	practical	theory	thing	time	company	experience	put	student	skill
5 12.403	teacher	teach	school	teaching	practice	experience	subject	situation	method	problem
5 11.597	university	graduate	ability	experience	knowledge	fact	job	work	find	young
5 10.943	university	student	problem	people	give	person	result	real	life	world
5 9.875	student	subject	practical	prepare	practice	theory	part	theoretical	study	teaching
1 8.841	society	point	idea	view	field	situation	develop	human	development	fact
3 7.934	university	degree	future	place	business	opinion	matter	offer	hold	higher
5 7.429	knowledge	education	theoretical	field	apply	develop	learning	importance	skill	lack
2 6.207	education	country	system	educate	Turkey	time	quality	government	wrong	talk
2 4.986	year	language	foreign	English	find	order	literature	subject	suppose	fact
4 4.690	people	academic	training	reason	acquire	higher	skill	receive	big	power
5 3.956	college	work	education	year	teacher	week	school	norwegian	child	suppose
5 3.898	student	University	study	computer	assignment	finish	expose	management	technikon	qualification
5 3.787	theoretical	practical	life	society	demand	base	field	scientific	major	research
5 3.673	lesson	department	information	learn	don	graduate	condition	life	importance	teacher
5 3.401	study	University	degree	experience	case	obtain	order	practice	possibility	interview
1 2.500	rrb	lrb	hope	employer	highest	creative	confront	happy	office	predict
3 2.462	education	system	educational	profession	state	connect	change	present	level	importance
5 1.972	education	science	study	great	humanities	medicine	institution	question	philosopher	specialization
3 1.846	study	number	subject	increase	art	large	syllabus	structure	instance	master
3 1.838	professional	leave	career	depend	begin	type	application	formation	period	institution
4 1.667	life	live	area	therotical	family	scholar	attitude	side	meaning	include
5 1.523	university	University	student	technikon	high	black	class	experience	dont	recognize
2 1.498	ability	society	score	play	major	China	examination	word	school	holder
3 1.481	don	university	people	information	person	doesn	english	step	teach	profession
4 1.440	language	English	speak	faculty	opportunity	native	grammar	speaker	area	prep
5 1.262	Africa	South	science	Nursing	standard	Technikons	Practical	handle	employment	nurse
 1.259	country	place	family	economical	consequence	poor	factor	search	cultural	benefit
3 1.160	development	develop	person	science	technology	culture	Education	change	energy	technical
2 1.121	his\/her	he\/she	side	totally	Practical	him\/her	debate	farmer	refer	demonstrate
2 1.041	book	textbook	simple	term	draw	answer	television	past	personally	video
4 0.978	learner	interested	placement	translation	stress	lecturer	lecture	obe	translate	goverment
4 0.974	training	period	student	factory	perform	undergo	behave	area	traditional	internship
 0.955	important	understand	law	italian	terminology	Italy	investigation	experiment	legal	element
5 0.755	knowledge	don	theorietical	memorize	job	feel	educational	period	adopt	project
1 0.750	abroad	stay	newspaper	wait	month	apprenticeship	Spain	claim	personal	time
 0.674	amount	huge	choice	active	natural	concerned	greater	propose	project	manual
1 0.592	school	realize	talk	art	body	czech	grammar	man	american	personality
1 0.581	international	language	summer	learn	States	United	Economics	communicate	condition	Learning
2 0.571	applicant	social	quality	sector	flexibility	employer	adaptability	gift	selection	flexible
4 0.544	gain	skill	curriculum	philosophy	activity	asset	analytical	e.g	policy	library
 0.503	awareness	belief	individual	conviction	forum	freedom	source	economic	formal	societal
2 0.485	title	diploma	argument	sentence	beginner	preference	convince	deepen	enrich	resume
1 0.436	company	man	competition	dare	postgraduate	fierce	phenomenon	century	fit	talented
1 0.431	e.g	offer	affect	external	gskole	e.i	semester	factory	busy	dangerous
5 0.423	lab	interest	machine	repair	profession	theory-based	chance	recognize	experiment	science
3 0.422	visa	engineer	success	machine	versa	vice	fore	rule	unschooled	recite
2 0.418	percent	humanistic	discover	community	technical	recycle	office	continue	Liceo	Polytechnic
1 0.413	design	vocational	unexpected	plan	poorly	organization	micro	session	concentration	profit
1 0.408	COURSES	method	PLACES	OPEN	PRACTICAL	STANDARD	REQUIRED	ECONOMY	COUNTRY	PEOPLE
1 0.407	information	mark	effectively	bring	mind	save	lose	empty	instructor	probationary
2 0.400	equipment	radio	program	private	campus	State	theratical	broadcast	camera	fifty
2 0.397	task	School	evaluation	mature	identity	successfully	load	philosophical	underestimate	amount
3 0.396	citizen	repair	color	success	western	college	mend	dad	attain	frustrated
1 0.394	Health	familiar	workplace	government	positon	fold	Animal	Problem	dig	industry
2 0.393	government	Technikon	vacant	relevant	sponsor	Product	traine	Degrees	implement	Gross
2 0.377	money	Russia	publish	liberal	polytechnic	essencial	linguist	strike	promote	tax
2 0.374	exam	theoretic	stuff	mag	cand	convert	HOBU	grunnfag	evaluate	page
2 0.370	child	success	parent	adducation	aspiration	real	generation	workful	decission	wether
4 0.351	Business	enterprise	business	Administration	Faculty	Art	Faculties	Medicine	Jane	secretary
1 0.345	person	turkish	occur	answer	instrument	search	clothes	Pedagogic	shouldn	stair
2 0.338	understand	coperate	Trenpennaar	medicene	generalize	abstract	Semi	encarrage	exame	injoy
1 0.332	sphere	information	highly	programm	recieve	universal	narrow	developement	secretary	device
1 0.326	create	achieve	monk	Middle	oppose	policy-maker	methodology	monastery	Latin	richer
2 0.316	cope	fellow	stick	knowledge	resist	Academic	encorporate	BED	deadwood	assesment
2 0.315	view	graduator	expectation	skilfull	construct	truth	big	list	criticise	domain
1 0.314	salary	animal	platinum	commitee	peole	cow	knowlege	poverty	ground	magazine
 0.294	message	prevent	decorate	visually	flexible	passage	fruit	childhood	path	World
4 0.283	enhancement	unpractical	primary	large	high-pay	holder	undergraduate	morden	masterwork	mid-night
 0.282	director	colorful	completely	silent	duration	Claus	Santa	enjoyable	minute	logical
4 0.281	unemployed	distinction	ignorant	ignorance	hah	brighter	white	window	semi-qualified	sacrete
3 0.273	grade	computer	plant	input	insect	accounting	calculate	build	Aykut	theorical
1 0.267	love	fund	root	Moscow	foundational	luh	literary	satisfied	eat	indispensible
2 0.262	abroad	technician	holiday	assimilate	earth	craft	practitioner	savings	magazine	rightly
1 0.252	undergraduate	share	journey	spare	Guangdong	convention	product	Roma	abest	non-scientific
3 0.249	varsity	hire	technicall	loan	bank	manipulative	emidiately	suet	aply	nowerday
4 0.241	technicon	college	practicer	province	technicer	Technicon	govermental	sree	crest	productional
 0.241	logically	friendship	dish	systematically	narrow	brain	life-if	washing-up	equipment-for	erect
3 0.230	economics	philological	philology	bookish	journalism	optional	blackboard	Bossche	luc	Pedagogics
1 0.229	universety	cann	glass	substitute	lection	grand	drop	exent	Chopin	Paradise
 0.226	choice	hotel	fassion	decigning	cous	couse	register	chansell	awere	blayme
 0.220	step	extract	emptiness	ancient	inclination	auditorium	passively	Moon	supplementary	nuanced
 0.214	stupid	proporcionate	develop	cut	excelent	loving	sexual	facility	whome	conection
 0.208	feature	supply	introduction	campany	grammer	clock	eventhough	becouse	meeting	Avustralia
 0.207	till	hobby	contrary	evening	non-cultural	deserve	lazily	illuminate	aim-getting	littlle
1 0.204	expand	money	thousand	licenciate	confusion	overgeneralized	hint	expectancy	facility	commonest
2 0.204	totally	run	schooling	graduate	Adana	marathon	stair	portion	attain	upliftment
4 0.184	branch	unvaluable	theoritical	experimentation	Sciences	virtue	prove	acquistion	Natural	speculate
4 0.151	positive	long	entry	forward	diploma	expert	ambition	successfuly	unimployment	teoretical
 0.144	guarentee	ivory	tower	adult	hhow	utilitarian	overanxious	promble	independ	lease
 0.128	Prague	Open	population	bedroom	shower	hostel	beginning	long	Mgr	audio-visual
1 0.125	pile	sensitiveness	costomer	candicate	appliance	feasible	foward	foget	disavantage	unvierstiy
1 0.093	KORKMAZ	sceince	prudently	universty	existential	unfold	judicious	tip	scrutinize	external
3 0.085	pedagogist	iinformation	studysome	missunderstanding	instend	assn	cire	studier	low-ranking	high-ranking
 0.073	fistfight	kown	behaviourist	handpick	hand-in	Telemark	bloody	excess	noisy	grip
2 0.039	Englis	comperhansive	higher-educated	ownership	speed	renewal	district

"Poverty is the cause of the HIV/AIDS epidemic in Africa."
5 37.516	people	poverty	money	make	child	aid	thing	die	live	job
5 29.148	Africa	poverty	hiv\/aids	people	african	poor	epidemic	lack	continent	due
5 23.993	money	disease	people	sex	hiv\/aids	poverty	end	lead	affect	body
1 12.505	family	man	find	sleep	woman	home	leave	girl	care	end
5 12.320	hiv\/aids	Africa	poverty	desease	epidemic	people	thing	year	country	cure
2 10.853	child	school	disease	parent	end	sell	family	pay	life	give
5 10.755	sex	condom	woman	hiv	man	positive	virus	reason	result	partner
2 9.472	people	area	rural	government	educate	Aids	education	lack	teach	prevent
3 9.121	money	man	poor	aid	order	thing	end	involve	love	affect
 9.067	job	work	people	goverment	create	sell	life	dont	start	make
5 8.380	poverty	rate	Africa	HIV\/Aids	prostitute	increase	South	decrease	high	main
5 8.361	country	problem	prostitution	african	hiv	standard	economy	result	health	aid
5 6.559	disease	virus	aid	person	hiv	blood	AIDS	intercourse	Hiv	call
5 5.492	poor	food	place	eat	rich	afford	expensive	government	stay	doctor
5 4.466	infect	infected	death	infection	experience	young	show	human	sexual	statistics
2 4.092	girl	young	practice	time	age	teenager	earn	Aids	choice	healthy
4 3.418	people	information	AIDS	medical	danger	ignorance	awareness	read	continent	radio
5 2.245	drug	abuse	Hiv\/Aids	infect	needle	sexually	thier	moment	share	youth
2 2.215	epidemic	resource	woman	social	South	impact	economic	factor	private	Botswana
2 1.578	body	fight	skill	weak	attack	incurable	survive	show	atleast	brother
2 1.548	worker	rrb	lrb	Poverty	mine	migrant	law	gender	ignorance	belief
 1.371	rrb	lrb	daily	alphabet	slavery	tough	land	provision	bore	busy
3 1.165	Aids	teacher	power	real	death	quality	ubstain	virus	Malawi	violence
2 0.885	drug	alcohol	fail	discover	payment	debate	lord	fly	personal	vital
1 0.774	dont	prison	inform	rape	end-up	toilet	inmate	clean	rights	threat
 0.756	night	club	choose	sister	brother	station	hear	client	hike	Reaserch
1 0.719	nation	School	wont	contract	age	bussiness	past	employee	root	sign
3 0.673	poorer	live	centre	informal	settlement	lifestyle	immoral	deasese	stranger	test
3 0.668	becouse	infection	danger	read	sextual	peope	greater	partner	write	friend
1 0.666	world	western	war	wich	National	finally	term	sustain	ussually	hiv-aid
2 0.649	disea	condomise	street	themselve	selve	increa	men	waist	behave	prevent
2 0.636	hiv\/aid	service	water	medical	continue	time	shebeen	compete	head	leisure
1 0.634	male	female	decide	alot	luck	greedy	theft	unbecoming	knowingly	sexworker
1 0.630	hiv	traditional	flesh	razor	knowledge	blade	healer	equipment	juncy	black
 0.627	business	bread	stomach	good	choose	divorce	manage	effect	empty	excuse
1 0.595	disaster	President	earth	condomising	Thabo	cattle	God	promise	rrb	suburb
3 0.575	aids\/hiv	cruel	wife	place	unprotected	case	AIDS\/HIV	tomorrow	employer	spreat
 0.546	trade	needy	tax	daughter	purchase	gap	assume	America	heath	Thatswhy
2 0.532	civil	Food	blood	soldier	cell	search	wound	combine	fighting	govt
 0.488	population	illiteracy	specifically	factor	improve	access	focus	enviromental	apartheid	balance
2 0.486	provide	starvation	product	highest	educational	facillity	reality	intercouse	finish	counselling
 0.480	illeterate	innocent	popular	mood	accord	thad	Gorvement	mension	cliche	prolong
1 0.468	growth	black	expose	unemployment	ependemic	contributary	empower	potential	structure	apedemic
1 0.459	drought	indirectly	leader	tribal	meal	influence	expirence	escalate	ruling	tool
2 0.449	Nkosi	Johnson	virgin	sturborn	record	wear	endless	all-over	prevant	now-days
2 0.437	bring	flood	Aid	loan	settle	fifty	increa	affected	silence	parental
3 0.418	community	unsafe	rent	empoveriched	requirement	finish	angle	manner	race	chlothe
1 0.408	land	sustain	crop	background	historical	measure	contruct	deminish	initiation	speed
2 0.405	love	morality	mind	porverty	control	demand	outcome	disadvantaged	joy	greed
1 0.403	he\/she	avoid	manufacture	sore	township	pain	him\/she	dificiency	careful	Provincial
1 0.385	prostitude	put	daily	spoonfeed	wont	faster	hire	tammy	idealess	created\/you
3 0.375	epidermic	customer	prostitute	chain	agency	meantime	variety	priority	syphill	underhand
2 0.369	alive	beleive	teenager	sterilize	handsome	Continent	inffect	Ladies	addict	Countries
3 0.354	unemployement	puverty	pendemic	accomodation	certizen	inverst	distance	walk	court	cerinche
 0.347	dreadful	youngster	matric	slim	man\/woman	college	function	devour	boyfriend\/girlfriend	parentless
1 0.341	familly	village	mantain	migration	Childre	package	Electricity	explain	incuruble	threatn
3 0.341	program	bussiness	company	pharmaceutical	sake	spending	globalisation	t.v	colonialism	still-growing
1 0.339	low	struggle	expierence	leader	everytime	fast	dignified	leadership	rights	custioniry
1 0.317	sexual	sense	learning	nature	adequate	inreturn	ministry	deliver	advocate	behave
 0.313	sector	household	resort	mode	relief	vast	Bill	mechanism	double	recent
1 0.312	production	master	wages	childre	investor	pose	persuade	rare	income	reasonable
 0.310	pupil	infacted	highly	gorvenment	bath	honor	experct	relocation	hiv-positive	tenager
2 0.308	language	apartheid	marraige	maid	legalise	christian	english	abstanance	inadiquate	contributory
 0.306	province	advertisment	constitution	period	relinguish	situate	Blacks	advertising	west	perception
2 0.306	intercause	generation	fatherless	runaway	motherless	scarcity	change	inrich	unfaithfullness	tus
3 0.292	african	fee	study	envolve	registration	finance	Organisation	picture	clear	mney
 0.291	belief	religious	knoledge	customary	redeploy	refugee	helpless	minute	feeding	handedly
4 0.281	affort	present	recieve	price	communication	epindemic	windspread	problem	Duce	carryout
 0.276	travel	driver	truk	untill	widow	stereotyped	track	rame	dosch	carscat
3 0.270	false	olden	less-fortunate	instruct	reckless	atlest	bissuness	prosititution	sociaty	tramitted
1 0.269	laziness	room	crop	govenment	dustbin	chidren	climax	seminar	dengerous	distination
2 0.267	fortunate	H.I.V	capital	ridden	fuel	kick	vain	sugar-daddy	transmited	advitisement
1 0.266	tourist	seak	sanitation	arrive	attraction	interested	Francistown	trailor	lorry	Thut
 0.256	listen	him\/her	issue	ment	taxi	restotation	truthly	neumonium	cannat	curerable
1 0.253	smart	personnel	front	pretty	kruger	hairstyle	t-blood	barber-shop	samdf	overpopulate
3 0.253	contracting	South-Africa	conquer	descision	Prostetution	retrenchment	index	clothing	boss	Quality
 0.250	commercial	belong	artist	movie	peer	lastly	cut	rest	hate	forestence
1 0.246	farm	year	farmer	cousin	estimate	healthy	appeal	prosittute	briliant	Crazy
5 0.242	public	consequence	rationing	affordability	urgently	aged	cost-effective	vulnerable	target	group
4 0.238	disadvantaged	remote	purvety	negative	resource	ebolum	encarage	shart	havenot	alocating
4 0.234	Kenya	alliviate	illitrate	incourage	rampant	theirselve	hapharzardly	protitute	immunedeficiency	comsuption
3 0.218	definately	dagga	Namibia	incureable	Paul	pity	harship	obediency	disloyality	uninfectect
3 0.212	define	dehumizing	Product	recreational	gross	adi	night-club	pandemix	gurdian	problem\/health
2 0.203	creation	alleviation	syringe	contry	introduction	whilt	re-pay	assertise	uplift	disadvange
4 0.198	selling	ern	self-respect	threatening	mentality	over-respect	AFrica	hiv\/and	Tarvens	obout
3 0.197	effective	operation	torrist	prize	Guinea	checkup	illtrate	intrument	sterilasation	forgeting
 0.191	colonise	colonialism	nomere	decea	unfeeted	peeple	vert	egonorance	onther	Settlers
 0.181	determine	calamity	overcrowding	daily	hemisphere	technological	canno	inhence	clinick	Bogwera
3 0.174	V\/AIDS	H.I	flood	shutter	divorced	v\/aids	portable	mammy	daddies\/mammies	continous
3 0.172	mankind	diasease	Chemicals	Psalms	prioritis	steme	infectious	syphilis	verily	two-to-twelve
 0.167	malicious	unlawfully	grind	lock	style	eventually	exumple	AQUIRED	sitting	backstreet
4 0.153	act	availabilty	sensetively	pre-used	syringes	un-used	allso	accur	similaraly	intwin
4 0.109	North	A.Z	hiv-negative	drug-abuser	syphylli	Gonorrhoea	Abstain	suite	lag	Eastern
4 0.107	suffere	painfull	pathway	prostitutional	Warrenfort	patiently	irrespective	snatch	native
3 0.099	respectful	obstaining	unpriveledged	revisible	privitise	Hiv\/AIDS	ather	unproductive	symptom	cloud
1 0.092	installiation	minimise	claid	anderstand	relationsh	famitrye	proffession	startling	Radio	brothel
1 0.081	beca-use	continant	Aldep	sand	dark	cloth	progress	doctor
3 0.065	Alot	Prostetutes	instake	seriaus	unemplayed	disasterous	heat	team	wake	insist
 0.046	Boys	erode	occasion	sorrow	character
1 0.018	biological	detail	strongly

"Some people say that in our modern world, dominated by science and technology and industrialisation, there is no longer a place for dreaming and imagination. What is your opinion?"
5 51.277	imagination	science	world	life	technology	human	time	man	give	industrialization
1 40.239	people	fact	problem	point	question	give	place	view	answer	matter
5 38.832	dream	life	people	time	world	modern	society	work	live	find
5 38.759	dream	people	world	thing	imagination	live	imagine	place	make	life
4 26.261	dream	imagination	technology	make	today	science	future	thing	year	change
3 25.719	dream	life	world	feel	make	part	hope	human	man	find
1 24.144	people	time	thing	live	work	life	lot	money	happy	talk
5 23.408	imagination	art	create	music	idea	mind	artist	image	film	century
4 22.500	child	play	television	watch	read	game	book	time	make	story
5 22.209	human	make	imagination	machine	computer	technological	progress	technology	product	mind
5 19.981	technology	world	modern	science	industrialisation	place	people	longer	dominate	dream
2 14.810	people	life	make	lose	sense	development	change	society	great	culture
3 7.429	technology	year	space	century	planet	progress	side	discover	car	invent
4 6.426	man	nature	aim	industrial	lead	destroy	production	progress	living	general
2 6.117	man	century	realize	power	progress	possibility	mind	importance	interest	system
3 6.047	technology	computer	time	science	good	opinion	word	bad	essay	hand
 5.818	rrb	lrb	speak	history	action	break	position	affair	spread	recognize
2 5.815	time	nature	thought	beauty	romantic	learn	subject	idea	depend	begin
5 5.789	computer	internet	information	telephone	device	phone	communication	develop	communicate	year
3 5.300	activity	technical	human	form	image	number	imaginative	mental	basis	stimulate
2 5.027	thing	machine	advance	simple	start	high	great	technological	inside	completely
5 4.856	mind	creative	creation	experience	touch	book	object	spirit	existence	distinguish
4 4.532	sky	feel	fly	kill	body	learn	air	run	faster	freedom
3 4.494	time	technology	job	man	order	spend	spare	appliance	faster	invent
2 3.757	ability	experience	opportunity	higher	level	influence	open	knowledge	education	creative
4 3.671	form	thinking	today	rational	creativity	provide	emotion	mental	emotional	deal
4 3.671	book	read	fiction	writer	literature	write	lose	word	robot	thousand
2 3.581	society	creative	western	kind	exploit	call	competition	matter	tradition	include
2 3.447	age	material	machine	comfort	happiness	circle	wake	mountain	remote	stick
4 2.894	technological	development	scientific	advancement	argument	decline	necessarily	inborn	obsession	wild
5 2.841	scientist	theory	God	Vinci	discovery	Leonardo	Einstein	Renaissance	phenomenon	big
1 2.584	century	revolution	turn	improvement	twentieth	improve	role	consequence	philosopher	Industrial
4 2.113	person	brain	information	creativity	individual	institution	capacity	thought	prove	trust
2 1.988	society	important	negative	reflection	profit	progress	capacity	individual	industralisation	object
1 1.577	work	person	constantly	activity	extremely	duty	preoccupy	adventure	businessman	emphasize
2 1.568	language	lrb	rrb	intelligence	understand	case	relate	fear	Nature	mankind
2 1.352	drug	story	desire	consciousness	change	ordinary	imaginative	Moon	unusual	quote
 1.212	country	nation	Europe	government	outer	tradition	nationality	loss	rural	town
1 1.181	young	begin	study	girl	secondary	latest	marry	handsome	gentle	exert
3 1.115	invention	inventor	invent	green	feature	lazy	isolation	facility	fire	rule
2 1.097	question	weapon	answer	culture	bomb	western	ambition	potential	visionary	picture
1 1.091	world	red	existence	matter	live	head	place	person	brown	bird
3 1.084	progress	humanity	event	war	welfare	creator	application	country	occur	bomb
5 1.083	Verne	Jules	technical	submarine	Moon	step	engineering	utopian	environment	hundred
1 1.079	don	today	King	doesn	peace	Luther	guess	video-game	Robert	Martin
1 1.075	afraid	fear	drive	instinct	humankind	natural	fire	balloon	breath	survival
3 1.001	century	numerous	law	manufacturer	productive	technique	apple	mathematician	enterprise	physicist
2 0.919	job	industry	impact	due	qualify	unemployment	rate	school	crime	industriliasation
4 0.918	virtual	reality	begin	submit	faster	progression	xxth	remarkable	continuous	three-dimensional
1 0.907	city	air	earth	water	country	drink	damage	advantage	ozone	spiritually
1 0.866	culture	mass	opium	television	communicate	danger	contribute	duty	spectator	audience
1 0.859	category	population	designer	psychic	easily	scope	leisure	large	adolescent	thirdly
4 0.853	area	park	jurassic	virtual	technic	paper	landscape	movie	humanbeing	dinosaur
5 0.853	period	poet	romantic	speak	country	creativity	Wordsworth	transcend	Plato	medieval
1 0.820	desert	lack	share	island	lonely	recreate	impersonal	Crusoe	Robinson	garden
2 0.806	industry	girl	real	study	teenager	simulative	student	ocean	proper	energy
5 0.793	glance	cleaner	microwave	scale	dishwasher	vacuum	oven	meal	cook	forest
2 0.791	practical	theoretical	university	emotional	attend	professional	basis	asian	foundation	engage
2 0.786	fantasize	private	sentence	object	water	atmosphere	Modern	memory	render	distant
3 0.769	God	internet	bank	advanced	scientist	light	area	message	town	visit
1 0.756	his\/her	he\/she	continue	him\/her	association	immeasurable	inexplicable	piece	net	MTV
1 0.747	faster	speed	grand	travel	exquisite	debate	successfully	overwhelming	attribute	command
1 0.721	business	religion	stir	beautiful	worship	teach	fable	organize	spread	carriage
4 0.635	technique	routine	illusion	Lennon	John	racional	mena	individuality	join	motivate
2 0.629	traffic	jam	dad	mum	dinner	dress	finally	frecuently	Disney	subway
1 0.610	information	dustbin	broadcast	worship	seed	Television	visitor	minute	entire	easily
5 0.595	reaction	superstition	Surrealists	labyrinth	life-style	destruction	full	tenacity	Icarius	omnipotence
1 0.587	mountain	longing	warm	press	tv-set	cottage	burnt-out	impractical	workaholic	shock
2 0.580	baby	carry	activity	music	western	family	alternative	internet	arena	examine
3 0.576	rein	refuge	impression	leisure	safely	capture	endless	habit	rejoice	rumble
 0.564	economic	american	organization	Americans	States	United	community	imbalance	economics	traditionally
5 0.540	technic	ingenious	helpless	Santa	application	clash	eventually	Claus	magical	spring
2 0.519	dreamer	definition	xxth	English	dictionary	Dictionary	unreality	crude	traditionalist	synonym
3 0.495	idea	demo	realization	fine	ski	deep-rooted	metal	liar	variability	winged
3 0.493	technical	vision	Thoreau	civil	Meyer	nurture	Henry	David	dangerous	reaming
4 0.489	fancy	capacity	game	proper	fantastic	Fancy	Bulgarians	psyche	advertise	UFO
 0.486	talent	ambition	genius	addition	manipulate	Hobbes	Calvin	Alva	planning	tragedy
1 0.481	bench	wander	steady	park	flow	crab	interhuman	bike	bud	stubborn
5 0.463	story-teller	Hook	teller	feather	Jones	son	leave	fabricate	Black	industialisation
1 0.437	race	violent	brain	walnut	warning	detrimental	conventionalism	liven	lazier	re-establish
3 0.434	industrialization	simply	astronomy	mouse	challenge	evil	technocratic	blacksmith	uninspired	Giordano
2 0.428	river	childhood	Mississippi	Clemens	demage	writing	cow	matrix	ergo	tint
1 0.422	reason	Church	machine	reformation	christian	term	true	Galileo	publish	Bible
4 0.414	alpha	decorate	infinity	Shelley	Mary	beta	sell	innerworld	Hughes	Langston
5 0.414	Scince	doctor	dustrialisation	main	Icar	Dedal	adream	scince	Infact	airplane
 0.372	disappointment	poison	killing	forecast	excess	vehicle	buzz	conceivable	artistic	rain
2 0.368	matter	adult	Fulghum	partialy	constrictor	boa	princ	Dante	Saint-Exup	Antoine
3 0.356	perfect	make-believe	thrust	exit	fairytale	relish	box-office	incite	contentment	subsequently
4 0.338	myth	computor	mythology	path	Pirsig	tired	earth	initiation	weariness	rite
 0.335	inequality	color	segregation	orientation	injustice	insignificant	sexual	sexuality	skin	institution
1 0.331	love	jealousy	sleep	Valeria	software	corporation	wake	cousin	question	Jose
 0.323	excuse	wife	primitive	husband	discouragement	vigorous	hazard	blatant	homework	detective
4 0.321	neighbor	dioxide	thechnology	countryside	skim	structure	ice-cap	Chernobyl	self-destruction	Jean
1 0.312	beauty	evening	hair	contradictory	firm	bullshit	coward	expirience	persuation	acheive
4 0.296	colorful	uncompromising	elation	colder	aura	silently	affection	brand	prospect	miraculous
2 0.293	glass	attain	telecommunication	software	youth	cheaper	enunciation	Graffix	Digital	manmade
5 0.281	hero	setting	genre	emergence	intelligence	d&d	unforeseeable	ridge	comic	sunset
 0.269	intention	bar	past	admit	yes\/no	realy	indian	unit	respect	suggestion
5 0.263	cubist	compose	Sonia	Delaunay	dancer	judo	Giselle	theatergoer	Nuriev	Rudolf
3 0.240	bit	world	mudmixture	coil	surreality	smallist	math	drop	brother	theory

"South African soccer players should be paid more to ensure that they play in South Africa"
5 36.678	player	play	country	pay	soccer	money	South	Africa	south	african
4 4.580	soccer	sport	talent	benefit	life	important	live	government	effort	man
5 1.642	football	good	association	cup	talented	Player	South-Africa	hero	opinion	rate
 1.583	international	due	release	base	top	great	locally	heart	bread	seek
2 1.369	team	national	view	CAF	FIFA	back-bone	ply	rugby	conclude	map
2 1.269	lrb	rrb	recognize	Bafana	fan	Kaizer	rich	Chiefs	mention	cricket
2 1.051	country	depend	Players	spot	hear	inside	member	tie	correctly	successful
3 0.909	club	game	consideration	attend	footbal	yesteryear	April	Chiefs	finance	energy
1 0.821	love	people	S.A	happy	return	boy	expect	attention	present	sake
3 0.776	playing	career	lead	injure	future	tax	insurance	discuss	issue	raise
4 0.772	team	match	hand	result	cup	leage	log	friend	religation	lager
5 0.736	squad	force	Bafana	fish	wages	Benni	Mark	Siyabonga	Masinga	John
2 0.716	team	rand	sell	union	solution	peanut	PSL	kill	run	inflation
 0.698	job	stop	generation	popular	school	safa	unable	alot	president	personally
5 0.676	SAFA	African	National	Association	squad	Football	Squad	Premier	loyalty	Club
1 0.650	young	deserve	number	nation	currency	continue	forget	easly	drug	hardwork
3 0.644	salary	reward	performance	offer	strive	lastly	feed	knowledge	bigger	reasonable
2 0.608	good	encourage	Soccer	blame	food	influence	SOCCER	bulky	conseque	Rhadebe
 0.535	local	enjoy	meet	parent	entertain	plan	climate	valuable	objective\/aim	Rothman
1 0.535	foreign	quality	wont	perform	insure	pride	master	greater	Pele	thirty
2 0.511	amount	africa	lekoelea	forget	deny	Fifa	totaly	Steve	swallow	people
4 0.454	earn	huge	match	role	counterpart	assist	deliver	american	manage	likes
 0.453	thousand	ten	individual	apply	run	fill	expire	percent	refuse	choice
4 0.447	standard	management	sponsorship	true	high	equally	refereeing	life-time	protection	invesment
1 0.444	sponsor	company	accident	education	unifier	bestow	Beer	squat	season	expectancy
1 0.436	promise	pocket	bit	minister	worker	Team	travel	give	everytime	prefer
3 0.434	training	house	physical	aid	medical	Brazil	accomodation	clothes	Food	fitness
1 0.426	supporter	tend	higher	boss	explore	satisfied	die	hot	major	carreer
1 0.425	change	struggle	code	child	insentive	Sono	lobby	adapt	regularly	expensive
1 0.416	people	love	brother	owner	destroy	flame	allocate	instrument	youth	motivation
5 0.380	south-african	europian	South-Africa	couch	car	drive	luxurious	foot-ball	Ronaldo	season
 0.366	style	move	easy	cash	language	behavior	adopt	Lekoelea	wherether	leasure
 0.352	accept	commit	young	courage	Daniel	pack	moral	advantageous	trial	serior
 0.348	chance	green	bore	highly	strong	break	possibili	convidence	seun	natesh
 0.342	official	safa	prove	opportunity	fair	administration	lower	fullest	correct	grounds
 0.329	loose	show	include	life	forward	horse	act	danging	Bualwa	Sundown
1 0.324	famous	understand	fact	mistake	fame	pressure	check	sad	expose	sabrewery
1 0.320	dont	satisfy	month	chief	leader	decide	unfair	kaizer	respond	concerned
5 0.317	Lucas	Radebe	longer	issue	Hans	Sports	sea	goalkeeper	Fortune	fodge
4 0.314	contract	extra	retire	finish	rely	agent	prevent	enrich	pasture	treat
 0.310	bring	part	clothing	greenar	pule	Polen	tourn	reconsile	oportunity	countryman
2 0.296	government	foreigner	inorder	potential	access	succeed	select	destroy	entartain	increment
1 0.293	Pirates	Sundowns	claim	lure	turn	fee	recently	ago	referrence	urgue
4 0.289	overseas	waste	underpayment	referee	appliance	waist	equipment	suppost	contructive	youg
5 0.284	role	model	Modau	Vonk	Shaun	conclude	Bartlett	fail	educati-on	Andre
1 0.280	sum	Safa	mind	opt	hundred	Nomvete	rent	position	pple	refresh
1 0.278	interest	ball	run	serve	shoe	capacity	kick	outcome	no-matter-what	staill
3 0.277	country	lady	surport	Banyana	competion	compit	status	male	avoidable	Mameledi
2 0.275	spirit	apartheid	agree	Play	market	Jomo	object	paster	outfit	favored
5 0.275	million	deal	manager	Infact	book	Beirut	birthdate	soccerplayer	Denis	Pierre
4 0.272	sign	contract	clearence	difficult	Mkhalele	Helman	train	fight	rehabilation	precausionery
2 0.267	payment	realize	arrange	glory	attract	continet	led	dundee	england	thereof
1 0.265	train	director	system	prison	committee	outdate	increase	punish	commit	require
4 0.263	loss	rule	administrator	fund	financial	greedy	Zidane	unscrup-ulously	organisational	scold
1 0.258	public	price	head	essay	dedication	prisoner	kneat	assosiation	Siyabonge	convienance
3 0.253	Sport	short	educate	real	sundow	Pirats	chear	endup	Cup	fend
 0.232	process	line	upgrade	political	mother	clear	Wake	ostuacised	Becham	colar
1 0.229	background	condition	product	situation	recreation	excellently	bother	pecks-ten	eunthasiasm	Khumalo
 0.223	criminal	challenge	craft	rehabilitation	murder	society	Bucks	ladys	caree	behingd
2 0.216	street	youngster	bafana	lucky	MTN	Vodacom	bear	Diski	Pemier	AFRICAN
3 0.213	star	rainbow	earnings	wonderful	qualification	contribution	tomorow	nine-ting	host-ing	LEAGUE
4 0.206	sport	Rugby	beatiful	black	color	proffessional	Telkom	samething	avthletic	wich
 0.197	drop	send	great	vanish	Brian	Ace	Board	ambassador	Mahlangu	concertrate
1 0.197	footballer	commitment	obligation	fraternity	imperative	plough	woman	dstv	accuracy	interven
1 0.195	respective	Zuma	exposure	reliable	anythi-ng	Lota	lekker	scorer	Delroy	Sovver
2 0.195	teach	free	source	center	ovesea	stadiom	Maximum	Lekolea	attire	unanswered
2 0.184	goal	score	anymore	Macarthy	routine	reluctant	perfect	hear	media	lazy
1 0.180	activity	aquire	uneerstor	indivedual	witin	perfermance	perpertual	journey	workplace	generous
1 0.179	determination	Peele	pour	retain	basically	raw	manangment	vogacom	espescially	Tinkier
3 0.178	happen	skillfull	tournament	unite	becide	effert	Alpha	Ngconde	hassle	infront
 0.176	concern	basic	long	sacrafice	ecceptable	complan	co-operative	abadonned	whereever	pump
4 0.172	bank	flair	deduct	stipulate	improvement	recoginise	coutery	striker	Nomvethe	Siyabonga
1 0.170	build	people	motel	restaurant	hostel	employ	green-pasture	fly-away	soccur	developmental
2 0.166	Issa	Doctor	Lebanon	nomoney	woudnt	temselve	concened	Therefor	Kumalo	Nonvete
2 0.164	footballing	handsomely	Standard	Cup	register	competent	University	aquintant	Matric	Mamelodi
2 0.162	side	cigarrete	contry	partion	S.A.S	Castle	barning	dearest	separated	advert
 0.161	body	doctor	uplift	infrastructure	swimming	cleaner	skip	hotel	ground	separate
2 0.161	circle	excel	exist	precision	exercise	check-book	entreprenual	spectactor	Renaissance	shore
1 0.158	discipline	count	confidence	committee	curb	behave	prevelige	Jabu	sanction	begger
2 0.155	favorite	sundown	futer	refereing	Sean	attetion	bum	bench	equivalent	exciting
1 0.149	thier	foree	homeland	disappear	Mosweu	pament	aveil	dependency	unknown	misery
3 0.147	Soccer	promote	defunct	gardenman	Champion	accredit	Institutions	breadwinner	capability	rare
2 0.146	guy	Europeans	percentange	Premier	desperatily	realy	bankrupt	smoke	early	break
3 0.138	division	England	abovementioned	rolmodel	otherin	particuler	Instant	thipa	Amabokoboko	jiffy
3 0.134	contact	sit	scout	remuneration	proffessionally	townhouse	CONTINENT	consoda	counterpath	expoture
2 0.129	nation	authority	paper	culture	re-admission	F.C	Nelson	nasty	asian	definately
 0.125	certisfy	Leeds	focus	certify	county	agreement	suite	School	comit	shock
2 0.122	sponser	Black	township	loyal	black	upfront	telecom	readmit	Mecca	permmision
1 0.115	Europe	selector	youngste	MCcathy	Philemon	selection	transport	worldwide	transition	food
 0.102	disadvantage	environment	disagree	needed	Arendse	Baloyi	dignified	modify	happiness	equip
2 0.101	dollar	injection	relative	SouthAfrican	ouside	Ali	refreshing	taboo	rehabilitate	plenty
 0.077	minimum	Guliet	up-and-down	Ajax	Cement	Haus	Shoes	passion	Eric	tomorrow
 0.076	nut	pea	distressed	disability	invite	disabled	extent	teenager	handle
1 0.074	uncall	Manchester	eddition	river	misuse	test	distant	suitable	economist	result
 0.071	psl	spark	DOCTOR	comeback	Classic	Tembisa	before\/after	out-side	Jerry	assistant
1 0.071	healing	TeenageBladla	Invistment	emense	uproof	generative	rejoice	harmony	fast	mature
2 0.068	Moeti	coverage	televecion	lambast	tremendously	discourage	weekend	slavery	complain	insist
3 0.066	prize	assume	manangeress	Fethumba	malpractise	South-African	urgent
 0.064	choosen	concious	beauty	predominant	encouraging	doom	identity	runner	final
 0.033	Pienaar	coordinator	neighborhood	humble	italian

"Television is the opium of the masses in modern society. Discuss."
5 27.161	people	television	program	watch	life	information	make	good	world	opium
5 19.723	television	society	people	modern	lot	mass	program	opium	time	bring
3 12.857	watch	time	child	program	spend	home	thing	bad	sit	find
5 1.118	love	main	story	soap	escape	rubbish	addition	actor	face	understand
2 0.806	human	modem	body	notice	impact	gradually	open	earn	single	reach
2 0.748	violent	Kong	Hong	scene	drama	parent	obvious	base	close	wait
1 0.628	grow	favorite	special	treat	city	dangerous	fashion	daytime	dish	hero
3 0.606	goods	household	customer	power	sport	promotion	Olympic	usage	frequently	States
 0.543	radio	magazine	great	newspaper	classmate	aural	content	term	visible	delicious
4 0.515	week	attack	neglect	addiction	drug	necessity	relaxing	story	remote	worst
2 0.496	opium	modem	inactivity	high	Chinese	review	psychologist	chronic	patient	add
4 0.493	youth	play	fight	character	outdoor	ignore	thought	amuse	affection	advertising
2 0.493	internet	style	businessman	BBC	english	similar	amusement	contrary	complaint	transportation
1 0.451	education	kid	advertising	teach	factor	man	reshape	cool	mark	baby
1 0.444	brain	lower	true	process	hope	release	region	sens	pattern	content
2 0.426	drug	understand	educational	positive	reduce	aspirin	user	mater	memory	custom
4 0.423	business	consumer	meaning	station	service	advertising	standard	quantity	stimulate	enterprise
2 0.411	radiation	contact	surely	performance	occupy	percent	relate	magic	pleasure	short-sighted
2 0.410	set	derease	key	light	watery	episode	rude	slowly	adventage	dereasing
3 0.405	hour	average	disease	overweight	obesity	unhappy	smaller	snack	depressed	advance
1 0.395	pain	spread	poppy	primary	husband	hear	area	run	gangdom	flower
 0.394	teenager	social	economy	message	successful	ten	mental	conflict	force	handle
3 0.386	audience	claim	station	scenery	incident	presence	terrorism	production	duty	craetion
 0.382	method	sight	truth	vision	broaden	enlarge	biggest	responsible	book	issue
 0.380	nature	design	sale	disagree	fill	widely	bored	extremely	afford	rich
 0.378	sex	absorb	enter	public	America	advise	student	theirselve	attend	motivation
1 0.377	develop	waste	spread	limit	wear	knowledge	teach	describe	progrmme	proportionally
5 0.375	reality	plot	actress	date	addiction	category	model	extend	suffer	exciting
 0.354	waste	today	sense	argue	lure	teenage	ban	isolate	nature	refuse
3 0.343	viewer	weather	worry	stress	complain	forecast	stock	account	suggest	standard
 0.309	judge	wide	arrive	fresh	till	miss	middle	air	ridiculous	high-technology
3 0.305	addictive	poison	cost	switch	agent	deliver	inevitable	moment	equip	fatness
 0.299	member	youngster	wallow	table	flop	Family	blessing	indifferent	tempt	evening
 0.295	visit	topic	desire	final	stay	introduce	fierce	skip	trip	surprise
 0.293	medium	update	controversial	analysis	evening	majority	promise	silly	wash	convince
2 0.292	mentally	healthy	contribute	lock	period	electronic	merit	demerit	keen	electric
1 0.289	copy	start	producer	cheat	decide	audien	compete	victim	murderer	emotion
 0.284	enjoyable	housewife	opportunity	field	evidence	car	behave	house-society	disadvantag	relaxly
1 0.283	policy	depend	lazier	nomatter	frist	previous	search	smaller	guy	politician
2 0.273	cinema	late	save	Xiao	uncomfortable	theater	correctly	cater	mouth	practice
 0.256	era	select	send	Wang	o'clock	familiar	additional	occasionally	member	favorable
 0.248	hear	inform	contents	cover	unreal	voice	wall	culture	schedule	noise
1 0.230	electrical	soup	participate	exam	premature	repeat	prize	rape	private	zip
2 0.230	live	famous	plane	skill	enternment	parsent	techology	scream	cooking	british
5 0.212	Channel	popularity	addicting	advert	appealing	system	encouragement	original	TV-broadcast	radicalization
1 0.209	state	arouse	weaker	appliance	prepare	potential	solution	dispensable	carton	overtaken
 0.209	ability	worry	Yanzi	presentation	spiritual	hang	resort	artist	irresistibly	mave
1 0.208	supper	traffic	entertament	indoors	effort	accident	undispensable	near-sighted	compair	unnessesally
1 0.208	teleplay	fat	bachelorette	abstention	convirenit	Nicotine	fries	proform	Garden	Falling
 0.205	creativity	eager	aware	fully	measure	impractical	imange	Live	encomy	unawares
2 0.202	access	transmit	seek	physically	bbc	exceedingly	alsways	Sky	abbreviation	TIME
3 0.202	series	relieve	operation	characteristic	ideal	seed	routine	relief	collapse	anesthesia
3 0.201	midnight	neighbor	hundred	girlfriend	favor	game	promotional	cooking-related	inspect	videotape
1 0.196	mind	image	seductive	flight	existence	Forster	Lethe	scientially	evanescent	atrophy
3 0.195	lose	communication	require	response	pronography	voilence	distraction	relay	legitimize	compulsive
2 0.190	smoker	tear	clear	idle	working-class	introduction	invente	that-opium	deep-heartedly	colorfulness
2 0.182	image	death	sort	flat	neurological	eyeshot	fabricate	self-indulgent	leap	inattentive
1 0.181	guidance	informative	instil	importantly	evil	non-communicative	self-isolated	x-man	redeeming	bombare
 0.176	black	white	rapid	research	high	textbook	grandmother	comparasion	quailty	multimedia
2 0.175	fatter	fan	snack	rate	office	immerse	timely	endanger	extraordinarily	fantastic
2 0.172	free	issue	admittedly	mature	attuide	seemingly	tv-lover	memorable	pander	metropolis
2 0.170	aspect	proper	crowded	necessarily	gather	influencee	erotisism	dynasty	pornographic	empire
1 0.166	affect	luxury	active	food	sensibly	Cup	Educational	supervision	fitting	plate
2 0.163	attitude	imagination	correct	potentially	youth	dvd	freer	management	warning	article
3 0.161	million	advertiser	oneself	argument	rob	early	controller	laughingl	humourous	buyer
 0.158	manufacturer	separate	importance	specially	political	ecnomic	expression	Hai	equitment	irqic
1 0.155	restriction	surroundings	resist	fiction	inside	differentia	phoenix	qing	refresh	jam
 0.155	brand	progress	fail	substantial	investment	acidhead	infest	Lite	waster	washing-machine
2 0.141	put	bill	selt-decipline	aye	eel	jus	eyes-drop	poem	activite	borrow
2 0.139	press	button	undoubtedly	fairly	year-old	affair	poor-quality	inappropriately	praiseworthy	occasion
3 0.136	instant	heath	build	propagation	wearer	insructive	covenience	televesion	sociey	mordern
1 0.131	film	cheer	Moscow	eye	suprising	humen	Games	metal	deliberately	observe
 0.131	feeling	pretty	Unsweet	glowing	vcd	potent	bard	confusing	reptile	contaminate
2 0.129	slave	awareness	judgement	stick	relative	project	unquestioning	imformation	massese	output
3 0.124	character	addictive	slow-witted	Hemisphere	x-ray	meal	World	fulfill	Anesthesia	engross
 0.122	Iraq	working	write	nation	pampas	mimic	Trade	lovely	daydream	tape
 0.117	pose	severe	quick	persent	lag	revenue	foul	learner	unreal	toll
1 0.113	research	scientific	price	financial	Iraqis	undulate	log	overestimate	disseminate	transmitter
1 0.109	leave	idiot	formulum	soul	Dialogue	Chairman	innocentce	imiate	charater	memorize
 0.105	favorite	alike	shop	aius	Services	extricate	powerlessness	bitter	concerned	comer
2 0.101	conductive	consciousness	engae	inteletual	ignor	WTO	Advertising	lovely	undermine	integral
1 0.095	campain	presidential	totally	adventiage	asistant	persudd	affected	decency	sink	invite
2 0.094	sexual	restaurant	politic	popularisation	angry	restrict	magazine	alcohol	Government	rapid
4 0.090	watching	educator	boy	promiscuity	harmly	vioilence	overeating	Princess	hemisphere	speech
4 0.089	indirectly	scence	ITV	hopelessly	opium-like	respects	exciting	travels	viewpoint	imply
2 0.087	logical	position	subtlely	critism	faint	internet	kink	celebrity	address	outdoors
2 0.087	depression	arise	flavoring	shamefully	favorable	hotly	self-controlling	pilferage	anxiety	depressing
1 0.075	warm	meaningless	mislay	popularization	handsome	trifle	coming	divorce	understanding	plant
2 0.069	grade	harmne	aslo	lonley	beacuse	amuze	circuit	asleep	don	ill
1 0.069	distance	profit-oriented	brocasting	Leifeng	Yun	Chong	radioactive	failure	appearance	material
3 0.062	multi-choice	Transformers	ninja	immoderately	celebration	disappointed	arrest	approximately	moral	perform
4 0.057	election	aim	Joy	Opium	desirous	enchant	pipe	plenty	probable
3 0.052	myopic	fast-pace	secondarily	recreation	affirmative	trace	bait	purchase	ominous	primarily
 0.043	unsettled	embedded	modifying	comic	foresee	time-consuming	heed	element
3 0.042	boredom	loniness	silmming	uncessarily	tailor	flirt	Entertainment	ironically	deter	kiss
2 0.039	Departments	programme	Diana	Education	bound	dislike	President	eastern
1 0.037	convey	withdrawal	always-popular	yearly	Satellite	engineer
 0.028	bubble	yesterday	strike	drink
2 0.022	Series	symptom	discern
1 0.008	phychologically

"The prison system is outdated. No civilized society should punish its criminals: it should rehabilitate them"
5 33.900	prison	system	prisoner	society	problem	make	time	work	change	year
5 25.058	criminal	prison	punish	rehabilitate	person	give	crime	make	thing	life
4 15.165	people	society	criminal	law	life	live	hand	human	release	kind
5 14.704	criminal	crime	punishment	rehabilitation	commit	people	imprisonment	country	today	state
 9.537	person	problem	child	point	good	case	turn	word	world	question
4 8.828	people	jail	money	prisoner	commit	work	good	community	deal	job
5 7.589	crime	people	commit	system	punishment	society	criminal	punish	victim	innocent
4 6.139	social	criminality	century	moral	increase	violence	delinquent	method	public	period
2 6.119	prison	money	free	child	release	rape	rate	high	government	end
4 5.617	criminal	rehabilitation	society	person	back	imprison	play	work	teacher	mental
5 4.313	offender	sentence	offence	imprisonment	send	service	proper	lead	environment	fine
1 4.198	rrb	lrb	young	opinion	special	rape	attention	forget	psychological	good
5 3.283	death	penalty	country	sentence	murder	convict	year	change	civilised	abolish
4 2.307	man	year	change	murder	kill	murderer	punishment	control	relative	code
1 1.622	kind	woman	penal	population	teenager	relation	Spain	structure	great	introduce
2 1.186	punishment	capital	question	country	Russia	russian	influence	impossible	discuss	principle
1 1.036	he\/she	wrong	him\/her	anger	his\/her	understand	pain	expert	she\/he	aggressive
3 1.033	community	back	convict	offence	accept	educate	sexual	african	south	privatisation
2 0.954	rights	kid	Rehabilitation	conduct	constitution	maniac	tought	guarantee	application	generation
4 0.948	police	child	parent	force	week	evidence	mercy	arrest	crimal	member
4 0.862	drug	program	group	addict	raper	ex-convict	notorious	bar	extreme	objective
5 0.795	convict	category	show	prejudice	security	confinement	solitary	interview	thirty	first-timer
2 0.679	warden	sport	youth	fellow	head	pastor	misbehave	invite	themself	relax
2 0.627	case	overpopulation	resolve	limited	Nilsen	legally	violence	repression	atrocity	plenty
5 0.605	civilised	humane	morality	idealistic	emotion	verdict	method	characteristic	lower	encrease
1 0.600	service	war	military	personnel	Belgium	army	unhappy	mile	shooting	invest
2 0.581	system	period	prisioner	order	visit	physical	eighteen	liberty	France	oblige
 0.576	aspect	government	land	notion	assist	story	officer	talent	league	Dean
2 0.547	inmate	lose	affair	bed	Norway	ex-inmate	gorvenment	ofcourse	supposedly	essay
 0.531	man	husband	wife	court	Belgium	net	model	Avel	Cain	envy
2 0.493	male	female	mother	confine	assimilate	tribe	U.S	family	power	becase
2 0.469	project	training	camp	perfect	her\/his	prision	urban	success	suffering	medicine
1 0.444	factor	earn	borrow	business	Bosch	counsellor	helpless	official	corp	contraband
4 0.437	eradicate	girl	alive	exercution	murdere	scientist	excellent	concsience	individually	grown-up
1 0.430	define	consultation	definition	user	conviction	associate	Opportunities	Kerava	vocational	comprehensive
1 0.423	mankind	alcohol	Sweden	sensor	global	reputation	utopia	Jesulin	meeting	restricted
3 0.423	hope	disease	evil	body	woman	felon	parole	Modern	miracle	quest
4 0.418	rapist	illness	mad	robber	imposible	psychopath	rehabitate	superficial	askance	hatch
4 0.396	aim	penitentiary	warder	rehabilitation	guess	unable	misery	custom	suffering	socially
5 0.390	chair	unpunished	bail	civic	humane	electric	radical	religion	degradation	inprisonment
1 0.389	matter	member	automatically	brutal	impact	revisit	conspiracy	imprisoment	rebuild	lend
2 0.371	body	forgive	point	writer	room	monster	black	illustration	surface	composition
1 0.348	abide	centre	craft	proof	nervous	past-time	integrally	SOCIETY	Devon	art-works
2 0.346	sell	car	generation	completely	ten-year-old	monster	rebellious	AIDS	drug-abuse	prostitute
2 0.344	finally	patient	necessarily	convention	similarly	oppress	rehabilitative	incarcerate	coincide	stack
3 0.344	goverment	belive	doings	intentionally	inprisment	rehabilitatio	CASO	juvinille	ovease	probaly
3 0.339	violate	norm	mine	encouragement	caring	emerge	recieve	instruction	gradation	withous
3 0.338	Goverment	liberal	acceptance	hungry	repend	rehab	juvinile	conjest	tolerate	posibility
1 0.326	quantity	opponent	cancel	partly	european	abolition	opportunity	socialist	humanism	Council
5 0.311	penitentiary	complaint	traffic	provoke	conviction	licens	castigation	fulfilment	repay	alarming
5 0.311	sphere	Criminal	execution	Code	execute	abrogation	clause	abrogate	formation	state
2 0.304	cruelty	Bible	prolong	famous	movie	dead	severe	line	savagery	Hollywood
2 0.294	negative	doer	round	House	dispute	underate	homo-sexuality	puish	punise	verbaly
1 0.286	issue	media	reveal	efficient	corruption	half	skilled	fist	Policy	socialum
1 0.281	walk	republic	infested	contrast	south-africa	factory	sudden	respectable	differense	community-system
4 0.280	punishment	drug	recognize	relapse	isolation	alcohol	youngster	delay	fortnight	hashish
 0.259	blanket	desease	i.e	elder	avail	warm	uniform	transmit	congestion	Evenmore
2 0.248	program	private	reintegration	whitin	reintegrate	prson	Corporation	Corrections	funtional	element
5 0.247	innocent	rehabiliation	safer	justice	cought	rehabiliate	insane	difference	tax	conclution
2 0.244	russian	scheme	alcoholism	swedish	Mafia	drinker	humanbeing	commercial	fraud	illness
1 0.238	pattern	sympathetic	aim	magister	inflation	acute	disability	forgery	emotional	overwhelming
2 0.234	immoral	birth	fun	accomplish	hero	obligatory	microbe	defensiveless	agress	educational-institution
 0.227	end	lover	pride	lawless	Romans	copy	intense	love	TV-set	condtion
3 0.224	programm	penintentiary	subsequent	altogether	ex-delinquent	reoffend	passion	rot	revise	accompany
4 0.219	widely	defender	lawful	graver	preventative	prime	rampant	probable	hasnt	committet
3 0.217	experiment	flemish	worker	punishment	violently	welfare	compensate	regurlary	registrated	themselbe
1 0.217	building	retribution	design	weakness	justify	resider	upholstry	now-a-day	rebuilding	half-a-dozen
 0.214	bitter	effective	invent	re-educating	naturally	expiation	disputable	aimless	him\/herself	definite
4 0.204	drug-addict	disease	allready	Netherlands	start	spend	jugde	drug-sale	REHAB	self-inflicted
3 0.199	corrupt	Rousseau	s\/he	sector	reluctant	isntitution	softening	exconvict	crimial	Montesquieu
2 0.187	bieng	inprison	caurse	incorporet	Tere	Psychiatrists	She\/He	resert	ventilate	inflitrate
1 0.186	disorder	arbitration	messy	top	exhange	electrify	reprieve	treaten	resettlement	deportation
 0.178	recreate	organ	leopard	tougher	remake	re-build	intension	unintentional	doubtless	devil
 0.172	scheme	deed	artist	fucility	fruitfull	flog	pers-on	registured	human-nature	privete
2 0.163	disappoint	widespread	homeless	cultural	west	torture	resemble	Denmark	papist	bunk
1 0.158	conscience	similar	arguement	game	comfert	honerstly	discotheque	pragmaticly	selfeducation	qestion
2 0.154	reinsert	certitude	undermine	fruit	surverly	gurgement	penalization	miscarriage	insertion	epilepsy
1 0.153	themselve	fox	flesh	choose	lomiarz	mollycoddle	imprescriptible	murderous	attension	pond
1 0.152	sad	wear	cook	arrive	dress	stronger	suoopse	pickpocketing	overcrouded	Phemida
5 0.150	addit	insane	drugproblem	therapist	outdate	home\/house	parricide	uncontrolled	insert	embezzle
2 0.150	incarceration	incarcerate	desperately	progressively	sake	renew	makesthe	talkin	anarchism	straightaway
5 0.149	offence	theseday	overfull	offender	present-day	computer	factor	criminals\/offenders	money-oriented	underage
3 0.144	sanction	franc	detainee	attention	exobitant	Melchior	favourably	dupe	yound	junkie
1 0.133	integral	compliment	mayority	situate	demostrate	terrorism	shole	Miguel	Tabula	EEUU
3 0.131	prestigeous	prick	prison	opinion	cally	psychologus	delinquence	unvoluntary	ubnormal	vendetta
3 0.108	ople	ged	sepa	supposing	atonement	enga	penetentiary	appolling	Inprisonment	instance,death-penalty
2 0.108	readapt	medium	school-like	April	personnality	everyday-life	disturbing	humanistic	dependance	receptive
2 0.101	mediation	wastern	normall	pshychologically	ecocide	optimistically	rail	two-year-old	punishine	disciplinary
1 0.099	wheel	forbearance	Burke	Clough	mance	harshness	Edmund	mode	Thou	novelist
4 0.093	wether	ready	law-obiding	Freedom	unprofitable	valuble	non-criminal	reformetry	violator	ongoing
3 0.089	journalist	bare	non-suspended	indictable	cannibal	inadmissable	psychiatry	publisize	float	boat
3 0.089	ill-treat	puperty	athough	slut	cristian	coherrently	humon	unhumanly	beneficiary	tuberculosis
2 0.084	descent	stuff	disobey	blend	bachelor	outrageous	narcotic	joint	U.S
 0.059	proposal	confident	electioneering	notsupported	subhuman	appropiate	wander	unpopular	continue	developed
1 0.043	acord	maltreat	capasity	baffle	handbag	bird	omnipresent	honestly	mess	prestige
1 0.042	manure	fellow-criminal	allI	Benthams	tertiary	tax-payer	plan
2 0.031	aggressiveness	inquire	peddler	detoxification	withdrawal	dose	examine	husband
 0.027	unauthorized	distributor	heve	italian	apparatus
 0.000
 0.000
 